time,numerical_ux,numerical_uy,analytical_ux,analytical_uy
0,0,0,0,0
9.9999999999999995e-08,0,0,4.7455255774772671e-13,1.1992755732222069e-23
1.9999999999999999e-07,0,0,9.3410099612705979e-13,1.5832388386145484e-21
2.9999999999999999e-07,0,0,1.3642840239244837e-12,2.676522646417644e-20
3.9999999999999998e-07,0,0,1.7519951190030133e-12,1.9754181401501684e-19
4.9999999999999998e-07,0,0,2.0859342248678888e-12,9.2393303206106e-19
5.9999999999999997e-07,0,0,2.3570728300281145e-12,3.233143590158656e-18
6.9999999999999997e-07,1.9056420164942342e-236,1.9057041920896362e-236,2.5590103464998957e-12,9.2481465395876153e-18
7.9999999999999996e-07,4.8473662831862479e-225,4.8478753750180738e-225,2.6882050852039893e-12,2.2796275316254057e-17
9.0000000000000007e-07,2.2628782611395444e-216,2.2633011829335169e-216,2.7440693300099576e-12,5.0099544197562483e-17
9.9999999999999995e-07,3.5925107117804583e-209,3.5935100511893874e-209,2.7289247318064689e-12,1.0047169400666341e-16
1.1000000000000001e-06,6.0262087248769245e-203,6.0284913403585703e-203,2.6478211412729955e-12,1.8692575826843073e-16
1.1999999999999999e-06,1.9550008564821646e-197,1.9559561423622096e-197,2.5082287347235228e-12,3.2658290829156472e-16
1.3e-06,1.7811714882829562e-192,1.7822538143294693e-192,2.319619520248464e-12,5.4077059503301491e-16
1.3999999999999999e-06,5.8580204598153435e-188,5.8623302965643456e-188,2.0929597357908092e-12,8.5470740340019197e-16
1.5e-06,8.3190362848154138e-184,8.3262965602539414e-184,1.8401389933135115e-12,1.2966936061092318e-15
1.5999999999999999e-06,5.8286160657114701e-180,5.8345529567832118e-180,1.5733650682240381e-12,1.8967595564949034e-15
1.7e-06,2.2321189919390281e-176,2.2347375558672037e-176,1.304554828863959e-12,2.684766762706935e-15
1.8000000000000001e-06,5.0651518444998894e-173,5.0719201815436108e-173,1.0447518679659812e-12,3.688007544066777e-15
1.9e-06,7.2677226650131372e-170,7.2786810389320993e-170,8.0359993367326639e-13,4.9284014653121356e-15
1.9999999999999999e-06,6.9536974660472894e-167,6.9654329067061164e-167,5.8889833346012521e-13,6.4194405398155643e-15
2.1000000000000002e-06,4.6366417637318418e-164,4.6453383393333625e-164,4.0626125056170127e-13,8.1630820916296104e-15
2.2000000000000001e-06,2.2359462109565172e-161,2.2405780658147721e-161,2.588975765908325e-13,1.0146825467224284e-14
2.3e-06,8.0475444575901214e-159,8.0658545908982106e-159,1.4752169717601211e-13,1.2341232658792618e-14
2.3999999999999999e-06,2.2209188971078443e-156,2.2264413140388236e-156,7.0398977300339588e-14,1.4698157658200091e-14
2.5000000000000002e-06,4.8106424696653255e-154,4.823656471712245e-154,2.3522815727582406e-14,1.7149936160970242e-14
2.6000000000000001e-06,8.3464024749393027e-152,8.3708671403763274e-152,9.1341737325566923e-16,1.9609751304713073e-14
2.7e-06,1.1807483966641932e-149,1.18448436473078e-149,-4.9777880180707242e-15,2.1973335147594814e-14
2.7999999999999999e-06,1.3835642498369264e-147,1.3882735552916642e-147,-2.7795670944919298e-15,2.4122091860258217e-14
2.9000000000000002e-06,1.3616775408083305e-145,1.3666476360367013e-145,-1.6539570979558672e-15,2.5927637791218832e-14
3.0000000000000001e-06,1.1396525170740999e-143,1.1441000387496662e-143,-1.0719832113932207e-14,2.7257655003039445e-14
3.1e-06,8.2019855681518705e-142,8.236115174762512e-142,-3.8477366168123486e-14,2.7982850198333931e-14
3.1999999999999999e-06,5.1268581424785369e-140,5.1495474286326907e-140,-9.2263823549028234e-14,2.7984710721943985e-14
3.3000000000000002e-06,2.8085581972592929e-138,2.8217459649297092e-138,-1.777695881105739e-13,2.716365872864865e-14
3.4000000000000001e-06,1.3594403583597134e-136,1.3661979277154474e-136,-2.9864034992221072e-13,2.5447130838801216e-14
3.4999999999999999e-06,5.8573686674793989e-135,5.8881265371488137e-135,-4.5618704971831391e-13,2.2797063277110191e-14
3.6000000000000003e-06,2.2617607992840177e-133,2.2742822794090425e-133,-6.4921975085982354e-13,1.9216241476122866e-14
3.7000000000000002e-06,7.8754711323672368e-132,7.9213506728311593e-132,-8.7401533517477094e-13,1.4752989582947003e-14
3.8e-06,2.4868669986554797e-130,2.502084690774895e-130,-1.1244221167202906e-12,9.5037245981482473e-15
3.8999999999999999e-06,7.1587281699931e-129,7.2046632251661955e-129,-1.3920974758936788e-12,3.6129865614985109e-15
3.9999999999999998e-06,1.8875982184181435e-127,1.9002783385826719e-127,-1.6668677893551564e-12,-2.7293242737797532e-15
4.0999999999999997e-06,4.5792781093088321e-126,4.611432589883415e-126,-1.9371936087567595e-12,-9.2936253595499024e-15
4.2000000000000004e-06,1.0263087779460456e-124,1.0338303341062242e-124,-2.190717547228913e-12,-1.5819196153947605e-14
4.3000000000000003e-06,2.1330590882718135e-123,2.1493520171679864e-123,-2.4148679464619399e-12,-2.2025361430549482e-14
4.4000000000000002e-06,4.1257666272278093e-122,4.1585666234394417e-122,-2.5974883418211292e-12,-2.7624900981428316e-14
4.5000000000000001e-06,7.450926080097978e-121,7.5124978150539385e-121,-2.7274611783611394e-12,-3.2339100665003207e-14
4.6e-06,1.2602306219520783e-119,1.2710418117592233e-119,-2.7952942506498448e-12,-3.5913708045559541e-14
4.6999999999999999e-06,2.0020106519820546e-118,2.0198185284055328e-118,-2.7936399308817204e-12,-3.8134935375166714e-14
4.7999999999999998e-06,2.9951696779958575e-117,3.0227613265857769e-117,-2.7177203674525465e-12,-3.8844576407657446e-14
4.9000000000000005e-06,4.2306179949555552e-116,4.2709338282098668e-116,-2.5656363069637479e-12,-3.7953275232745555e-14
5.0000000000000004e-06,5.6550288739504643e-115,5.7107145115109006e-115,-2.3385428136572667e-12,-3.5451016316286084e-14
5.1000000000000003e-06,7.1692531063555483e-114,7.2421240680320372e-114,-2.0406816519378385e-12,-3.1413990480814726e-14
5.2000000000000002e-06,8.6382067044100062e-113,8.7287436541678914e-113,-1.6792671402475199e-12,-2.6007137421659074e-14
5.3000000000000001e-06,9.9113752116060659e-112,1.0018384194096773e-111,-1.2642295250979178e-12,-1.9481862864298031e-14
5.4e-06,1.0849419441455588e-110,1.0969965038611071e-110,-8.0782700844870553e-13,-1.2168670363933131e-14
5.4999999999999999e-06,1.13500597552447e-109,1.1479714200127031e-109,-3.2414413057075555e-13,-4.4647244697423711e-15
5.5999999999999997e-06,1.1366432480208699e-108,1.1499801341750602e-108,1.7150006761989757e-13,3.1833423154620735e-15
5.7000000000000005e-06,1.0913433484134796e-107,1.1044846806147277e-107,6.6320608741249114e-13,1.0300768873275693e-14
5.8000000000000004e-06,1.0061225889032995e-106,1.0185446279586453e-106,1.1351789862161083e-12,1.6409254017891865e-14
5.9000000000000003e-06,8.9186774745671497e-106,9.0314833700613797e-106,1.5724114461108821e-12,2.1053645902557527e-14
6.0000000000000002e-06,7.6117918086845776e-105,7.710338384552148e-105,1.9613319196427203e-12,2.3829379662904251e-14
6.1e-06,6.2626501019410133e-104,6.3455737164827126e-104,2.2903864650002175e-12,2.4409167030934914e-14
6.1999999999999999e-06,4.9731909598362046e-103,5.0404840700405405e-103,2.5505260228208102e-12,2.2567383373494257e-14
6.2999999999999998e-06,3.8160457326027988e-102,3.8687713708875303e-102,2.7355754594412466e-12,1.820061142231757e-14
6.3999999999999997e-06,2.8324714783719543e-101,2.8724025724078025e-101,2.8424664564213951e-12,1.1342916767644222e-14
6.5000000000000004e-06,2.03582770902312e-100,2.0650891382140659e-100,2.8713230040641339e-12,2.1746259672915501e-15
6.6000000000000003e-06,1.4183035797952059e-99,1.4390723439181018e-99,2.8253955126066937e-12,-8.976339656397267e-15
6.7000000000000002e-06,9.5864935421019495e-99,9.7294068536205041e-99,2.7108470376492465e-12,-2.1641167642036739e-14
6.8000000000000001e-06,6.292223679860056e-98,6.3876524240466044e-98,2.5364024519073337e-12,-3.5225078887574347e-14
6.9e-06,4.0139913750925896e-97,4.0758799382061295e-97,2.3128782100721352e-12,-4.903021007626925e-14
6.9999999999999999e-06,2.4907750959707376e-96,2.5297899535112741e-96,2.052616318979467e-12,-6.2285732909071535e-14
7.0999999999999998e-06,1.5045996616331079e-95,1.5285265601711662e-95,1.7688509195435677e-12,-7.4184039662586177e-14
7.2000000000000005e-06,8.8544967683795582e-95,8.9973576423807001e-95,1.4750392805850697e-12,-8.3921416004848801e-14
7.3000000000000004e-06,5.0801641826037658e-94,5.1632698647900299e-94,1.1841908181299745e-12,-9.0741276733528785e-14
7.4000000000000003e-06,2.8435712110850627e-93,2.8907064466179917e-93,9.0822788128255312e-13,-9.3977777060865134e-14
7.5000000000000002e-06,1.5538615130752438e-92,1.5799442369254695e-92,6.5741048160786679e-13,-9.3097460356798877e-14
7.6000000000000001e-06,8.2946895110267915e-92,8.4355975094689924e-92,4.3985395620429327e-13,-8.7736567956559626e-14
7.7000000000000008e-06,4.3280712853578854e-91,4.4024358327573805e-91,2.6116389420850675e-13,-7.7731731666111748e-14
7.7999999999999999e-06,2.2087753923650359e-90,2.247137773681828e-90,1.2420674732028873e-13,-6.3141996821625331e-14
7.9000000000000006e-06,1.1031082998055565e-89,1.1224638875120915e-89,2.9027693195014016e-14,-4.4260473986412087e-14
7.9999999999999996e-06,5.3942540368931906e-89,5.4898216730763966e-89,-2.7080161549284469e-14,-2.1614383566736855e-14
8.1000000000000004e-06,2.5841610611227669e-88,2.6303621909484431e-88,-4.9358862582964303e-14,4.0471836470945209e-15
8.1999999999999994e-06,1.2133959030941844e-87,1.2352763787570919e-87,-4.5232166725728829e-14,3.1777843054174683e-14
8.3000000000000002e-06,5.5871714031338842e-87,5.6887355522320806e-87,-2.3833816074018344e-14,6.0470217339690888e-14
8.4000000000000009e-06,2.5240158178299456e-86,2.5702446662970288e-86,4.5580846257837807e-15,8.8902685132845509e-14
8.4999999999999999e-06,1.119178918077313e-85,1.1398221101284103e-85,2.915124247366364e-14,1.1579467011598346e-13
8.6000000000000007e-06,4.8730865596398598e-85,4.9635612276089581e-85,3.9301067358626673e-14,1.398680017317126e-13
8.6999999999999997e-06,2.0844381509142886e-84,2.1233742219680804e-84,2.5169598120311166e-14,1.5991142202062638e-13
8.8000000000000004e-06,8.7625589345912078e-84,8.9271607191058498e-84,-2.1653318731141868e-14,1.7484499273945963e-13
8.8999999999999995e-06,3.6216012906250416e-83,3.6899846630379373e-83,-1.0759970155530129e-13,1.8378099635470899e-13
9.0000000000000002e-06,1.4721869238517783e-82,1.5001169004021894e-82,-2.3667370326253247e-13,1.8607793503043756e-13
9.100000000000001e-06,5.8881280924369438e-82,6.0003195325482361e-82,-4.1012730969552502e-13,1.813844339888966e-13
9.2e-06,2.3179151964903834e-81,2.3622533618625696e-81,-6.2628009323875138e-13,1.6967023202555713e-13
9.3000000000000007e-06,8.9840627958569823e-81,9.1565191768186389e-81,-8.8049443996692628e-13,1.5124199539911573e-13
9.3999999999999998e-06,3.4296281125556117e-80,3.4956692052992652e-80,-1.1653098079260344e-12,1.2674238901280019e-13
9.5000000000000005e-06,1.2899108772834644e-79,1.3148182499525646e-79,-1.4707314760723482e-12,9.7131655017512911e-14
9.5999999999999996e-06,4.7812971816725547e-79,4.8738439132164144e-79,-1.7846612807773682e-12,6.365184887593914e-14
9.7000000000000003e-06,1.7471724659425681e-78,1.7810608064928496e-78,-2.0934504409799189e-12,2.7774809365168863e-14
9.800000000000001e-06,6.2958787374550471e-78,6.4182073445007132e-78,-2.3825481081375269e-12,-8.8641402954307351e-15
9.9000000000000001e-06,2.2378452763727558e-77,2.281388722305802e-77,-2.6372140780245271e-12,-4.4543911464822696e-14
1.0000000000000001e-05,7.8483014640892285e-77,8.0011845150261672e-77,-2.8432604405267266e-12,-7.7543201776536854e-14
1.01e-05,2.7164916205729453e-76,2.7694529369835754e-76,-2.9877850336972246e-12,-1.0622970928073931e-13
1.0200000000000001e-05,9.281962145501574e-76,9.4630288865277144e-76,-3.0598594914080786e-12,-1.2914845310249482e-13
1.03e-05,3.1316862256776895e-75,3.1927963689112568e-75,-3.0511364858107476e-12,-1.4510448834602868e-13
1.04e-05,1.043587292775999e-74,1.0639527228010533e-74,-2.9563443744221255e-12,-1.5323538565864168e-13
1.0499999999999999e-05,3.435527040603579e-74,3.5025598397822453e-74,-2.7736426966016147e-12,-1.5306918611701345e-13
1.06e-05,1.1175603312773495e-73,1.1393574655564401e-73,-2.5048186006916949e-12,-1.4456412053200018e-13
1.0700000000000001e-05,3.5930039539821585e-73,3.6630416054231141e-73,-2.1553119826552556e-12,-1.2812718995543801e-13
1.08e-05,1.1419493683261652e-72,1.1641918327108576e-72,-1.7340655099567374e-12,-1.0460969733556551e-13
1.0900000000000001e-05,3.5886334325927262e-72,3.6584646594637704e-72,-1.2532043802941129e-12,-7.5278963776463407e-14
1.1e-05,1.1153021523988965e-71,1.1369804669841006e-71,-7.2755918590964098e-13,-4.1766692596898266e-14
1.11e-05,3.4286471743736719e-71,3.4952053636840816e-71,-1.7405319692959549e-13,-5.9957071759639544e-15
1.1199999999999999e-05,1.042805008467034e-70,1.0630196576770363e-70,3.8901766295679354e-13,2.9911988381759224e-14
1.13e-05,3.1384442882049361e-70,3.1991886288940342e-70,9.4277826039587421e-13,6.3741757647924588e-14
1.1400000000000001e-05,9.3483610531515633e-70,9.5289970005649982e-70,1.4686032425609306e-12,9.3302468253680452e-14
1.15e-05,2.7564040024742176e-69,2.8095710893010378e-69,1.9489415703931251e-12,1.1654647075137162e-13
1.1600000000000001e-05,8.0465766553925772e-69,8.2014944328826419e-69,2.3680964339288904e-12,1.3168722182973105e-13
1.17e-05,2.3260169897446141e-68,2.3707117503290552e-68,2.7129222297772728e-12,1.3730821339010493e-13
1.1800000000000001e-05,6.6591486381567033e-68,6.7868466468540119e-68,2.9734040572179657e-12,1.32457055605041e-13
1.19e-05,1.888414961615362e-67,1.924552367082024e-67,3.1430907161903876e-12,1.1671908565285787e-13
1.2e-05,5.3053748214286421e-67,5.4066834367812473e-67,3.2193592163124808e-12,9.0265715305894458e-14
1.2100000000000001e-05,1.4768620252045253e-66,1.5050018701632461e-66,3.2034969990739573e-12,5.3873861893331895e-14
1.22e-05,4.0741087912103649e-66,4.1515639655999648e-66,3.1005970164541833e-12,8.9141766592960259e-15
1.2300000000000001e-05,1.1139256271757118e-65,1.1350555693703348e-65,2.9192700866154281e-12,-4.2692664289030304e-14
1.24e-05,3.0190556759846868e-65,3.0761942382990119e-65,2.6711880688033907e-12,-9.8550691460924222e-14
1.2500000000000001e-05,8.1121576127925564e-65,8.2653389101202069e-65,2.3704799321046028e-12,-1.5589180874789046e-13
1.26e-05,2.161272355890783e-64,2.2019905292937666e-64,2.0330102902437369e-12,-2.1170320459246001e-13
1.27e-05,5.7101380236270898e-64,5.8174717062803352e-64,1.675576047359556e-12,-2.6287336980014597e-13
1.2799999999999999e-05,1.4962441855818537e-63,1.5243054038451346e-63,1.3150611459901532e-12,-3.0634987124153442e-13
1.29e-05,3.8889339818928944e-63,3.961704558719674e-63,9.6759177367253923e-13,-3.3930113434789285e-13
1.3000000000000001e-05,1.0027278691356876e-62,1.0214492777940555e-62,6.4773464647782574e-13,-3.5927395686216374e-13
1.31e-05,2.5651394986316186e-62,2.6129262864600722e-62,3.6777910202138482e-13,-3.6433836357237717e-13
1.3200000000000001e-05,6.5112453127142584e-62,6.6322816013892923e-62,1.371397822917496e-13,-3.5321173022863243e-13
1.33e-05,1.6401777797818002e-61,1.6706014996944744e-61,-3.8089160303538087e-14,-3.2535486447416907e-13
1.34e-05,4.1005215812511756e-61,4.1764225317803818e-61,-1.5540485951947045e-13,-2.81033898953925e-13
1.3499999999999999e-05,1.0175482869168571e-60,1.0363444102235138e-60,-2.1597678490569242e-13,-2.2134339245007974e-13
1.36e-05,2.5065945470101286e-60,2.5528030934032135e-60,-2.2453283787838548e-13,-1.4818786993692797e-13
1.3700000000000001e-05,6.1301438716743519e-60,6.2429297932593016e-60,-1.89055203407595e-13,-6.4221090365150381e-14
1.38e-05,1.4885319165748782e-59,1.5158663782585683e-59,-1.2030043222879771e-13,2.7255497526943928e-14
1.3900000000000001e-05,3.5891282875437845e-59,3.6549141532558784e-59,-3.1167372955685487e-14,1.2243147441651249e-13
1.4e-05,8.5941845355292411e-59,8.7514246777425331e-59,6.4055394759616105e-14,2.1715763207500384e-13
1.4100000000000001e-05,2.043835074459027e-58,2.0811639003884915e-58,1.5052444697008651e-13,3.0714005412591063e-13
1.42e-05,4.8278331051581414e-58,4.9158600470157382e-58,2.1371589389391526e-13,3.8814900229253106e-13
1.43e-05,1.1328248782175387e-57,1.1534462062687497e-57,2.402938888588095e-13,4.5623240221013445e-13
1.4400000000000001e-05,2.6406784269758123e-57,2.688672300820065e-57,2.1892764884012482e-13,5.0792310187720662e-13
1.45e-05,6.115722199318118e-57,6.226706273651628e-57,1.4101342915044118e-13,5.40428992960811e-13
1.4600000000000001e-05,1.407330122054947e-56,1.4328323348735973e-56,1.2621956140192568e-15,5.5179557152351771e-13
1.47e-05,3.2180736047019632e-56,3.2763071498376918e-56,-2.0187990833117482e-13,5.4103155754727694e-13
1.4800000000000001e-05,7.3127839497428594e-56,7.4449383917069507e-56,-4.6600309570871331e-13,5.0818976683175538e-13
1.49e-05,1.6515457294817109e-55,1.6813540629358168e-55,-7.8471278371802138e-13,4.5439746225531444e-13
1.5e-05,3.7072610990379041e-55,3.7740915647977234e-55,-1.1478206804793339e-12,3.8183282508110819e-13
1.5100000000000001e-05,8.2718642882115699e-55,8.4208089264869665e-55,-1.5417422520401579e-12,2.9364685839442203e-13
1.52e-05,1.8347359604317568e-54,1.8677364876740475e-54,-1.9500840661310988e-12,1.9383283928885142e-13
1.5299999999999999e-05,4.045715544008572e-54,4.1184087528542584e-54,-2.354394549128559e-12,8.7048237915737533e-14
1.5400000000000002e-05,8.8695123923252599e-54,9.0287238923926495e-54,-2.7350429261096043e-12,-2.1603341520038662e-14
1.5500000000000001e-05,1.933379912859521e-53,1.9680530147325027e-53,-3.0721839956310394e-12,-1.2682029693934069e-13
1.56e-05,4.1906129776250543e-53,4.2657022745801057e-53,-3.3467613191292239e-12,-2.2336942867860669e-13
1.5699999999999999e-05,9.03254352975845e-53,9.1942618699858175e-53,-3.5414986333821348e-12,-3.0635742573935406e-13
1.5800000000000001e-05,1.9361697729618552e-52,1.970808716623776e-52,-3.6418290358317725e-12,-3.714935316234741e-13
1.59e-05,4.1276781938380096e-52,4.2014723208837804e-52,-3.6367137584549611e-12,-4.153294503124185e-13
1.5999999999999999e-05,8.7523540564174421e-52,8.9087256563309414e-52,-3.5193070872405737e-12,-4.3546324884007907e-13
1.6100000000000002e-05,1.84598295424365e-51,1.8789438856209466e-51,-3.2874309789019329e-12,-4.3069541573188195e-13
1.6200000000000001e-05,3.8729408360201251e-51,3.9420558927469428e-51,-2.9438318682517732e-12,-4.0112731235591284e-13
1.63e-05,8.0833339074227162e-51,8.2275132520299757e-51,-2.4962026228790194e-12,-3.4819489995498788e-13
1.6399999999999999e-05,1.6784263448442823e-50,1.7083500738957728e-50,-1.956964080366159e-12,-2.7463375317181311e-13
1.6500000000000001e-05,3.4673791334274497e-50,3.5291715677728517e-50,-1.3428125426211857e-12,-1.8437479263068311e-13
1.66e-05,7.127091836448217e-50,7.2540574166904866e-50,-6.7405140294899515e-13,-8.2373769596495006e-14
1.6699999999999999e-05,1.457671345773679e-49,1.4836305601174642e-49,2.6263849248598364e-14,2.5618923166298301e-14
1.6800000000000002e-05,2.9666542773719744e-49,3.0194714614402277e-49,7.3332822113669309e-13,1.3333819301615805e-13
1.6900000000000001e-05,6.0083844725730396e-49,6.115329351031265e-49,1.4216904237929044e-12,2.3432108635679224e-13
1.7e-05,1.2110300695798257e-48,1.2325811116776839e-48,2.0664039642263292e-12,3.2224528991665428e-13
1.7099999999999999e-05,2.4292999760496383e-48,2.4725237005661677e-48,2.6441702233714895e-12,3.91272397731177e-13
1.7200000000000001e-05,4.8501877269854996e-48,4.9364743418564599e-48,3.1344171845245953e-12,4.3637819659095032e-13
1.73e-05,9.6384882359586461e-48,9.8099444937740495e-48,3.5202598644962983e-12,4.5365226618843004e-13
1.7399999999999999e-05,1.9065740344098254e-47,1.9404875552103396e-47,3.7892936226943867e-12,4.4055016120315924e-13
1.7500000000000002e-05,3.754169207962477e-47,3.8209455547034849e-47,3.9341791627766681e-12,3.9608330435682663e-13
1.7600000000000001e-05,7.3588526061726703e-47,7.4897475676854225e-47,3.952987859787046e-12,3.2093443339408099e-13
1.77e-05,1.4360275707980457e-46,1.461571848211037e-46,3.8492875751154635e-12,2.1748987030187788e-13
1.7799999999999999e-05,2.7899205711083514e-46,2.839551719122778e-46,3.6319618177863736e-12,8.9783894522292754e-14
1.7900000000000001e-05,5.3965589153162685e-46,5.492570644361039e-46,3.3147683400304257e-12,-5.6645112220451907e-14
1.8e-05,1.039339260953822e-45,1.0578329043566337e-45,2.9156563836097389e-12,-2.1498251040132368e-13
1.8099999999999999e-05,1.9931135881494097e-45,2.028584105595152e-45,2.4558741291179459e-12,-3.7744050106722464e-13
1.8200000000000002e-05,3.8059207097720399e-45,3.8736657898056101e-45,1.9589088516745043e-12,-5.3562352136897348e-13
1.8300000000000001e-05,7.2370028566230277e-45,7.3658489414471855e-45,1.4493112354901845e-12,-6.8093930354352615e-13
1.84e-05,1.3703992808435434e-44,1.3948035424308826e-44,9.5146181408403442e-13,-8.0503599543229117e-13
1.8499999999999999e-05,2.5842981786583617e-44,2.6303321624492743e-44,4.8834117348415133e-13,-9.0024370392384435e-13
1.8600000000000001e-05,4.8535857038511599e-44,4.9400679738218134e-44,8.0366188711099056e-14,-9.599978166623683e-13
1.8700000000000001e-05,9.0787183090793887e-44,9.2405367998239835e-44,-2.5564794128654496e-13,-9.7922159809676026e-13
1.88e-05,1.6913949649979638e-43,1.7215526781825311e-43,-5.0734565269265078e-13,-9.5464685541414205e-13
1.8900000000000002e-05,3.1386349243835181e-43,3.1946176769907642e-43,-6.6746314510779967e-13,-8.850539191530811e-13
1.9000000000000001e-05,5.8013384875161799e-43,5.9048555175122219e-43,-7.3419967463926631e-13,-7.7141567661121797e-13
1.91e-05,1.0681280888310411e-42,1.087195290111873e-42,-7.1130577719547448e-13,-6.1693480714737618e-13
1.9199999999999999e-05,1.9590342602585595e-42,1.9940203436366275e-42,-6.0788027830429967e-13,-4.2696848471803967e-13
1.9300000000000002e-05,3.5793146462790232e-42,3.643266380096418e-42,-4.3788266851111371e-13,-2.0884041043286377e-13
1.9400000000000001e-05,6.5149669228169697e-42,6.6314259337197445e-42,-2.1938207088848532e-13,2.8454172732916683e-14
1.95e-05,1.1813923181345731e-41,1.2025210082478212e-41,2.6422190556596967e-14,2.7463912355949968e-13
1.9600000000000002e-05,2.1343248568266078e-41,2.1725162454236563e-41,2.7636114413230739e-13,5.1862703560152991e-13
1.9700000000000001e-05,3.8417224441910942e-41,3.910503081881311e-41,5.0658051311242924e-13,7.4904654870545108e-13
1.98e-05,6.8897733251312769e-41,7.0131943291339245e-41,6.9388419245633846e-13,9.548023310069269e-13
1.9899999999999999e-05,1.2311516456508818e-40,1.2532188908131228e-40,8.1706802987758291e-13,1.1256401826234332e-12
2.0000000000000002e-05,2.1920971429230114e-40,2.2314120417027153e-40,8.5817433438672295e-13,1.2526885056540765e-12
2.0100000000000001e-05,3.8892281523126403e-40,3.9590240379940357e-40,8.0360031057239534e-13,1.3289476166583134e-12
2.02e-05,6.8760015039732404e-40,6.9994766421940696e-40,6.4499983190580365e-13,1.3497000838991643e-12
2.0299999999999999e-05,1.2114088887306914e-39,1.2331769362157766e-39,3.7992737653775777e-13,1.3128184202362444e-12
2.0400000000000001e-05,2.1268699294828666e-39,2.1651138768230138e-39,1.2185135867753521e-14,1.2189509311576073e-12
2.05e-05,3.7213406054092135e-39,3.7883016250609831e-39,-4.4815129230910782e-13,1.0715721317219094e-12
2.0599999999999999e-05,6.4890178298410824e-39,6.6058628368065404e-39,-9.8503729187297317e-13,8.7689064306832551e-13
2.0700000000000002e-05,1.1276962002169606e-38,1.1480169379241382e-38,-1.5770856769040585e-12,6.4361457272672384e-13
2.0800000000000001e-05,1.9532203152005343e-38,1.9884429846745521e-38,-2.1984905825878766e-12,3.8258170275996389e-13
2.09e-05,3.3718519149243372e-38,3.4327033250750115e-38,-2.8202084890154677e-12,1.062690149093549e-13
2.0999999999999999e-05,5.8017084000605333e-38,5.9064927755503013e-38,-3.4113421024399173e-12,-1.7179722832269589e-13
2.1100000000000001e-05,9.9500500809040027e-38,1.0129900586588757e-37,-3.9406613221922504e-12,-4.377037921207856e-13
2.12e-05,1.7009370895233468e-37,1.7317070988337603e-37,-4.3781871062633517e-12,-6.7785348247097823e-13
2.1299999999999999e-05,2.8983867082015203e-37,2.9508621175752382e-37,-4.6967592181433212e-12,-8.7967401184481593e-13
2.1400000000000002e-05,4.9231244365695029e-37,5.0123332033185216e-37,-4.873507902132936e-12,-1.0322963956340497e-12
2.1500000000000001e-05,8.3359067990141425e-37,8.487086616727783e-37,-4.891152603528881e-12,-1.1271668950602367e-12
2.16e-05,1.4070302283991305e-36,1.4325705059077772e-36,-4.7390578856954261e-12,-1.1585587378227769e-12
2.1699999999999999e-05,2.3675729785952214e-36,2.4105873613390708e-36,-4.4139873769419878e-12,-1.123953861844456e-12
2.1800000000000001e-05,3.9715804515989729e-36,4.043802315328731e-36,-3.9205104998470969e-12,-1.0242706272432732e-12
2.19e-05,6.6419242495580602e-36,6.7628172273726837e-36,-3.2710331992352387e-12,-8.6392055684551575e-13
2.1999999999999999e-05,1.1074022651650869e-35,1.127577619632737e-35,-2.4854421731093814e-12,-6.5068541096716577e-13
2.2100000000000002e-05,1.840806150129778e-35,1.8743752093413688e-35,-1.5903712995413873e-12,-3.9541486933062123e-13
2.2200000000000001e-05,3.050787409332561e-35,3.1064758561527815e-35,-6.1811812482377097e-13,-1.1155435510036364e-13
2.23e-05,5.0411197205564142e-35,5.1332301656595616e-35,3.9474355820882112e-13,1.854783705458522e-13
2.2399999999999999e-05,8.3054478072187685e-35,8.4573556726439907e-35,1.4089927541724616e-12,4.7904077393225048e-13
2.2500000000000001e-05,1.3643623680540435e-34,1.3893421633751674e-34,2.3845561936869256e-12,7.521028586778345e-13
2.26e-05,2.2347892533295546e-34,2.2757477700829435e-34,3.2823834507583808e-12,9.8813398336014282e-13
2.27e-05,3.6500009181929245e-34,3.7169671195081757e-34,4.0663107161899803e-12,1.1719949888140148e-12
2.2800000000000002e-05,5.9444023111566586e-34,6.0535796346851383e-34,4.7048203043412566e-12,1.2907896257284321e-12
2.2900000000000001e-05,9.6536460652218844e-34,9.8311400630324368e-34,5.1726062343851197e-12,1.3346297515364195e-12
2.3e-05,1.5633330777312126e-33,1.5921082767948102e-33,5.4518640565251453e-12,1.297271615529827e-12
2.3099999999999999e-05,2.5246287026949813e-33,2.5711493025558326e-33,5.533235206028775e-12,1.176585688951722e-12
2.3200000000000001e-05,4.0657262355033745e-33,4.140728318769842e-33,5.4163520269964529e-12,9.7482974899040148e-13
2.3300000000000001e-05,6.5295313658054267e-33,6.6501212914040913e-33,5.1099485343610948e-12,6.9870398828119244e-13
2.34e-05,1.0457736230874954e-32,1.0651096357238168e-32,4.6315230420785111e-12,3.5917739355499308e-13
2.3500000000000002e-05,1.6703733707170203e-32,1.7012940771671059e-32,4.0065610200332833e-12,-2.8913962973049943e-14
2.3600000000000001e-05,2.6608349284338546e-32,2.7101485358897529e-32,3.2673488050767082e-12,-4.4748431827693402e-13
2.37e-05,4.2272603379548406e-32,4.3056984615608806e-32,2.4514300271738304e-12,-8.7600734817403929e-13
2.3799999999999999e-05,6.6979950145421886e-32,6.8224289229209828e-32,1.5997756567045442e-12,-1.2924823593309547e-12
2.3900000000000002e-05,1.0584817528236735e-31,1.0781701052051339e-31,7.5475450880960031e-13,-1.6745135515946014e-12
2.4000000000000001e-05,1.6683321647035919e-31,1.6994025720124244e-31,-4.1997101357223698e-14,-2.000450955088333e-12
2.41e-05,2.6227084641156416e-31,2.6716141341242764e-31,-7.5170066390430933e-13,-2.2505366277430645e-12
2.4200000000000002e-05,4.1123826030866567e-31,4.1891636136984193e-31,-1.3404478940961248e-12,-2.4079973901357694e-12
2.4300000000000001e-05,6.4316227146806738e-31,6.5518597695451072e-31,-1.7809958014158795e-12,-2.4600259919435921e-12
2.44e-05,1.0033180149663123e-30,1.0220990785175744e-30,-2.0542487289744499e-12,-2.3985962280166071e-12
2.4499999999999999e-05,1.5611873212107409e-30,1.5904495051328161e-30,-2.1503454470177984e-12,-2.2210640656389325e-12
2.4600000000000002e-05,2.4231317724117691e-30,2.4686101799435968e-30,-2.069287647990682e-12,-1.9305160745780421e-12
2.4700000000000001e-05,3.751559339163685e-30,3.8220648213691275e-30,-1.821068044221593e-12,-1.535838002054021e-12
2.48e-05,5.7938393079876621e-30,5.9028745073670054e-30,-1.4252807792398922e-12,-1.0514896867152397e-12
2.4900000000000002e-05,8.9258150373494096e-30,9.094021909219384e-30,-9.1022280026993809e-13,-4.9698704166192582e-13
2.5000000000000001e-05,1.3717122409811615e-29,1.3975979946966628e-29,-3.115209534488545e-13,1.0389313357510355e-13
2.51e-05,2.1029000544331935e-29,2.1426397710431876e-29,3.2965545642619072e-13,7.2415500026940982e-13
2.5199999999999999e-05,3.2160399980735885e-29,3.2769014490562491e-29,9.6871433949786928e-13,1.3348279374096902e-12
2.5300000000000002e-05,4.9065706779818781e-29,4.99955721042538e-29,1.5599915015698936e-12,1.9063570076201674e-12
2.5400000000000001e-05,7.4678402101359564e-29,7.6095711157963929e-29,2.0592168159844147e-12,2.4100739001727578e-12
2.55e-05,1.1339104591208765e-28,1.1554621967643372e-28,2.4259716053330569e-12,2.8196761300242136e-12
2.5599999999999999e-05,1.7176538855743211e-28,1.7503487559268083e-28,2.6260102415370249e-12,3.1126392149024406e-12
2.5700000000000001e-05,2.5958045127161609e-28,2.6452882900534322e-28,2.6333226348311e-12,3.2714872573352933e-12
2.58e-05,3.9137577686253689e-28,3.9884779957101257e-28,2.4318242875394576e-12,3.2848518761656735e-12
2.5899999999999999e-05,5.8871846261118527e-28,5.9997518034781643e-28,2.0165765789632985e-12,3.1482577167765686e-12
2.6000000000000002e-05,8.8352565521067611e-28,9.0044523938850104e-28,1.3944613012335198e-12,2.8645844962563192e-12
2.6100000000000001e-05,1.3229225960977942e-27,1.3482959511312622e-27,5.8425921077760057e-13,2.4441702552073421e-12
2.62e-05,1.9763295004124259e-27,2.014294405562746e-27,-3.8388865867213703e-13,1.9045375531636683e-12
2.6299999999999999e-05,2.9457761024296709e-27,3.0024533550702182e-27,-1.4696273450540118e-12,1.2697429495828765e-12
2.6400000000000001e-05,4.3808795969213389e-27,4.4653030423507174e-27,-2.6241012196895304e-12,5.6936940334863036e-13
2.65e-05,6.5005449705188753e-27,6.6260181364772713e-27,-3.7921634434269125e-12,-1.6279980348522505e-13
2.6599999999999999e-05,9.6243338075856822e-27,9.8104044092657602e-27,-4.9149836915294656e-12,-8.9036929332970296e-13
2.6700000000000002e-05,1.4217707362422731e-26,1.4493034702340955e-26,-5.932933206276048e-12,-1.5761101706540948e-12
2.6800000000000001e-05,2.095713446001574e-26,2.1363644304438622e-26,-6.7886086896463715e-12,-2.1838447531552146e-12
2.69e-05,3.0823577748485177e-26,3.1422469538685732e-26,-7.4298455032388307e-12,-2.6803447175215786e-12
2.6999999999999999e-05,4.5236430258144389e-26,4.6116843489567144e-26,-7.8125668326742823e-12,-3.0371457919626404e-12
2.7100000000000001e-05,6.624498183850571e-26,6.7536471545497304e-26,-7.9033192848946738e-12,-3.2321827958218611e-12
2.72e-05,9.6801526286988419e-26,9.8691983002960542e-26,-7.6813568512003708e-12,-3.2511544334855314e-12
2.73e-05,1.4115007065600861e-25,1.4391140551911094e-25,-7.1401539075402762e-12,-3.0885376905772677e-12
2.7400000000000002e-05,2.0537837831186613e-25,2.0940325934281911e-25,-6.288253221989472e-12,-2.7481866155348621e-12
2.7500000000000001e-05,2.9820028382887105e-25,3.0405456632564477e-25,-5.1493856883624538e-12,-2.2434690828149966e-12
2.76e-05,4.3206194818771305e-25,4.405593453742154e-25,-3.7618333361061351e-12,-1.5969170517629155e-12
2.7699999999999999e-05,6.2470284299552676e-25,6.3701104672431639e-25,-2.1770444358259273e-12,-8.3938980477905882e-13
2.7800000000000001e-05,9.013536886876059e-25,9.1914487003465347e-25,-4.5754743561674415e-13,-8.7745904346624839e-15
2.7900000000000001e-05,1.2978246904106038e-24,1.3234884943122814e-24,1.325752862577829e-12,8.5172628482388505e-13
2.8e-05,1.864835535616591e-24,1.9017798933552437e-24,3.0967799209278852e-12,1.6956497929022306e-12
2.8100000000000002e-05,2.67407369945423e-24,2.7271487879009521e-24,4.7778452345843499e-12,2.4755755538339317e-12
2.8200000000000001e-05,3.8266531722503008e-24,3.9027477040737575e-24,6.2933954097736442e-12,3.145569489478759e-12
2.83e-05,5.4649001017327975e-24,5.573778277819718e-24,7.5737642727709796e-12,3.6636475887739941e-12
2.8399999999999999e-05,7.788739803827457e-24,7.9442136639157495e-24,8.5587420142053163e-12,3.9941338646498637e-12
2.8500000000000002e-05,1.1078434557756193e-23,1.1300002803307516e-23,9.2007769381452358e-12,4.1097870381157208e-12
2.8600000000000001e-05,1.5726068546072295e-23,1.6041202814255504e-23,9.4676382922397704e-12,3.9935773532345905e-12
2.87e-05,2.2279055645711493e-23,2.2726383609227347e-23,9.3443905863386839e-12,3.640008117093834e-12
2.8800000000000002e-05,3.1500138496117342e-23,3.2133866709781788e-23,8.8345598790840037e-12,3.0558956419290467e-12
2.8900000000000001e-05,4.4449961655874517e-23,4.5346008754427505e-23,7.9604095255611844e-12,2.260545501983495e-12
2.9e-05,6.2600482222046946e-23,6.3864966997732382e-23,6.7622851439940042e-12,1.2852913845912707e-12
2.9099999999999999e-05,8.799042046152978e-23,8.9771385780569922e-23,5.2970341325112588e-12,1.7239403208554048e-13
2.9200000000000002e-05,1.2343790649318439e-22,1.2594148076269452e-22,3.6355518030841308e-12,-1.0266696342050675e-12
2.9300000000000001e-05,1.7283078590750808e-22,1.7634341807631812e-22,1.8595517251679139e-12,-2.2534647411168847e-12
2.94e-05,2.4152215600993045e-22,2.4644114687600339e-22,5.769995551131587e-14,-3.4453110749660757e-12
2.9500000000000002e-05,3.3686820740035938e-22,3.4374355128460104e-22,-1.678710822313144e-12,-4.5383300985307917e-12
2.9600000000000001e-05,4.689581231757783e-22,4.7854973895082863e-22,-3.2603425434624977e-12,-5.4706843884194213e-12
2.97e-05,6.5160266605458755e-22,6.6495852687421195e-22,-4.6044244053895967e-12,-6.1858518296988227e-12
2.9799999999999999e-05,9.0367050805912151e-22,9.222330965154075e-22,-5.63916425922192e-12,-6.6357685870629147e-12
2.9900000000000002e-05,1.250891090027353e-21,1.2766421706297628e-21,-6.3077288575377564e-12,-6.7836746475857689e-12
3.0000000000000001e-05,1.7282821409766542e-21,1.7639392669081797e-21,-6.5715774540662203e-12,-6.6065039538005266e-12
3.01e-05,2.3834119409500942e-21,2.4326946763047575e-21,-6.4129589504886529e-12,-6.0966777047623075e-12
3.0200000000000002e-05,3.2807748790803358e-21,3.3487647882400806e-21,-5.8364188394096188e-12,-5.2631838529138447e-12
3.0300000000000001e-05,4.5076489087524536e-21,4.6012754225438947e-21,-4.8692071871238396e-12,-4.1318572098909109e-12
3.04e-05,6.1819216985915155e-21,6.3106166423387267e-21,-3.5605308256811247e-12,-2.744811627768725e-12
3.0499999999999999e-05,8.4625271077549493e-21,8.6391047921700818e-21,-1.979649464845314e-12,-1.159016772888261e-12
3.0599999999999998e-05,1.1563336023887912e-20,1.1805174428579315e-20,-2.1287388267616181e-13,5.5594481728701174e-13
3.0700000000000001e-05,1.5771609684398828e-20,1.6102232801140772e-20,1.6404181369534761e-12,2.3208615232663546e-12
3.0800000000000003e-05,2.1472467459351061e-20,2.192366112007088e-20,3.4725787864576149e-12,4.0504974006485333e-12
3.0899999999999999e-05,2.9181267913458166e-20,2.9795903754054438e-20,5.1730837926383048e-12,5.6576613312639984e-12
3.1000000000000001e-05,3.9586381471218042e-20,4.0422179113204451e-20,6.6342684419368293e-12,7.0575536796724897e-12
3.1100000000000004e-05,5.3605583078142147e-20,5.4740113064666858e-20,7.7571256321927167e-12,8.172181395511487e-12
3.1199999999999999e-05,7.2460262155289588e-20,7.3997586704341688e-20,8.4568723517989383e-12,8.9346199660095667e-12
3.1300000000000002e-05,9.7772896247927061e-20,9.9852367973058265e-20,8.667992086080006e-12,9.2928987548684416e-12
3.1399999999999998e-05,1.3169484191363505e-19,1.3450274063749488e-19,8.3484764894404255e-12,9.2132956058274961e-12
3.15e-05,1.7707356011674863e-19,1.808584554267107e-19,7.4830199581842265e-12,8.6828471688825348e-12
3.1600000000000002e-05,2.3767103816506642e-19,2.4276403405820236e-19,6.0849645022572746e-12,7.7109126596720519e-12
3.1699999999999998e-05,3.1844855294075487e-19,3.2528991815516559e-19,4.1968478347855226e-12,6.3296695872471939e-12
3.18e-05,4.2593723820098784e-19,4.3511137375254901e-19,1.8894725757160544e-12,4.5934687242586687e-12
3.1900000000000003e-05,5.6871941978711479e-19,5.8100069192718368e-19,-7.4051405272504319e-13,2.5770301735420797e-12
3.1999999999999999e-05,7.5805267698599148e-19,7.744653848975163e-19,-3.5744659449003341e-12,3.725202825170414e-13
3.2100000000000001e-05,1.0086774638854292e-18,1.0305741620300169e-18,-6.4768708264807516e-12,-1.9143923737509908e-12
3.2200000000000003e-05,1.3398603651113633e-18,1.3690239771704421e-18,-9.3015613297491122e-12,-4.1693475849483744e-12
3.2299999999999999e-05,1.7767392679123988e-18,1.8155159845034607e-18,-1.1898733321813975e-11,-6.2747654608647331e-12
3.2400000000000001e-05,2.3520546549305984e-18,2.4035265910098031e-18,-1.4122449059512456e-11,-8.1157317327092385e-12
3.2500000000000004e-05,3.1083737858668892e-18,3.1765828993022894e-18,-1.5838265552535876e-11,-9.5860161281949215e-12
3.26e-05,4.1009428876099615e-18,4.191180869852307e-18,-1.6930607838544647e-11,-1.0593923971826662e-11
3.2700000000000002e-05,5.4013380253793284e-18,5.5205209460775867e-18,-1.7309504383259633e-11,-1.1067675765745253e-11
3.2799999999999998e-05,7.1021298232689686e-18,7.2592814647389253e-18,-1.6916318328862033e-11,-1.0960019257303497e-11
3.29e-05,9.3228327806138798e-18,9.5297071113710012e-18,-1.5728143755542443e-11,-1.0251803547932263e-11
3.3000000000000003e-05,1.2217479213596052e-17,1.2489360665934107e-17,-1.3760589497726941e-11,-8.9542846295107333e-12
3.3099999999999998e-05,1.5984244047826472e-17,1.6340974608486223e-17,-1.1068742385749696e-11,-7.1099850136117809e-12
3.3200000000000001e-05,2.0877653713388275e-17,2.1344948835969733e-17,-7.7461843195935371e-12,-4.7919947960546304e-12
3.3300000000000003e-05,2.7224045018396899e-17,2.783517667286861e-17,-3.9220297169666326e-12,-2.1016748917685111e-12
3.3399999999999999e-05,3.5441103896229588e-17,3.6239049488209894e-17,2.4395251323910428e-13,8.3519800806641004e-13
3.3500000000000001e-05,4.6062516362317886e-17,4.7102697771739704e-17,4.5679699125666663e-12,3.8737246203299596e-12
3.3600000000000004e-05,5.9769013379793926e-17,6.1122782199944847e-17,8.8503333004904282e-12,6.8564158671253109e-12
3.3699999999999999e-05,7.7427397880092458e-17,7.9186462573085048e-17,1.288473686487929e-11,9.6206945627071696e-12
3.3800000000000002e-05,1.0013951827137328e-16,1.0242155821681392e-16,1.6468276679280676e-11,1.2007033163135958e-11
3.3900000000000004e-05,1.2930361324054571e-16,1.3225938576507013e-16,1.9411738143626506e-11,1.3867346321053512e-11
3.4e-05,1.6669101530993195e-16,1.7051333745692598e-16,2.1549649158434569e-11,1.5073225298470307e-11
3.4100000000000002e-05,2.1454188672971801e-16,2.1947696705701863e-16,2.2749585639995959e-11,1.5523588709081631e-11
3.4199999999999998e-05,2.756844962641537e-16,2.8204620734273221e-16,2.2920230810865668e-11,1.515133217159856e-11
3.43e-05,3.5368355948552983e-16,3.6187138385819474e-16,2.2017729850408942e-11,1.392858882693858e-11
3.4400000000000003e-05,4.5302439421107333e-16,4.6354595121151182e-16,2.0049946099352853e-11,1.1870262898351602e-11
3.4499999999999998e-05,5.7934112921081049e-16,5.9284040430068044e-16,1.7078311933664107e-11,9.0355680965827724e-12
3.4600000000000001e-05,7.3969899850462654e-16,7.5699165915820988e-16,1.3217073382110067e-11,5.527389173991848e-12
3.4700000000000003e-05,9.42942914652474e-16,9.650604175116332e-16,8.6298481367939595e-12,1.4893848716112743e-12
3.4799999999999999e-05,1.2001271120211024e-15,1.2283716972916596e-15,3.5235465636425827e-12,-2.8991403871798471e-12
3.4900000000000001e-05,1.5250437666999216e-15,1.5610569121959676e-15,-1.8601613233682089e-12,-7.430455403461229e-12
3.5000000000000004e-05,1.9348722289988064e-15,1.9807197153270053e-15,-7.2555196075609029e-12,-1.1877458904744579e-11
3.5099999999999999e-05,2.4509749586527115e-15,2.5092523995621517e-15,-1.238506675888395e-11,-1.6004215898435446e-11
3.5200000000000002e-05,3.0998715615431024e-15,3.1738351041637159e-15,-1.6973183307415144e-11,-1.957752249605502e-11
3.5299999999999997e-05,3.9144286402500376e-15,4.0081565681130548e-15,-2.0760184468401863e-11,-2.2378972563735587e-11
3.54e-05,4.9353106630052319e-15,5.053902875062282e-15,-2.3516278802384265e-11,-2.421694625413004e-11
3.5500000000000002e-05,6.2127459273060264e-15,6.3625697595838637e-15,-2.5054688289697154e-11,-2.4937913126448212e-11
3.5599999999999998e-05,7.8086721764434501e-15,7.9976648277229654e-15,-2.5243232960281928e-11,-2.4436443858576728e-11
3.57e-05,9.7993387843119569e-15,1.0037378759997181e-14,-2.4013725602445829e-11,-2.2663355924191825e-11
3.5800000000000003e-05,1.2278456958939412e-14,1.2577819524572967e-14,-2.1368598703122395e-11,-1.9631480099102805e-11
3.5899999999999998e-05,1.5361006473440037e-14,1.5736921188921635e-14,-1.7384294445501312e-11,-1.5418624826883946e-11
3.6000000000000001e-05,1.9187827406865707e-14,1.9659159485157795e-14,-1.2211085617816513e-11,-1.0167431453549677e-11
3.6100000000000003e-05,2.3931148711062661e-14,2.4521230316793087e-14,-6.06915532569734e-12,-4.0819507724172671e-12
3.6199999999999999e-05,2.9801232614705941e-14,3.0538875411499884e-14,7.5906020366184144e-13,2.579075301375189e-12
3.6300000000000001e-05,3.705434549636652e-14,3.797507190941308e-14,7.9400764596463083e-12,9.5120804809684178e-12
3.6400000000000004e-05,4.6002302537056342e-14,4.7149840484066064e-14,1.5103738849584264e-11,1.638137836189389e-11
3.65e-05,5.702387590513217e-14,5.8451970354480105e-14,2.1860223906611305e-11,2.2834234875297054e-11
3.6600000000000002e-05,7.0578405217760021e-14,7.2353010075865564e-14,2.7818954973046211e-11,2.8517695391343445e-11
3.6699999999999998e-05,8.7222005432741027e-14,8.9423931194533836e-14,3.2608592103056293e-11,3.3096430624375444e-11
3.68e-05,1.0762683211099248e-13,1.1035493871489819e-13,3.5897158347461024e-11,3.6270772276331491e-11
3.6900000000000002e-05,1.326039382054917e-13,1.3597897894570497e-13,3.7411307618757498e-11,3.7794051421731546e-11
3.6999999999999998e-05,1.6313034132616739e-13,1.672995828635117e-13,3.6953727761713789e-11,3.748833471154018e-11
3.7100000000000001e-05,2.0038101705060533e-13,2.0552378295309665e-13,3.4417709232757643e-11,3.5257678745269809e-11
3.7200000000000003e-05,2.4576664364651226e-13,2.5210095496209554e-13,2.9797995624711791e-11,3.1098092612551159e-11
3.7299999999999999e-05,3.0097804799233625e-13,3.0876856465144425e-13,2.3197165621447078e-11,2.5103511829877971e-11
3.7400000000000001e-05,3.680384430727975e-13,3.7760594504795924e-13,1.4826972954293602e-11,1.7467240748810166e-11
3.7500000000000003e-05,4.4936470582322035e-13,4.6109739362229888e-13,5.0042853826446207e-12,8.4785098885733128e-12
3.7599999999999999e-05,5.4783912202017011e-13,5.6220606302590939e-13,-5.8584925982508243e-12,-1.4859874432346408e-12
3.7700000000000002e-05,6.6689322415630752e-13,6.8446032540327446e-13,-1.7268365774368118e-11,-1.1975477273845502e-11
3.7800000000000004e-05,8.1060557063914176e-13,8.3205452079111164e-13,-2.8671644882052574e-11,-2.2483056757160933e-11
3.79e-05,9.8381556209409626e-13,1.0099662567044724e-12,-3.9478110127584192e-11,-3.2467621253419785e-11
3.8000000000000002e-05,1.1922556649159437e-12,1.2240927106847546e-12,-4.9088509666944872e-11,-4.1378940595997835e-11
3.8099999999999998e-05,1.442704715356687e-12,1.4814087023203835e-12,-5.6924243539604767e-11,-4.8684852222818407e-11
3.82e-05,1.7431653111536836e-12,1.7901496479614621e-12,-6.2457908316367469e-11,-5.3899369433825251e-11
3.8300000000000003e-05,2.103068663667222e-12,2.1600228918414069e-12,-6.5243255646445886e-11,-5.6610380754584772e-11
3.8399999999999998e-05,2.5335106832211605e-12,2.6024513232338551e-12,-6.4943057673254771e-11,-5.6505549880358939e-11
3.8500000000000001e-05,3.0475235051001052e-12,3.1308536420250001e-12,-6.1353380365310449e-11,-5.3395021537186715e-11
3.8600000000000003e-05,3.6603871344219619e-12,3.7609661257786464e-12,-5.4422845712555667e-11,-4.7229600887652604e-11
3.8699999999999999e-05,4.3899863954560108e-12,4.5112112807328476e-12,-4.4265615903583668e-11,-3.811320398430786e-11
3.8800000000000001e-05,5.2572189149909961e-12,5.4031193274266786e-12,-3.1167054153470942e-11,-2.6308572426038228e-11
3.8900000000000004e-05,6.2864604495852769e-12,6.46180907845559e-12,-1.558130153490269e-11,-1.2235501697506079e-11
3.8999999999999999e-05,7.5060944817607412e-12,7.7165354101264956e-12,1.8796525122124491e-12,3.5388584237283419e-12
3.9100000000000002e-05,8.9491136584174991e-12,9.2013112096251871e-12,2.0465448855263146e-11,2.0317722608577392e-11
3.9200000000000004e-05,1.0653801322971853e-11,1.095561239183963e-11,3.9315023887551868e-11,3.7300120829274647e-11
3.93e-05,1.2664502096878785e-11,1.3025175321202104e-11,5.749168422199628e-11,5.3613403930030876e-11
3.9400000000000002e-05,1.5032491190964737e-11,1.5462896738543252e-11,7.4024409026938868e-11,6.8351741332193038e-11
3.9499999999999998e-05,1.7816952865632945e-11,1.8329847074276081e-11,8.7953822169374795e-11,8.0619186381938948e-11
3.96e-05,2.108607920321423e-11,2.1696408818929248e-11,9.8380948169792177e-11,8.9575564387629179e-11
3.9700000000000003e-05,2.4918301095499376e-11,2.5643552410038865e-11,1.0451660350667385e-10,9.4483176789346384e-11
3.9799999999999998e-05,2.9403664072903924e-11,3.0264262868666013e-11,1.0572909419499226e-10,9.4752128043049306e-11
3.9900000000000001e-05,3.4645362294852086e-11,3.5665131165221358e-11,1.0158780506292187e-10,8.998198316286046e-11
4.0000000000000003e-05,4.0761444667725487e-11,4.1968124996500013e-11,9.1900285765051416e-11,7.9997463844001056e-11
4.0099999999999999e-05,4.7886707638717399e-11,4.9312554295140682e-11,7.6740569066700921e-11,6.4875996404339754e-11
4.0200000000000001e-05,5.6174789710388943e-11,5.7857247347929137e-11,5.6466699704635499e-11,4.4965137795467915e-11
4.0300000000000004e-05,6.5800483108406345e-11,6.7782953846715946e-11,3.1725803587859894e-11,2.0888224532220877e-11
4.0399999999999999e-05,7.6962278288122034e-11,7.9294991508861994e-11,3.4454787802302978e-12,-6.4629933533052251e-12
4.0500000000000002e-05,8.9885157056140582e-11,9.2626153054114043e-11,-2.7189171709877453e-11,-3.5949467031728476e-11
4.0599999999999998e-05,1.0482364998015579e-10,1.0803989028015449e-10,-5.8772937763824992e-11,-6.6219870908275818e-11
4.07e-05,1.2206517343123913e-10,1.2583379170584319e-10,-8.9731748376524263e-11,-9.5759065020066352e-11
4.0800000000000002e-05,1.4193366101237817e-10,1.4634336971321594e-10,-1.183865075404566e-10,-1.2294887830588021e-10
4.0899999999999998e-05,1.6479350323855919e-10,1.6994617227848571e-10,-1.4302759030627925e-10,-1.4613944011045297e-10
4.1e-05,1.9105380810874044e-10,1.9706623319885827e-10,-1.6199743358504977e-10,-1.6372866140148287e-10
4.1100000000000003e-05,2.2117299360934437e-10,2.281788731550084e-10,-1.7377808428701978e-10,-1.7424689707794053e-10
4.1199999999999999e-05,2.5566372117262489e-10,2.6381586195704666e-10,-1.7708008769919851e-10,-1.7644333428614823e-10
4.1300000000000001e-05,2.9509817664187864e-10,3.0457094986329673e-10,-1.7092873758341572e-10,-1.6937027487475567e-10
4.1400000000000003e-05,3.4011370233040732e-10,3.5110577289561632e-10,-1.5474348892795851e-10,-1.5246123610710068e-10
4.1499999999999999e-05,3.9141878026575092e-10,4.0415613356353058e-10,-1.2840627271686692e-10,-1.2559870138035076e-10
4.1600000000000002e-05,4.4979936265128719e-10,4.64538654316131e-10,-9.2314562034563625e-11,-8.9167425827486444e-11
4.1700000000000004e-05,5.1612554092419095e-10,5.3315779633352356e-10,-4.7415326574605497e-11,-4.408944808201935e-11
4.18e-05,5.9135853951767266e-10,6.1101323092187434e-10,4.7835224928849256e-12,8.1626195910162668e-12
4.1900000000000002e-05,6.7655801452876951e-10,6.992075447677333e-10,6.2226961049097665e-11,6.5576860984721223e-11
4.1999999999999998e-05,7.7288963094132452e-10,7.9895425362643552e-10,1.2235392917501545e-10,1.2563997825857668e-10
4.21e-05,8.8163288485742406e-10,9.1158609166383204e-10,1.8216671138807933e-10,1.8540307845757422e-10
4.2200000000000003e-05,1.0041891293610593e-09,1.0385635356496413e-09,2.3832864992996926e-10,2.4157554524286727e-10
4.2299999999999998e-05,1.142089754199649e-09,1.1814835145366754e-09,2.8728912697513481e-10,2.9064614914925672e-10
4.2400000000000001e-05,1.297004460461384e-09,1.3420882456901732e-09,3.254336265425247e-10,3.2902944195659259e-10
4.2500000000000003e-05,1.4707495619043776e-09,1.5222741292090141e-09,3.4925557271657601e-10,3.53234373628114e-10
4.2599999999999999e-05,1.6652962346302584e-09,1.7241006214772589e-09,3.5554558091673556e-10,3.6005100646668164e-10
4.2700000000000001e-05,1.8827786264821352e-09,1.9497989983913394e-09,3.4159279717434707e-10,3.4675022396460685e-10
4.2800000000000004e-05,2.1255017269970931e-09,2.2017809077371489e-09,3.0539217840532049e-10,3.1129048337233986e-10
4.2899999999999999e-05,2.395948888090181e-09,2.482646599076065e-09,2.4585092326441958e-10,2.5252498060278241e-10
4.3000000000000002e-05,2.6967888750457483e-09,2.7951927083958999e-09,1.6298683175187511e-10,1.7040211842708361e-10
4.3100000000000004e-05,3.0308823170209621e-09,3.1424194638714804e-09,5.8111179406170511e-11,6.6151922715422486e-11
4.32e-05,3.4012874163255401e-09,3.5275371685625197e-09,-6.6011242176118908e-11,-5.7548942079869226e-11
4.3300000000000002e-05,3.8112647664529477e-09,3.9539718059788891e-09,-2.0503193240403934e-10,-1.9644063527529104e-10
4.3399999999999998e-05,4.264281120444163e-09,4.4253696054120577e-09,-3.5292474680819516e-10,-3.4457861709764307e-10
4.35e-05,4.7640119439267094e-09,4.9456003960330305e-09,-5.0193376774911312e-10,-4.9427287583826605e-10
4.3600000000000003e-05,5.3143425813669896e-09,5.5187595722758828e-09,-6.4256742544151726e-10,-6.3607259388084752e-10
4.3699999999999998e-05,5.9193678599942349e-09,6.1491684882607951e-09,-7.636420006897254e-10,-7.5879967727383886e-10
4.3800000000000001e-05,6.583389953800303e-09,6.8413730962708701e-09,-8.5237615541229292e-10,-8.4963312760991019e-10
4.3900000000000003e-05,7.310914330297165e-09,7.6001406438988775e-09,-8.9453652593562918e-10,-8.9424465162560723e-10
4.3999999999999999e-05,8.1066436056284412e-09,8.4304542467396991e-09,-8.7463273000879331e-10,-8.7698423438236424e-10
4.4100000000000001e-05,8.9754691394817094e-09,9.3375051587328229e-09,-7.7615843890867127e-10,-7.8111270242725815e-10
4.4200000000000004e-05,9.9224602103200647e-09,1.032668257075537e-08,-5.8187351099730799e-10,-5.8907663366011485e-10
4.4299999999999999e-05,1.095285062400869e-08,1.1403560780108283e-08,-2.7412063327453574e-10,-2.8281939139233608e-10
4.4400000000000002e-05,1.2072022625190453e-08,1.2573883589376448e-08,1.6483146827145538e-10,1.5587936905590622e-10
4.4500000000000004e-05,1.3285488000960659e-08,1.3843545812990465e-08,7.5242735549807725e-10,7.4504459576183638e-10
4.46e-05,1.4598866290655333e-08,1.5218571793839216e-08,1.505456747230915e-09,1.5021369781729865e-09
4.4700000000000002e-05,1.6017860043993141e-08,1.6705090860588203e-08,2.4396895266771655e-09,2.4436848345114854e-09
4.4799999999999998e-05,1.7548227102426297e-08,1.8309309688992297e-08,3.569524735218216e-09,3.5849275886492941e-09
4.49e-05,1.9195749915313168e-08,2.003748156742137e-08,4.9076642946564535e-09,4.9394816542951867e-09
4.5000000000000003e-05,2.0966201943293049e-08,2.1895872607926616e-08,6.4648217290493553e-09,6.5190391566321658e-09
4.5099999999999998e-05,2.2865311245799607e-08,2.3890724989254587e-08,8.2494753274683381e-09,8.3331091712690686e-09
4.5200000000000001e-05,2.4898721397669783e-08,2.6028217366954588e-08,1.0267674019672344e-08,1.0388810063559645e-08
4.5300000000000003e-05,2.7071949930863099e-08,2.8314422637705325e-08,1.2522902759711925e-08,1.269072009706438e-08
4.5399999999999999e-05,2.9390344550864311e-08,3.0755263299679424e-08,1.5016012471809217e-08,1.5240791789507764e-08
4.5500000000000001e-05,3.1859037432751074e-08,3.3356464707524371e-08,1.7745217662961793e-08,1.8038333580292934e-08
4.5600000000000004e-05,3.4482897958406089e-08,3.6123506578606778e-08,2.0706162710782413e-08,2.1080060297198295e-08
4.57e-05,3.7266484313068022e-08,3.9061573165668648e-08,2.3892055663229618e-08,2.4360211740315219e-08
4.5800000000000002e-05,4.0213994415369992e-08,4.2175502568996917e-08,2.7293866213234956e-08,2.7870736512499148e-08
4.5899999999999998e-05,4.3329216709134104e-08,4.5469735717525707e-08,3.0900582411706656e-08,3.1601536093900794e-08
4.6e-05,4.6615481396313629e-08,4.8948265601798782e-08,3.4699518731806309e-08,3.5540762159324314e-08
4.6100000000000002e-05,5.0075612737368134e-08,5.2614587391163682e-08,3.8676666366550546e-08,3.9675158343785779e-08
4.6199999999999998e-05,5.371188308673357e-08,5.6471650111638187e-08,4.2817075195038011e-08,4.3990436140276801e-08
4.6300000000000001e-05,5.7525969365587263e-08,6.0521810598231488e-08,4.7105255745146248e-08,4.8471673422410319e-08
4.6400000000000003e-05,6.1518912700477912e-08,6.4766790464753749e-08,5.1525588756389922e-08,5.3103723270332978e-08
4.6499999999999999e-05,6.5691081973281387e-08,6.9207636853956843e-08,5.6062729636648684e-08,5.7871620375444596e-08
4.6600000000000001e-05,7.0042142034091301e-08,7.3844687739909008e-08,6.0701995227127588e-08,6.2760972327901561e-08
4.6700000000000003e-05,7.4571027322877596e-08,7.8677542551587396e-08,6.542972084232506e-08,6.7758323555300173e-08
4.6799999999999999e-05,7.9275921626982065e-08,8.37050388706579e-08,7.0233576521665612e-08,7.2851480570245108e-08
4.6900000000000002e-05,8.4154244668851148e-08,8.8925235926330599e-08,7.5102832786863704e-08,7.8029788471999041e-08
4.7000000000000004e-05,8.9202646171107479e-08,9.4335405565249548e-08,8.0028567900208722e-08,8.3284350291594989e-08
4.71e-05,9.44170079836314e-08,9.9932031314034968e-08,8.5003810606353575e-08,8.8608182715651579e-08
4.7200000000000002e-05,9.9792454779513361e-08,1.0571081607604174e-07,9.0023614545939365e-08,9.3996303904949782e-08
4.7299999999999998e-05,1.0532337373359807e-07,1.1166669891211714e-07,9.5085062876334405e-08,9.9445751463519417e-08
4.74e-05,1.1100344348923422e-07,1.1779388124794501e-07,1.0018720404025636e-07,1.0495553102990524e-07
4.7500000000000003e-05,1.1682567259648066e-07,1.2408586272860955e-07,1.0533092200104872e-07,1.1052649836793749e-07
4.7599999999999998e-05,1.2278244746947455e-07,1.3053548680532749e-07,1.1051874652833103e-07,1.1616118014290662e-07
4.7700000000000001e-05,1.2886558976338932e-07,1.3713499599129004e-07,1.1575461118721048e-07,1.2186354069633182e-07
4.7800000000000003e-05,1.3506642291423124e-07,1.4387609656502732e-07,1.2104356848234061e-07,1.2763870400026121e-07
4.7899999999999999e-05,1.4137584741985079e-07,1.507500323328361e-07,1.2639147306825974e-07,1.3349264151086083e-07
4.8000000000000001e-05,1.4778442427055249e-07,1.5774766688916656e-07,1.3180464500494089e-07,1.3943183779313112e-07
4.8100000000000004e-05,1.5428246576548855e-07,1.6485957363834554e-07,1.372895256716069e-07,1.4546294650996603e-07
4.8199999999999999e-05,1.6086013277984007e-07,1.7207613266586844e-07,1.4285233912780938e-07,1.5159244963111659e-07
4.8300000000000002e-05,1.6750753738110565e-07,1.7938763337621695e-07,1.4849877142016334e-07,1.578263325094583e-07
4.8400000000000004e-05,1.7421484953432994e-07,1.8678438165049684e-07,1.5423367958516549e-07,1.6416978679920543e-07
4.85e-05,1.8097240648964294e-07,1.9425681012502184e-07,1.6006084091913535e-07,1.7062695207674354e-07
4.8600000000000002e-05,1.8777082331494777e-07,2.0179559005526526e-07,1.6598275151792659e-07,1.7720070550933363e-07
4.8699999999999998e-05,1.9460110292587317e-07,2.0939174311232906e-07,1.7200048118841422e-07,1.8389250705548678e-07
4.88e-05,2.0145474387796619e-07,2.1703675136510724e-07,1.7811358967095462e-07,1.9070230554154885e-07
4.8900000000000003e-05,2.0832384412611071e-07,2.2472266363431906e-07,1.8432010676648579e-07,1.9762850862147124e-07
4.8999999999999998e-05,2.1520119892656177e-07,2.3244219636793434e-07,1.9061657652131706e-07,2.0466801717794648e-07
4.9100000000000001e-05,2.2208039106063486e-07,2.4018882718417584e-07,1.9699816317778106e-07,2.1181632225487984e-07
4.9200000000000003e-05,2.2895587159829549e-07,2.4795687926072454e-07,2.0345881424177458e-07,2.1906766021667325e-07
4.9299999999999999e-05,2.3582302949637174e-07,2.5574159481882098e-07,2.0999147383774228e-07,2.2641521959963694e-07
4.9400000000000001e-05,2.4267824844085312e-07,2.6353919605979384e-07,2.1658833760058952e-07,2.3385139114003195e-07
4.9500000000000004e-05,2.4951894949595455e-07,2.7134693205950845e-07,2.2324113876565074e-07,2.4136805080753206e-07
4.9599999999999999e-05,2.5634361831365686e-07,2.7916311031279754e-07,2.299414539234781e-07,2.4895686440643757e-07
4.9700000000000002e-05,2.6315181588472151e-07,2.8698711184368199e-07,2.3668101615219348e-07,2.5660960147881592e-07
4.9800000000000004e-05,2.699441720731902e-07,2.9481938905571152e-07,2.4345202295666432e-07,2.6431844588721476e-07
4.99e-05,2.7672236146764874e-07,3.0266144578667903e-07,2.5024742664310679e-07,2.7207629058448648e-07
5.0000000000000002e-05,2.8348906139961404e-07,3.1051579934894836e-07,2.5706119543411491e-07,2.7987700469143191e-07
5.0099999999999998e-05,2.9024789231694572e-07,3.183859246753838e-07,2.6388853475820142e-07,2.877156620774677e-07
5.02e-05,2.9700334105197571e-07,3.2627618104523246e-07,2.7072605968881877e-07,2.9558872213577021e-07
5.0300000000000003e-05,3.037606678831229e-07,3.3419172222731278e-07,2.775719114027178e-07,3.0349415530655357e-07
5.0399999999999999e-05,3.1052579864748201e-07,3.4213839124187715e-07,2.8442581270577354e-07,3.1143150805995685e-07
5.0500000000000001e-05,3.1730520351212559e-07,3.5012260129936524e-07,2.9128906005371728e-07,3.1940190442185077e-07
5.0600000000000003e-05,3.2410576434516184e-07,3.5815120481540822e-07,2.9816445198529786e-07,3.2740798362104861e-07
5.0699999999999999e-05,3.3093463293534072e-07,3.6623135271815355e-07,3.0505615639145129e-07,3.3545377595964681e-07
5.0800000000000002e-05,3.3779908258263667e-07,3.7437034654757008e-07,3.1196952146987376e-07,3.4354452146214415e-07
5.0900000000000004e-05,3.4470635581349439e-07,3.8257548608842136e-07,3.1891083746662924e-07,3.5168643814870859e-07
5.1e-05,3.5166351115554647e-07,3.9085391547110474e-07,3.2588705829759156e-07,3.598864488146412e-07
5.1100000000000002e-05,3.5867727203059735e-07,3.9921247081033016e-07,3.3290549379479435e-07,3.6815187690127032e-07
5.1199999999999998e-05,3.6575388088549496e-07,4.07657532524385e-07,3.3997348457063332e-07,3.7649012334633714e-07
5.13e-05,3.7289896167336901e-07,4.1619488548242704e-07,3.4709807228598826e-07,3.8490833715141103e-07
5.1400000000000003e-05,3.8011739371919499e-07,4.248295900601995e-07,3.542856784132665e-07,3.9341309276480571e-07
5.1499999999999998e-05,3.8741319985193865e-07,4.3356586704368104e-07,3.6154180438716613e-07,4.0201008723382565e-07
5.1600000000000001e-05,3.9478945146058022e-07,4.4240699910513322e-07,3.6887076533844336e-07,4.1070386943221502e-07
5.1700000000000003e-05,4.0224819283489967e-07,4.5135525128831749e-07,3.7627546843232843e-07,4.1949761253913794e-07
5.1799999999999999e-05,4.0979038678774037e-07,4.6041181258278904e-07,3.8375724522439925e-07,4.2839293937448593e-07
5.1900000000000001e-05,4.1741588312922333e-07,4.6957676024658468e-07,3.9131574546057169e-07,4.3738980823928164e-07
5.2000000000000004e-05,4.2512341108263762e-07,4.7884904805967921e-07,3.9894889745690151e-07,4.4648646464103073e-07
5.2099999999999999e-05,4.3291059620588213e-07,4.8822651916655346e-07,4.0665293768332119e-07,4.5567946178647742e-07
5.2200000000000002e-05,4.4077400182248514e-07,4.9770594360605872e-07,4.1442250953643933e-07,4.6496375009145743e-07
5.2300000000000004e-05,4.4870919438492776e-07,5.0728308004298621e-07,4.2225082861848969e-07,4.7433283328855092e-07
5.24e-05,4.567108316040559e-07,5.1695276062213674e-07,4.301299092425709e-07,4.8377898610837314e-07
5.2500000000000002e-05,4.6477277159648536e-07,5.2670899727696865e-07,4.3805084445616946e-07,4.9329352606872838e-07
5.2599999999999998e-05,4.7288820074235024e-07,5.3654510725646517e-07,4.4600412970806501e-07,5.0286712972021334e-07
5.27e-05,4.8104977742397352e-07,5.4645385510129115e-07,4.5398001846048174e-07,5.1249018185123616e-07
5.2800000000000003e-05,4.8924978834723077e-07,5.564276078189976e-07,4.6196889663967358e-07,5.221531447212021e-07
5.2899999999999998e-05,4.9748031374603915e-07,5.6645849959275536e-07,4.6996166187895402e-07,5.3184693342386305e-07
5.3000000000000001e-05,5.0573339744992347e-07,5.7653860202252309e-07,4.779500930770542e-07,5.4156328302293176e-07
5.3100000000000003e-05,5.1400121756676186e-07,5.8666009565382877e-07,4.8592719589103107e-07,5.5129509316884713e-07
5.3199999999999999e-05,5.2227625340743365e-07,5.9681543840766271e-07,4.9388751040699335e-07,5.6103673650031385e-07
5.3300000000000001e-05,5.3055144426359876e-07,6.0699752649317222e-07,5.018273683645836e-07,5.7078431823731743e-07
5.3400000000000004e-05,5.3882033574897321e-07,6.171998434680638e-07,5.097450889143593e-07,5.8053587594700581e-07
5.3499999999999999e-05,5.4707720962995782e-07,6.2741659331203324e-07,5.1764110390597718e-07,5.9029151045387752e-07
5.3600000000000002e-05,5.5531719340189872e-07,6.3764281369509792e-07,5.2551800606858381e-07,6.0005344120156585e-07
5.3700000000000004e-05,5.6353634630785731e-07,6.4787446605107767e-07,5.3338051607013146e-07,6.0982598197088651e-07
5.38e-05,5.7173171903947368e-07,6.5810849959893415e-07,5.4123536723651666e-07,6.1961543562565056e-07
5.3900000000000002e-05,5.7990138499299715e-07,6.6834288708023123e-07,5.4909110957525195e-07,6.2942990939399127e-07
5.3999999999999998e-05,5.8804444166345791e-07,6.7857663068549496e-07,5.5695783758083905e-07,6.392790549976947e-07
5.41e-05,5.9616098152904611e-07,6.8880973740874743e-07,5.6484684899879434e-07,6.4917374061450535e-07
5.4200000000000003e-05,6.0425203258648851e-07,6.9904316387848643e-07,5.7277024419768563e-07,6.5912566410313917e-07
5.4299999999999998e-05,6.1231946952501426e-07,7.0927873154342665e-07,5.8074047795554897e-07,6.6914691905111815e-07
5.4400000000000001e-05,6.203658973484957e-07,7.1951901391943478e-07,5.8876987723321514e-07,6.7924952694591735e-07
5.4500000000000003e-05,6.2839451004886531e-07,7.2976719840655835e-07,5.9687013982031133e-07,6.8944495005948037e-07
5.4599999999999999e-05,6.3640892767525217e-07,7.4002692593791403e-07,6.0505182955482363e-07,6.9974360043025317e-07
5.4700000000000001e-05,6.4441301580939632e-07,7.5030211240216179e-07,6.1332388410631306e-07,7.1015436059899124e-07
5.4800000000000004e-05,6.5241069202711196e-07,7.6059675636631566e-07,6.2169315106734711e-07,7.2068413149721996e-07
5.49e-05,6.6040572437837234e-07,7.7091473809579095e-07,6.3016396732746978e-07,7.3133742211105693e-07
5.5000000000000002e-05,6.6840152723823295e-07,7.8125961520663472e-07,6.3873779543742053e-07,7.4211599427865431e-07
5.5100000000000004e-05,6.7640096005402872e-07,7.9163442047706324e-07,6.4741292895422616e-07,7.5301857427251524e-07
5.52e-05,6.8440613453181861e-07,8.020414673818978e-07,6.5618427665067281e-07,7.6404064073134068e-07
5.5300000000000002e-05,6.9241823566207494e-07,8.1248216878889606e-07,6.650432330504765e-07,7.7517429611393603e-07
5.5399999999999998e-05,7.0043736168111677e-07,8.2295687396971227e-07,6.7397764009653044e-07,7.8640822623527969e-07
5.5500000000000001e-05,7.0846238760571793e-07,8.3346472863472805e-07,6.8297184196624149e-07,7.977277497034062e-07
5.5600000000000003e-05,7.1649085637362e-07,8.4400356210971829e-07,6.9200683220968143e-07,8.091149562999952e-07
5.5699999999999999e-05,7.2451890088721276e-07,8.5456980504765999e-07,7.0106048959893062e-07,8.2054893063247088e-07
5.5800000000000001e-05,7.3254119941082001e-07,8.651584402300243e-07,7.1010789643252302e-07,8.3200605482156254e-07
5.5900000000000004e-05,7.4055096583741505e-07,8.7576298808187816e-07,7.191217306236176e-07,8.434603816601271e-07
5.5999999999999999e-05,7.4853997534525568e-07,8.8637552753095884e-07,7.280727207905781e-07,8.5488406766105794e-07
5.6100000000000002e-05,7.5649862493871194e-07,8.9698675181233737e-07,7.3693015182892697e-07,8.6624785376603205e-07
5.6200000000000004e-05,7.6441602734218178e-07,9.0758605778909847e-07,7.456624071246839e-07,8.7752158026086021e-07
5.63e-05,7.7228013572405185e-07,9.1816166635840475e-07,7.5423753270611663e-07,8.8867472166916635e-07
5.6400000000000002e-05,7.8007789580165053e-07,9.2870077057412098e-07,7.6262380824230836e-07,8.9967692708931061e-07
5.6500000000000005e-05,7.8779542104927181e-07,9.3918970727344392e-07,7.7079030988479991e-07,9.1049855159915886e-07
5.66e-05,7.9541818602854029e-07,9.4961414727510587e-07,7.7870745049827611e-07,9.2111116496092733e-07
5.6700000000000003e-05,8.0293123230916361e-07,9.5995929864677029e-07,7.8634748380746833e-07,9.3148802488211066e-07
5.6799999999999998e-05,8.1031938106966645e-07,9.702101171410384e-07,7.9368496035642256e-07,9.4160450348089463e-07
5.6900000000000001e-05,8.17567446277944e-07,9.803515176896472e-07,8.0069712487629027e-07,9.5143845730783715e-07
5.7000000000000003e-05,8.2466044236046905e-07,9.9036858083470822e-07,8.0736424662324684e-07,9.6097053322267917e-07
5.7099999999999999e-05,8.3158378048022389e-07,1.0002467481684473e-06,8.1366987640571664e-07,9.7018440454184593e-07
5.7200000000000001e-05,8.3832344795364286e-07,1.0099720012462575e-06,8.196010262924381e-07,9.7906693408168636e-07
5.7300000000000004e-05,8.4486616593581781e-07,1.0195310190224524e-06,8.2514827030168711e-07,9.8760826294694131e-07
5.7399999999999999e-05,8.5119952127393009e-07,1.0289113096174352e-06,8.3030576663974458e-07,9.9580182607780497e-07
5.7500000000000002e-05,8.5731206934787641e-07,1.038101313136189e-06,8.3507120421122418e-07,1.0036442976023206e-06
5.7600000000000004e-05,8.631934057551204e-07,1.0470904732921539e-06,8.3944567809865441e-07,1.0111354708805175e-06
5.77e-05,8.6883420581970082e-07,1.0558692767137863e-06,8.4343350044760283e-07,1.0182780797199311e-06
5.7800000000000002e-05,8.7422623207494961e-07,1.0644292599853772e-06,8.4704195464964509e-07,1.0250775685466836e-06
5.7899999999999998e-05,8.7936231104499923e-07,1.0727629856582204e-06,8.5028100185502496e-07,1.0315418203026005e-06
5.8e-05,8.8423628178949881e-07,1.0808639896207187e-06,8.5316294964832728e-07,1.037680851490587e-06
5.8100000000000003e-05,8.888429197371442e-07,1.0887267032941805e-06,8.5570209317526243e-07,1.0435064841036424e-06
5.8199999999999998e-05,8.9317784027639739e-07,1.096346355084214e-06,8.5791433912155939e-07,1.049032004156924e-06
5.8300000000000001e-05,8.9723738735903784e-07,1.1037188563280278e-06,8.5981682273203016e-07,1.05427181621797e-06
5.8400000000000003e-05,9.0101851297149455e-07,1.1108406776024622e-06,8.6142752754638467e-07,1.0592411027283335e-06
5.8499999999999999e-05,9.0451865371376257e-07,1.1177087216688942e-06,8.6276491675509601e-07,1.0639554960710646e-06
5.8600000000000001e-05,9.077356108767275e-07,1.1243201995089962e-06,8.6384758408707289e-07,1.0684307703080115e-06
5.8700000000000004e-05,9.1066744031457276e-07,1.1306725158374326e-06,8.6469393098065818e-07,1.072682558340993e-06
5.8799999999999999e-05,9.1331235806701539e-07,1.136763170160393e-06,8.6532187551275621e-07,1.0767260989938087e-06
5.8900000000000002e-05,9.1566866710286318e-07,1.1425896788879259e-06,8.6574859722100056e-07,1.0805760172208215e-06
5.9000000000000004e-05,9.1773470974742403e-07,1.1481495232180678e-06,8.6599032060289665e-07,1.084246139374077e-06
5.91e-05,9.1950884934605188e-07,1.1534401265154214e-06,8.6606213876230608e-07,1.087749344249814e-06
5.9200000000000002e-05,9.2098948353722823e-07,1.1584588637380683e-06,8.6597787744166485e-07,1.091097449528902e-06
5.9299999999999998e-05,9.22175090200943e-07,1.1632031041638519e-06,8.6574999856429708e-07,1.0943011322559638e-06
5.94e-05,9.2306430575761751e-07,1.167670287275634e-06,8.6538954144554841e-07,1.0973698811947396e-06
5.9500000000000003e-05,9.2365603406973909e-07,1.1718580302351907e-06,8.6490609903418198e-07,1.1003119782680623e-06
5.9599999999999999e-05,9.23949582795768e-07,1.1757642639600414e-06,8.6430782592987239e-07,1.1031345058463987e-06
5.9700000000000001e-05,9.2394482271759183e-07,1.1793873934706431e-06,8.6360147449138407e-07,1.1058433763878978e-06
5.9800000000000003e-05,9.2364236436146176e-07,1.1827264769500908e-06,8.6279245509890261e-07,1.1084433808441139e-06
5.9899999999999999e-05,9.2304374520741938e-07,1.1857814169047126e-06,8.6188491655069135e-07,1.110938252312561e-06
6.0000000000000002e-05,9.2215161997796421e-07,1.1885531559767314e-06,8.6088184263994395e-07,1.1133307416156236e-06
6.0100000000000004e-05,9.2096994595047344e-07,1.1910438693776881e-06,8.5978516114889481e-07,1.1156227017881564e-06
6.02e-05,9.1950415497833722e-07,1.1932571456132374e-06,8.5859586178658671e-07,1.1178151788314693e-06
6.0300000000000002e-05,9.1776130395175454e-07,1.1951981471761938e-06,8.5731411995476813e-07,1.1199085065086439e-06
6.0400000000000004e-05,9.1575019578853214e-07,1.1968737432042589e-06,8.5593942362378704e-07,1.1219024033829469e-06
6.05e-05,9.1348146371439173e-07,1.1982926067293302e-06,8.5447070100815741e-07,1.1237960707091267e-06
6.0600000000000003e-05,9.109676125559365e-07,1.199465270072391e-06,8.5290644712439188e-07,1.1255882901506689e-06
6.0699999999999998e-05,9.0822301200076252e-07,1.200404133136135e-06,8.5124484766895406e-07,1.1272775205941855e-06
6.0800000000000001e-05,9.0526383824075879e-07,1.2011234207800937e-06,8.4948389895501272e-07,1.1288619935503925e-06
6.0900000000000003e-05,9.0210796205933062e-07,1.2016390870839718e-06,8.4762152288118963e-07,1.1303398067600005e-06
6.0999999999999999e-05,8.98774783195989e-07,1.2019686660597191e-06,8.4565567606732922e-07,1.1317090156619923e-06
6.1100000000000008e-05,8.9528501266118458e-07,1.2021310702007897e-06,8.4358445238234039e-07,1.1329677223341014e-06
6.1199999999999997e-05,8.9166040651516091e-07,1.2021463400932076e-06,8.4140617811204167e-07,1.1341141613923458e-06
6.1299999999999999e-05,8.8792345640010953e-07,1.2020353500906872e-06,8.3911949898222739e-07,1.1351467821540124e-06
6.1400000000000002e-05,8.8409704375906837e-07,1.2018194767091633e-06,8.3672345817854622e-07,1.1360643261464653e-06
6.1500000000000004e-05,8.8020406612532825e-07,1.2015202378618805e-06,8.3421756440843724e-07,1.1368658988061257e-06
6.1600000000000007e-05,8.7626704506598553e-07,1.2011589122776138e-06,8.3160184895177751e-07,1.1375510339827486e-06
6.1699999999999995e-05,8.7230772626428663e-07,1.2007561493725745e-06,8.2887691056686866e-07,1.1381197496688595e-06
6.1799999999999998e-05,8.6834668278931702e-07,1.2003315804420887e-06,8.2604394707725541e-07,1.1385725932368766e-06
6.19e-05,8.6440293280200709e-07,1.1999034422739196e-06,8.231047724810289e-07,1.1389106744078597e-06
6.2000000000000003e-05,8.6049358277003984e-07,1.1994882241468439e-06,8.2006181851277911e-07,1.1391356842138352e-06
6.2100000000000005e-05,8.5663350671151993e-07,1.1991003486652183e-06,8.1691811976047078e-07,1.1392498983611755e-06
6.2200000000000008e-05,8.5283507107269053e-07,1.1987518960062133e-06,8.1367728170086471e-07,1.1392561636632115e-06
6.2299999999999996e-05,8.4910791359666532e-07,1.1984523799482693e-06,8.1034343136849342e-07,1.1391578665839575e-06
6.2399999999999999e-05,8.4545878299898407e-07,1.1982085825470495e-06,8.0692115080868005e-07,1.1389588834164103e-06
6.2500000000000001e-05,8.4189144448400101e-07,1.1980244525800846e-06,8.0341539397391631e-07,1.1386635121931891e-06
6.2600000000000004e-05,8.3840665417534947e-07,1.1979010709543608e-06,7.9983138828796737e-07,1.1382763870754067e-06
6.2700000000000006e-05,8.3500220346280779e-07,1.1978366842304555e-06,7.9617452270193145e-07,1.1378023766621742e-06
6.2799999999999995e-05,8.3167303216017829e-07,1.1978268053354512e-06,7.924502246756911e-07,1.1372464683792657e-06
6.2899999999999997e-05,8.2841140729933907e-07,1.1978643784894264e-06,7.8866382910837134e-07,1.1366136418073303e-06
6.3e-05,8.2520716242827975e-07,1.1979400034306266e-06,7.848204427829706e-07,1.1359087344659919e-06
6.3100000000000002e-05,8.2204799050537675e-07,1.1980422122620976e-06,7.8092480835330136e-07,1.1351363041438418e-06
6.3200000000000005e-05,8.1891978195118251e-07,1.1981577907205663e-06,7.7698117225758984e-07,1.134300492325621e-06
6.3300000000000007e-05,8.1580699818593227e-07,1.1982721344403146e-06,7.7299316116684772e-07,1.1334048935863476e-06
6.3399999999999996e-05,8.1269307008755073e-07,1.1983696298927396e-06,7.6896367164676281e-07,1.132452435974834e-06
6.3499999999999999e-05,8.0956081027964664e-07,1.1984340491551898e-06,7.6489477761291683e-07,1.1314452773765505e-06
6.3600000000000001e-05,8.0639282801580823e-07,1.1984489475148999e-06,7.6078765988219562e-07,1.1303847226187966e-06
6.3700000000000003e-05,8.0317193566451211e-07,1.1983980531449592e-06,7.5664256166601259e-07,1.1292711656548772e-06
6.3800000000000006e-05,7.9988153640220629e-07,1.1982656386837069e-06,7.5245877321904404e-07,1.1281040605454932e-06
6.3899999999999995e-05,7.9650598366050382e-07,1.1980368654769901e-06,7.4823464806438572e-07,1.1268819241572813e-06
6.3999999999999997e-05,7.9303090410386122e-07,1.1976980924616063e-06,7.4396765228314148e-07,1.1256023725432884e-06
6.41e-05,7.8944347738252005e-07,1.1972371431240104e-06,7.3965444731169533e-07,1.1242621918873195e-06
6.4200000000000002e-05,7.8573266754899442e-07,1.1966435255982741e-06,7.3529100556694388e-07,1.1228574437194916e-06
6.4300000000000004e-05,7.8188940277620836e-07,1.1959086027025206e-06,7.308727570579302e-07,1.1213836028856881e-06
6.4400000000000007e-05,7.7790670179969223e-07,1.1950257104816334e-06,7.263947639834115e-07,1.119835725523277e-06
6.4499999999999996e-05,7.7377974725335329e-07,1.1939902255541361e-06,7.2185191920324174e-07,1.1182086431073143e-06
6.4599999999999998e-05,7.6950590770985039e-07,1.1927995831840182e-06,7.1723916345107254e-07,1.1164971775310368e-06
6.4700000000000001e-05,7.6508471171033084e-07,1.1914532494514974e-06,7.1255171526876476e-07,1.1146963712187109e-06
6.4800000000000003e-05,7.6051777832102345e-07,1.1899526521266874e-06,7.0778530692818186e-07,1.1128017254774244e-06
6.4900000000000005e-05,7.5580870974393005e-07,1.1883010758146468e-06,7.0293641909666536e-07,1.110809439714685e-06
6.5000000000000008e-05,7.5096295220667017e-07,1.1865035276101091e-06,6.9800250672559713e-07,1.1087166438079676e-06
6.5099999999999997e-05,7.459876317476411e-07,1.1845665798604555e-06,6.9298220861545543e-07,1.1065216158328808e-06
6.5199999999999999e-05,7.4089137159700069e-07,1.1824981966861792e-06,6.8787553334546883e-07,1.1042239775474454e-06
6.5300000000000002e-05,7.3568409764606148e-07,1.1803075506638303e-06,6.8268401475160365e-07,1.1018248604936802e-06
6.5400000000000004e-05,7.3037683802562632e-07,1.1780048355657613e-06,6.7741083088332235e-07,1.0993270363041467e-06
6.5500000000000006e-05,7.2498152211787516e-07,1.1756010803147421e-06,6.7206088134810478e-07,1.0967350057708813e-06
6.5599999999999995e-05,7.1951078345691434e-07,1.1731079684007344e-06,6.6664081913439189e-07,1.0940550424184544e-06
6.5699999999999998e-05,7.1397776998769674e-07,1.1705376659804646e-06,6.6115903435165681e-07,1.0912951876841132e-06
6.58e-05,7.0839596411378875e-07,1.1679026608011515e-06,6.5562558879699181e-07,1.0884651963006008e-06
6.5900000000000003e-05,7.0277901393466525e-07,1.165215613022363e-06,6.5005210180127964e-07,1.0855764320514307e-06
6.6000000000000005e-05,6.9714057611398129e-07,1.1624892180170658e-06,6.4445158937207412e-07,1.0826417156688259e-06
6.6100000000000007e-05,6.9149416998739371e-07,1.1597360803717595e-06,6.3883826017975988e-07,1.0796751282154831e-06
6.6199999999999996e-05,6.8585304185947203e-07,1.1569685976250781e-06,6.3322727337396988e-07,1.0766917747762166e-06
6.6299999999999999e-05,6.8023003799060543e-07,1.1541988518223888e-06,6.2763446451671562e-07,1.073707514631201e-06
6.6400000000000001e-05,6.7463748456024537e-07,1.1514385067456715e-06,6.2207604702929482e-07,1.0707386652394233e-06
6.6500000000000004e-05,6.6908707292161905e-07,1.1486987087136565e-06,6.1656829743058119e-07,1.0678016882864565e-06
6.6600000000000006e-05,6.6358974872950349e-07,1.1459899891319712e-06,6.1112723326082226e-07,1.0649128667100502e-06
6.6699999999999995e-05,6.5815560400617487e-07,1.1433221674868034e-06,6.0576829291341519e-07,1.0620879819847417e-06
6.6799999999999997e-05,6.5279377187664763e-07,1.1407042541838039e-06,6.0050602662283154e-07,1.059342001007651e-06
6.69e-05,6.4751232450585439e-07,1.1381443534894368e-06,5.953538075764238e-07,1.0566887816783297e-06
6.7000000000000002e-05,6.4231817565058287e-07,1.1356495677770472e-06,5.9032357153891353e-07,1.0541408057125623e-06
6.7100000000000005e-05,6.3721699013383748e-07,1.1332259052494703e-06,5.8542559251915604e-07,1.0517089463919508e-06
6.7200000000000007e-05,6.3221310339124425e-07,1.1308781942347951e-06,5.8066830089774534e-07,1.0494022778564248e-06
6.7299999999999996e-05,6.2730945496069461e-07,1.1286100079624739e-06,5.7605814910885326e-07,1.0472279312332308e-06
6.7399999999999998e-05,6.2250754032400599e-07,1.1264236043572829e-06,5.7159952847580111e-07,1.0451910014092518e-06
6.7500000000000001e-05,6.1780738580699141e-07,1.1243198857800714e-06,5.6729473918882655e-07,1.0432945066454224e-06
6.7600000000000003e-05,6.1320755125709566e-07,1.1222983837489702e-06,5.6314401374096594e-07,1.041539401558852e-06
6.7700000000000006e-05,6.0870516491486947e-07,1.1203572734589993e-06,5.5914559246226037e-07,1.0399246423184499e-06
6.7800000000000008e-05,6.0429599426269197e-07,1.118493422364415e-06,5.5529584817109121e-07,1.038447301271249e-06
6.7899999999999997e-05,5.9997455567503931e-07,1.1167024761974888e-06,5.5158945545083404e-07,1.0371027266961647e-06
6.7999999999999999e-05,5.9573426443175849e-07,1.1149789845895043e-06,5.4801959871156509e-07,1.0358847420208267e-06
6.8100000000000002e-05,5.9156762513029935e-07,1.1133165669732484e-06,5.4457821205603747e-07,1.0347858776821378e-06
6.8200000000000004e-05,5.8746646080308843e-07,1.1117081177375751e-06,5.4125624307471169e-07,1.0337976278994634e-06
6.8300000000000007e-05,5.8342217718579136e-07,1.1101460477458981e-06,5.3804393207502307e-07,1.0329107239910141e-06
6.8399999999999996e-05,5.7942605667686284e-07,1.1086225574065699e-06,5.3493109792415847e-07,1.0321154155169797e-06
6.8499999999999998e-05,5.7546957467263934e-07,1.1071299345879839e-06,5.3190742166058402e-07,1.0314017504861789e-06
6.86e-05,5.7154472925341097e-07,1.1056608689034695e-06,5.2896271930448178e-07,1.0307598461133347e-06
6.8700000000000003e-05,5.6764437373172741e-07,1.1042087723491595e-06,5.2608719585762706e-07,1.0301801421485186e-06
6.8800000000000005e-05,5.6376254044624085e-07,1.1027680950554464e-06,5.2327167330514148e-07,1.0296536295948419e-06
6.8900000000000008e-05,5.5989474347357752e-07,1.1013346240928858e-06,5.2050778648243472e-07,1.0291720486530752e-06
6.8999999999999997e-05,5.5603824770278894e-07,1.0999057529252617e-06,5.1778814190931921e-07,1.0287280509419948e-06
6.9099999999999999e-05,5.5219229201829186e-07,1.0984807092760717e-06,5.1510643607298279e-07,1.0283153223939483e-06
6.9200000000000002e-05,5.4835825519179387e-07,1.0970607298977984e-06,5.1245753111071659e-07,1.027928664666434e-06
6.9300000000000004e-05,5.4453975449055769e-07,1.095649172009318e-06,5.0983748734784266e-07,1.0275640343883666e-06
6.9400000000000006e-05,5.4074266894151243e-07,1.0942515529730277e-06,5.0724355363213042e-07,1.0272185410205216e-06
6.9499999999999995e-05,5.3697508159511236e-07,1.0928755120709471e-06,5.0467411781988547e-07,1.0268904055022565e-06
6.9599999999999998e-05,5.3324713793163791e-07,1.0915306909344753e-06,5.0212862106193334e-07,1.0265788831311777e-06
6.97e-05,5.2957082064567882e-07,1.0902285321892095e-06,4.9960744066574983e-07,1.026284155237121e-06
6.9800000000000003e-05,5.2595964431305391e-07,1.0889819990787244e-06,4.9711174723578382e-07,1.0260071951290431e-06
6.9900000000000005e-05,5.2242827675568271e-07,1.0878052220993837e-06,4.9464334248926993e-07,1.0257496144861005e-06
7.0000000000000007e-05,5.1899209713281238e-07,1.0867130818728154e-06,4.9220448458871351e-07,1.0255134968115795e-06
7.0099999999999996e-05,5.1566670375814511e-07,1.0857207404613823e-06,4.8979770801586122e-07,1.0253012247620374e-06
7.0199999999999999e-05,5.1246738723271291e-07,1.0848431359558482e-06,4.8742564493398188e-07,1.0251153081026036e-06
7.0300000000000001e-05,5.0940858656446462e-07,1.0840944573044737e-06,4.850908546561837e-07,1.0249582187329363e-06
7.0400000000000004e-05,5.0650334740622589e-07,1.0834876178960979e-06,4.8279566727520504e-07,1.0248322386950928e-06
7.0500000000000006e-05,5.0376280229545854e-07,1.0830337472654434e-06,4.8054204674228149e-07,1.024739326340523e-06
7.0599999999999995e-05,5.0119569276119506e-07,1.082741720392806e-06,4.7833147774314285e-07,1.0246810049321403e-06
7.0699999999999997e-05,4.9880795234612777e-07,1.0826177433890129e-06,4.7616487964767619e-07,1.0246582769274214e-06
7.08e-05,4.966023679792866e-07,1.0826650128898741e-06,4.7404254965051083e-07,1.0246715660725159e-06
7.0900000000000002e-05,4.9457833476596551e-07,1.0828834642663292e-06,4.7196413601854777e-07,1.0247206882799622e-06
7.1000000000000005e-05,4.9273171620953109e-07,1.0832696208551068e-06,4.6992864116506954e-07,1.0248048511088239e-06
7.1100000000000007e-05,4.9105481824932992e-07,1.0838165529296873e-06,4.6793445312384939e-07,1.0249226805600157e-06
7.1199999999999996e-05,4.895364814231366e-07,1.0845139511907885e-06,4.6597940294277244e-07,1.0250722728815319e-06
7.1299999999999998e-05,4.8816229109755262e-07,1.0853483153109086e-06,4.640608445927016e-07,1.0252512681849513e-06
7.1400000000000001e-05,4.8691490122837935e-07,1.0863032536874347e-06,4.6217575322539189e-07,1.0254569419360613e-06
7.1500000000000003e-05,4.8577446269774358e-07,1.0873598862223571e-06,4.6032083703873169e-07,1.0256863098227284e-06
7.1600000000000006e-05,4.8471914310993427e-07,1.088497337835291e-06,4.5849265763561705e-07,1.0259362411381304e-06
7.1700000000000008e-05,4.8372572119150287e-07,1.0896933067062923e-06,4.5668775360263715e-07,1.0262035756552162e-06
7.1799999999999997e-05,4.8277023579690689e-07,1.0909246880986683e-06,4.5490276208689096e-07,1.0264852390093406e-06
7.1899999999999999e-05,4.8182866711078069e-07,1.0921682321714817e-06,4.5313453340524715e-07,1.0267783518415562e-06
7.2000000000000002e-05,4.808776260752886e-07,1.0934012125712267e-06,4.5138023416469233e-07,1.0270803283710062e-06
7.2100000000000004e-05,4.7989502743541561e-07,1.0946020818735308e-06,4.4963743498198642e-07,1.0273889606382085e-06
7.2200000000000007e-05,4.78860722127877e-07,1.095751090172897e-06,4.4790417963729038e-07,1.0277024853655304e-06
7.2299999999999996e-05,4.7775706604135353e-07,1.0968308442957582e-06,4.461790333462177e-07,1.0280196311839818e-06
7.2399999999999998e-05,4.7656940440647337e-07,1.0978267872031507e-06,4.4446110875171394e-07,1.0283396448427203e-06
7.25e-05,4.7528645415274547e-07,1.0987275800782451e-06,4.4275006918282778e-07,1.02866229591286e-06
7.2600000000000003e-05,4.739005703786731e-07,1.0995253732479905e-06,4.4104610966384605e-07,1.0289878603836248e-06
7.2700000000000005e-05,4.7240788747021106e-07,1.1002159563221621e-06,4.3934991704722901e-07,1.0293170843924871e-06
7.2800000000000008e-05,4.7080833019494802e-07,1.1007987825757289e-06,4.3766261145344666e-07,1.0296511300985294e-06
7.2899999999999997e-05,4.6910549509937535e-07,1.1012768674611658e-06,4.359856718998635e-07,1.0299915063722879e-06
7.2999999999999999e-05,4.6730640753833863e-07,1.1016565660148341e-06,4.3432084956474609e-07,1.0303399875120721e-06
7.3100000000000001e-05,4.6542116446169832e-07,1.1019472386123602e-06,4.3267007254199374e-07,1.0306985235884308e-06
7.3200000000000004e-05,4.6346247747330526e-07,1.1021608188355673e-06,4.3103534618558162e-07,1.0310691462541855e-06
7.3300000000000006e-05,4.6144513447793455e-07,1.1023113009569401e-06,4.2941865321413583e-07,1.0314538739318147e-06
7.3399999999999995e-05,4.5938540128364993e-07,1.1024141675695099e-06,4.2782185764780915e-07,1.0318546202050209e-06
7.3499999999999998e-05,4.5730038670261862e-07,1.1024857800638061e-06,4.2624661638960085e-07,1.0322731090051911e-06
7.36e-05,4.5520739590246314e-07,1.102542755888859e-06,4.2469430185650501e-07,1.0327107998094948e-06
7.3700000000000002e-05,4.5312329695402074e-07,1.1026013567814231e-06,4.2316593853239899e-07,1.0331688255752908e-06
7.3800000000000005e-05,4.5106392469474533e-07,1.1026769113995218e-06,4.2166215567895685e-07,1.033647945547555e-06
7.3900000000000007e-05,4.4904354421869543e-07,1.1027832940891661e-06,4.2018315773164526e-07,1.0341485144194596e-06
7.3999999999999996e-05,4.4707439359506552e-07,1.1029324789240989e-06,4.1872871315494692e-07,1.0346704686284638e-06
7.4099999999999999e-05,4.4516632192709631e-07,1.1031341848031016e-06,4.1729816176600234e-07,1.0352133298613955e-06
7.4200000000000001e-05,4.4332653474471551e-07,1.1033956234159385e-06,4.1589043978986596e-07,1.0357762251496162e-06
7.4300000000000004e-05,4.4155945415657242e-07,1.1037213574715943e-06,4.1450412121187675e-07,1.0363579222884748e-06
7.4400000000000006e-05,4.3986669636776298e-07,1.1041132719135239e-06,4.1313747337020072e-07,1.0369568787364787e-06
7.4499999999999995e-05,4.3824716430552805e-07,1.1045706561280833e-06,4.1178852420727818e-07,1.0375713016622313e-06
7.4599999999999997e-05,4.3669724839390051e-07,1.1050903905866414e-06,4.1045513819155282e-07,1.0381992164266774e-06
7.47e-05,4.3521112417813335e-07,1.1056672271429373e-06,4.0913509764350943e-07,1.0388385405278213e-06
7.4800000000000002e-05,4.3378113170159801e-07,1.1062941485118883e-06,4.0782618606073094e-07,1.0394871599009681e-06
7.4900000000000005e-05,4.3239821843704531e-07,1.1069627894361933e-06,4.0652627003753843e-07,1.0401430044625786e-06
7.5000000000000007e-05,4.3105242529387675e-07,1.1076638998232915e-06,4.0523337651189886e-07,1.040804119905224e-06
7.5099999999999996e-05,4.2973339384928272e-07,1.1083878287916446e-06,4.039457623370371e-07,1.0414687329875017e-06
7.5199999999999998e-05,4.2843087252902953e-07,1.1091250081462955e-06,4.0266197355350246e-07,1.0421353079032222e-06
7.5300000000000001e-05,4.2713519999636634e-07,1.109866414312266e-06,4.0138089221127354e-07,1.042802591741157e-06
7.5400000000000003e-05,4.2583774545629853e-07,1.110603989152929e-06,4.001017691393699e-07,1.0434696475415183e-06
7.5500000000000006e-05,4.2453128786922109e-07,1.1113310023127157e-06,3.9882424165876484e-07,1.0441358739958951e-06
7.5600000000000008e-05,4.23210319079173e-07,1.1120423406385809e-06,3.9754833585742869e-07,1.0448010114001681e-06
7.5699999999999997e-05,4.2187125945460001e-07,1.1127347137128155e-06,3.9627445366907243e-07,1.0454651340324671e-06
7.5799999999999999e-05,4.2051257864753777e-07,1.1134067684089956e-06,3.9500334559426449e-07,1.0461286296671642e-06
7.5900000000000002e-05,4.1913481831958005e-07,1.1140591094866179e-06,3.9373607045106327e-07,1.0467921674308384e-06
7.6000000000000004e-05,4.1774051797229742e-07,1.1146942273854121e-06,3.9247394402153447e-07,1.0474566556379951e-06
7.6100000000000007e-05,4.1633404917017839e-07,1.115316338386623e-06,3.9121847885302535e-07,1.0481231915980602e-06
7.6199999999999995e-05,4.1492136728005598e-07,1.1159311460050145e-06,3.8997131776570604e-07,1.0487930056483833e-06
7.6299999999999998e-05,4.1350969321441098e-07,1.1165455357087344e-06,3.887341638014977e-07,1.0494674018330699e-06
7.64e-05,4.1210714042327941e-07,1.1171672177053462e-06,3.8750870941974584e-07,1.0501476977105923e-06
7.6500000000000003e-05,4.1072230442673468e-07,1.1178043344812678e-06,3.8629656770220704e-07,1.0508351657347112e-06
7.6600000000000005e-05,4.0936383344655904e-07,1.118465050971485e-06,3.8509920817886965e-07,1.0515309785179121e-06
7.6700000000000008e-05,4.0803999914696291e-07,1.1191571456346988e-06,3.8391789963576886e-07,1.0522361600622969e-06
7.6799999999999997e-05,4.0675828613147042e-07,1.1198876203194147e-06,3.8275366192916481e-07,1.0529515447422307e-06
7.6899999999999999e-05,4.055250177028855e-07,1.1206623456665582e-06,3.816072284229345e-07,1.0536777454587469e-06
7.7000000000000001e-05,4.0434503354446269e-07,1.1214857569731369e-06,3.8047902020615842e-07,1.054415131976173e-06
7.7100000000000004e-05,4.0322143252022856e-07,1.1223606130357749e-06,3.7936913275534758e-07,1.0551638200128359e-06
7.7200000000000006e-05,4.0215539084107503e-07,1.1232878276212895e-06,3.7827733520120346e-07,1.0559236712095836e-06
7.7299999999999995e-05,4.0114606253802773e-07,1.1242663800085612e-06,3.7720308186365821e-07,1.0566943036596504e-06
7.7399999999999998e-05,4.0019056567256742e-07,1.1252933076560421e-06,3.7614553525068993e-07,1.0574751122693171e-06
7.75e-05,3.9928405414722147e-07,1.1263637806193069e-06,3.7510359929393059e-07,1.0582652978457299e-06
7.7600000000000002e-05,3.9841987150583653e-07,1.1274712540163307e-06,3.7407596123278094e-07,1.0590639034908022e-06
7.7700000000000005e-05,3.9758977987060783e-07,1.1286076917478654e-06,3.7306114027128669e-07,1.05986985662852e-06
7.7800000000000007e-05,3.9678425427574417e-07,1.1297638519444163e-06,3.7205754092743695e-07,1.0606820148156566e-06
7.7899999999999996e-05,3.9599283022970362e-07,1.1309296223281098e-06,3.7106350887870717e-07,1.0614992133877049e-06
7.7999999999999999e-05,3.9520449045033245e-07,1.1320943919225119e-06,3.7007738708220755e-07,1.062320312973971e-06
7.8100000000000001e-05,3.944080754257231e-07,1.1332474443664474e-06,3.6909757001110017e-07,1.0631442449767747e-06
7.8200000000000003e-05,3.9359270178757089e-07,1.134378357513558e-06,3.6812255399561633e-07,1.0639700532442646e-06
7.8300000000000006e-05,3.92748172446467e-07,1.1354773940267488e-06,3.671509818785941e-07,1.0647969303675888e-06
7.8400000000000008e-05,3.9186536300828418e-07,1.1365358682810783e-06,3.6618168048072478e-07,1.0656242472896238e-06
7.8499999999999997e-05,3.9093657012345641e-07,1.137546476023864e-06,3.6521368970616339e-07,1.0664515752140273e-06
7.86e-05,3.8995580905300375e-07,1.1385035748427381e-06,3.6424628248986643e-07,1.0672786991346802e-06
7.8700000000000002e-05,3.8891904978750555e-07,1.1394034054826695e-06,3.6327897517793033e-07,1.0681056226542604e-06
7.8800000000000004e-05,3.8782438343730686e-07,1.14024424634325e-06,3.6231152832510782e-07,1.0689325641109723e-06
7.8900000000000007e-05,3.8667211322635118e-07,1.1410264959836226e-06,3.6134393827370199e-07,1.0697599443714374e-06
7.8999999999999996e-05,3.8546476716755063e-07,1.1417526810684547e-06,3.6037642023043429e-07,1.0705883669618092e-06
7.9099999999999998e-05,3.8420703227501244e-07,1.1424273898106406e-06,3.5940938386937942e-07,1.0714185914868432e-06
7.9200000000000001e-05,3.8290561288287154e-07,1.1430571335165433e-06,3.5844340274849594e-07,1.0722515015184704e-06
7.9300000000000003e-05,3.8156901820471217e-07,1.143650141237413e-06,3.5747917902606107e-07,1.0730880683134524e-06
7.9400000000000006e-05,3.8020728660444514e-07,1.1442160947060201e-06,3.5651750509536778e-07,1.0739293118387381e-06
7.9500000000000008e-05,3.7883165609359014e-07,1.1447658126319661e-06,3.5555922381843789e-07,1.0747762606412094e-06
7.9599999999999997e-05,3.7745419226854655e-07,1.1453108949962211e-06,3.5460518903192725e-07,1.0756299120945509e-06
7.9699999999999999e-05,3.7608738621512326e-07,1.1458633391911527e-06,3.5365622792362323e-07,1.07649119449274e-06
7.9800000000000002e-05,3.7474373580989333e-07,1.1464351406745668e-06,3.5271310674129717e-07,1.0773609323423487e-06
7.9900000000000004e-05,3.7343532432484075e-07,1.1470378912342051e-06,3.5177650110456257e-07,1.0782398160398297e-06
8.0000000000000007e-05,3.7217341029084688e-07,1.1476823879920488e-06,3.5084697195466322e-07,1.0791283769146391e-06
8.0099999999999995e-05,3.7096804220485654e-07,1.1483782659241256e-06,3.4992494790748526e-07,1.0800269683833665e-06
8.0199999999999998e-05,3.6982771089242108e-07,1.1491336659477195e-06,3.4901071448389867e-07,1.0809357537045687e-06
8.03e-05,3.687590511872968e-07,1.1499549495573741e-06,3.4810441039091217e-07,1.0818547005594739e-06
8.0400000000000003e-05,3.6776660309562581e-07,1.15084646960345e-06,3.472060307299056e-07,1.0827835824209603e-06
8.0500000000000005e-05,3.6685264081309813e-07,1.1518104051373348e-06,3.4631543672588972e-07,1.0837219864220774e-06
8.0600000000000008e-05,3.6601707590429483e-07,1.1528466663358656e-06,3.4543237131553159e-07,1.0846693272059762e-06
8.0699999999999996e-05,3.652574386843968e-07,1.1539528734091507e-06,3.4455647971076228e-07,1.0856248660385879e-06
8.0799999999999999e-05,3.6456893941990293e-07,1.1551244111404322e-06,3.4368733387704977e-07,1.0865877343014301e-06
8.0900000000000001e-05,3.6394460844700867e-07,1.1563545583581647e-06,3.4282445973650126e-07,1.0875569603584522e-06
8.1000000000000004e-05,3.6337551175845107e-07,1.157634689257785e-06,3.4196736582926787e-07,1.0885314987118663e-06
8.1100000000000006e-05,3.6285103610056377e-07,1.1589545411363829e-06,3.4111557214391636e-07,1.0895102603280187e-06
8.1199999999999995e-05,3.6235923522400432e-07,1.1603025408437829e-06,3.4026863785714535e-07,1.0904921430252468e-06
8.1299999999999997e-05,3.6188722671836707e-07,1.1616661801569789e-06,3.3942618680295981e-07,1.0914760608687136e-06
8.14e-05,3.614216269076483e-07,1.1630324284209989e-06,3.3858792961593326e-07,1.0924609716087235e-06
8.1500000000000002e-05,3.6094900966397189e-07,1.1643881692369568e-06,3.3775368165618179e-07,1.0934459013232758e-06
8.1600000000000005e-05,3.6045637378098318e-07,1.1657206467829397e-06,3.369233760174116e-07,1.094429965576609e-06
8.1700000000000007e-05,3.5993160279901937e-07,1.1670179065855049e-06,3.3609707113481997e-07,1.0954123865755548e-06
8.1799999999999996e-05,3.593639009447055e-07,1.1682692152701924e-06,3.3527495273783566e-07,1.0963925059873804e-06
8.1899999999999999e-05,3.587441891777479e-07,1.1694654440481519e-06,3.3445733012399249e-07,1.0973697932683753e-06
8.2000000000000001e-05,3.5806544625036475e-07,1.1705994014673774e-06,3.3364462695524671e-07,1.0983438495343176e-06
8.2100000000000003e-05,3.5732298118310686e-07,1.1716661022781851e-06,3.3283736698854477e-07,1.0993144071747815e-06
8.2200000000000006e-05,3.5651462562549021e-07,1.1726629611202948e-06,3.3203615534026656e-07,1.100281325566952e-06
8.2300000000000008e-05,3.5564083715743425e-07,1.173589902098207e-06,3.3124165604290885e-07,1.1012445833755994e-06
8.2399999999999997e-05,3.5470470762967418e-07,1.1744493781146634e-06,3.3045456677697855e-07,1.1022042680297715e-06
8.25e-05,3.5371187404542567e-07,1.1752462969983448e-06,3.29675591747712e-07,1.103160563041431e-06
8.2600000000000002e-05,3.5267033313647579e-07,1.1759878548895398e-06,3.2890541372315785e-07,1.1041137338735047e-06
8.2700000000000004e-05,3.515901645501858e-07,1.1766832809153974e-06,3.2814466625688509e-07,1.1050641130766209e-06
8.2800000000000007e-05,3.504831712906636e-07,1.1773435007582224e-06,3.2739390708654486e-07,1.1060120853936964e-06
8.2899999999999996e-05,3.4936244958997215e-07,1.1779807301495411e-06,3.2665359363122408e-07,1.1069580734839921e-06
8.2999999999999998e-05,3.4824190356422624e-07,1.1786080124582174e-06,3.2592406141044179e-07,1.1079025248451382e-06
8.3100000000000001e-05,3.4713572268115935e-07,1.1792387172340441e-06,3.2520550608043085e-07,1.1088459004172966e-06
8.3200000000000003e-05,3.4605784209024657e-07,1.1798860186797478e-06,3.2449796963544085e-07,1.1097886652439483e-06
8.3300000000000005e-05,3.4502140712525703e-07,1.1805623744320555e-06,3.2380133115951212e-07,1.1107312814424018e-06
8.3400000000000008e-05,3.4403826369233366e-07,1.1812790256384384e-06,3.231153023443775e-07,1.1116742036106155e-06
8.3499999999999997e-05,3.4311849574932157e-07,1.1820455390531909e-06,3.2243942781880336e-07,1.1126178766709106e-06
8.3599999999999999e-05,3.4227002964854751e-07,1.1828694107136656e-06,3.2177309017014487e-07,1.113562736029508e-06
8.3700000000000002e-05,3.4149832278242274e-07,1.1837557487041747e-06,3.2111551938640458e-07,1.1145092098199861e-06
8.3800000000000004e-05,3.4080615080916592e-07,1.18470704962306e-06,3.2046580631175142e-07,1.1154577229015447e-06
8.3900000000000006e-05,3.401935038564847e-07,1.1857230797321635e-06,3.1982291959478067e-07,1.1164087022037324e-06
8.3999999999999995e-05,3.3965759765431991e-07,1.1868008675222539e-06,3.1918572551999315e-07,1.117362582949617e-06
8.4099999999999998e-05,3.3919300071629837e-07,1.1879348097437839e-06,3.185530100512823e-07,1.118319815251977e-06
8.42e-05,3.3879187368078706e-07,1.189116888029978e-06,3.1792350238262445e-07,1.119280870561605e-06
8.4300000000000003e-05,3.3844431195949322e-07,1.1903369882998261e-06,3.1729589928547606e-07,1.1202462474538981e-06
8.4400000000000005e-05,3.3813877815291025e-07,1.1915833104037975e-06,3.1666888956349342e-07,1.1212164762676033e-06
8.4500000000000008e-05,3.378626065006247e-07,1.1928428511960307e-06,3.1604117797064883e-07,1.1221921221568445e-06
8.4599999999999996e-05,3.3760255814718655e-07,1.1941019406017089e-06,3.1541150801572581e-07,1.1231737861810904e-06
8.4699999999999999e-05,3.373454034007119e-07,1.1953468074912235e-06,3.1477868316065489e-07,1.1241621041350149e-06
8.4800000000000001e-05,3.3707850558513547e-07,1.1965641504318852e-06,3.1414158601791455e-07,1.1251577429071963e-06
8.4900000000000004e-05,3.3679038063738836e-07,1.1977416877765887e-06,3.1349919525866447e-07,1.1261613942502424e-06
8.5000000000000006e-05,3.3647120732686253e-07,1.1988686621273608e-06,3.1285060005373048e-07,1.1271737659407224e-06
8.5100000000000009e-05,3.3611326487144416e-07,1.199936275982818e-06,3.1219501197929366e-07,1.1281955704022751e-06
8.5199999999999997e-05,3.3571127773194701e-07,1.200938038284888e-06,3.115317744238895e-07,1.1292275109551499e-06
8.53e-05,3.3526265137059368e-07,1.2018700055056838e-06,3.1086036962902301e-07,1.1302702659377055e-06
8.5400000000000002e-05,3.3476758759458961e-07,1.2027309056895646e-06,3.1018042357909159e-07,1.1313244710173909e-06
8.5500000000000005e-05,3.3422907356398643e-07,1.203522139270447e-06,3.0949170902446491e-07,1.1323907000675567e-06
8.5600000000000007e-05,3.3365274437948725e-07,1.2042476562656953e-06,3.0879414697274233e-07,1.1334694450313835e-06
8.5699999999999996e-05,3.3304662511093127e-07,1.2049137153261608e-06,3.0808780701602776e-07,1.1345610952240143e-06
8.5799999999999998e-05,3.3242076389803648e-07,1.2055285358073105e-06,3.0737290687605032e-07,1.1356659165380106e-06
8.5900000000000001e-05,3.3178677306857338e-07,1.2061018592334389e-06,3.0664981154470276e-07,1.1367840310162309e-06
8.6000000000000003e-05,3.3115729980603486e-07,1.2066444409893852e-06,3.0591903237592509e-07,1.1379153972407333e-06
8.6100000000000006e-05,3.3054545151677975e-07,1.2071674965591789e-06,3.0518122644752974e-07,1.1390597919575324e-06
8.6200000000000008e-05,3.2996420349344569e-07,1.2076821289517985e-06,3.0443719646093705e-07,1.1402167933172271e-06
8.6299999999999997e-05,3.2942581759687386e-07,1.2081987649803196e-06,3.0368789138535845e-07,1.1413857660616291e-06
8.6399999999999999e-05,3.2894130039416518e-07,1.2087266277256746e-06,3.0293440798372069e-07,1.1425658489304749e-06
8.6500000000000002e-05,3.2851992747578807e-07,1.209273270821684e-06,3.0217799328383126e-07,1.1437559445002812e-06
8.6600000000000004e-05,3.281688575826387e-07,1.2098441972146459e-06,3.0142004798280144e-07,1.144954711604236e-06
8.6700000000000007e-05,3.278928558305241e-07,1.2104425809153254e-06,3.0066213069905655e-07,1.1461605604179144e-06
8.6799999999999996e-05,3.2769413992039132e-07,1.2110691051705211e-06,2.9990596291685843e-07,1.1473716502337505e-06
8.6899999999999998e-05,3.2757235702578118e-07,1.2117219246829299e-06,2.9915343440599495e-07,1.1485858898900976e-06
8.7000000000000001e-05,3.2752469236351937e-07,1.212396753288023e-06,2.9840660884635343e-07,1.1498009407680916e-06
8.7100000000000003e-05,3.2754610362488171e-07,1.2130870721659774e-06,2.9766772934504222e-07,1.1510142222250888e-06
8.7200000000000005e-05,3.2762966883617307e-07,1.2137844475457392e-06,2.9693922350427138e-07,1.1522229192962745e-06
8.7300000000000008e-05,3.2776702919230988e-07,1.2144789412606677e-06,2.9622370768159983e-07,1.153423992467667e-06
8.7399999999999997e-05,3.2794890330493267e-07,1.2151595927321615e-06,2.9552399008134884e-07,1.154614189304123e-06
8.7499999999999999e-05,3.2816564542543409e-07,1.2158149472429481e-06,2.9484307232608925e-07,1.1557900577049422e-06
8.7600000000000002e-05,3.2840781777899279e-07,1.2164336029182962e-06,2.9418414918017049e-07,1.1569479605569187e-06
8.7700000000000004e-05,3.2866674633637377e-07,1.2170047478023358e-06,2.9355060613154676e-07,1.1580840915594144e-06
8.7800000000000006e-05,3.2893503022421386e-07,1.2175186588688029e-06,2.9294601458299857e-07,1.159194492006908e-06
8.7899999999999995e-05,3.2920697750347179e-07,1.2179671367364854e-06,2.9237412445684684e-07,1.160275068331475e-06
8.7999999999999998e-05,3.294789441038961e-07,1.2183438531883623e-06,2.9183885407720946e-07,1.1613216102278229e-06
8.81e-05,3.2974955807172313e-07,1.2186445931644796e-06,2.9134427725820409e-07,1.1623298092070692e-06
8.8200000000000003e-05,3.3001981766965304e-07,1.2188673784883117e-06,2.9089460759359912e-07,1.1632952774503616e-06
8.8300000000000005e-05,3.3029305890005467e-07,1.2190124669125469e-06,2.9049418001095661e-07,1.1642135668581779e-06
8.8400000000000007e-05,3.3057479529997381e-07,1.219082226805404e-06,2.9014742971950444e-07,1.16508018821524e-06
8.8499999999999996e-05,3.3087243995838602e-07,1.2190808945857871e-06,2.8985886874379567e-07,1.1658906304126476e-06
8.8599999999999999e-05,3.3119492622010269e-07,1.2190142284867507e-06,2.8963306029326389e-07,1.1666403796877351e-06
8.8700000000000001e-05,3.315522490899894e-07,1.2188890780220666e-06,2.8947459126939808e-07,1.1673249388570102e-06
8.8800000000000004e-05,3.3195495361812904e-07,1.2187128933187156e-06,2.8938804325638297e-07,1.1679398465285361e-06
8.8900000000000006e-05,3.3241359929271471e-07,1.2184932019750771e-06,2.8937796237675589e-07,1.1684806962862249e-06
8.9000000000000008e-05,3.3293823054782645e-07,1.2182370830917942e-06,2.894488284203109e-07,1.1689431558400465e-06
8.9099999999999997e-05,3.3353788286434657e-07,1.2179506684609488e-06,2.8960502367158205e-07,1.1693229861333934e-06
8.92e-05,3.3422015166315189e-07,1.2176386995410977e-06,2.8985080186900235e-07,1.1696160603913244e-06
8.9300000000000002e-05,3.3499084741601347e-07,1.2173041658390583e-06,2.9019025772703899e-07,1.1698183830825773e-06
8.9400000000000005e-05,3.3585375537126412e-07,1.2169480458092835e-06,2.9062729744185674e-07,1.1699261087538103e-06
8.9500000000000007e-05,3.3681051231500034e-07,1.2165691656048073e-06,2.911656105818949e-07,1.1699355606776448e-06
8.9599999999999996e-05,3.3786060621666897e-07,1.2161641842869208e-06,2.9180864373778244e-07,1.1698432492377273e-06
8.9699999999999998e-05,3.3900149781506866e-07,1.2157277068043124e-06,2.9255957627236897e-07,1.1696458899540646e-06
8.9800000000000001e-05,3.4022885656086329e-07,1.2152525186088407e-06,2.9342129847200772e-07,1.1693404210327924e-06
8.9900000000000003e-05,3.4153689719589431e-07,1.2147299286241211e-06,2.9439639235612487e-07,1.1689240203053052e-06
9.0000000000000006e-05,3.4291879792795348e-07,1.2141502008547904e-06,2.9548711535405741e-07,1.1683941214047097e-06
9.0100000000000008e-05,3.4436717690679936e-07,1.2135030496118543e-06,2.9669538700801272e-07,1.1677484290126888e-06
9.0199999999999997e-05,3.4587460071251048e-07,1.2127781694637683e-06,2.9802277880933224e-07,1.1669849329980369e-06
9.0299999999999999e-05,3.4743409695043213e-07,1.2119657688499157e-06,2.9947050722355916e-07,1.1661019212600898e-06
9.0400000000000002e-05,3.4903964285766266e-07,1.2110570759572624e-06,3.0103942990902135e-07,1.1650979910863318e-06
9.0500000000000004e-05,3.5068660304745368e-07,1.2100447869938908e-06,3.0273004508485864e-07,1.1639720588339385e-06
9.0600000000000007e-05,3.5237209207300036e-07,1.2089234303106409e-06,3.045424939584679e-07,1.162723367750445e-06
9.0699999999999996e-05,3.5409524125126456e-07,1.207689624728504e-06,3.0647656608021906e-07,1.1613514937587511e-06
9.0799999999999998e-05,3.5585735397670394e-07,1.2063422166295111e-06,3.085317074556201e-07,1.1598563490468541e-06
9.09e-05,3.576619393635308e-07,1.2048822874868168e-06,3.1070703121245364e-07,1.1582381833221619e-06
9.1000000000000003e-05,3.5951462024323144e-07,1.2033130311134824e-06,3.130013305934574e-07,1.1564975826144229e-06
9.1100000000000005e-05,3.6142291804780121e-07,1.2016395075392541e-06,3.1541309402398537e-07,1.1546354655392084e-06
9.1200000000000008e-05,3.6339592364660417e-07,1.199868287622471e-06,3.1794052198908512e-07,1.152653076965365e-06
9.1299999999999997e-05,3.6544386948143561e-07,1.1980070088439066e-06,3.205815454456743e-07,1.1505519790640685e-06
9.1399999999999999e-05,3.6757762405959451e-07,1.1960638678430063e-06,3.2333384549276231e-07,1.1483340397534553e-06
9.1500000000000001e-05,3.6980813472012206e-07,1.1940470788576025e-06,3.2619487402585921e-07,1.1460014185906322e-06
9.1600000000000004e-05,3.7214584829855262e-07,1.1919643291258006e-06,3.2916187511045229e-07,1.1435565502008761e-06
9.1700000000000006e-05,3.7460014162235017e-07,1.1898222624194648e-06,3.3223190682313088e-07,1.141002125371916e-06
9.1799999999999995e-05,3.7717879445819094e-07,1.1876260202265006e-06,3.3540186332713554e-07,1.1383410699777631e-06
9.1899999999999998e-05,3.7988753645127602e-07,1.1853788668099487e-06,3.3866849697103047e-07,1.1355765219313481e-06
9.2e-05,3.8272969667525657e-07,1.1830819196617056e-06,3.4202844022405118e-07,1.1327118063968263e-06
9.2100000000000003e-05,3.8570597967753557e-07,1.1807340010261477e-06,3.4547822728858457e-07,1.1297504095208215e-06
9.2200000000000005e-05,3.8881438549986164e-07,1.1783316195346477e-06,3.4901431525847386e-07,1.1266959509655918e-06
9.2300000000000007e-05,3.9205028333958423e-07,1.1758690839360396e-06,3.5263310472014274e-07,1.1235521555463366e-06
9.2399999999999996e-05,3.9540663967287916e-07,1.173338743807901e-06,3.5633095972145047e-07,1.1203228242881899e-06
9.2499999999999999e-05,3.9887439227517837e-07,1.1707313453531784e-06,3.601042270594222e-07,1.1170118052268462e-06
9.2600000000000001e-05,4.0244295221802878e-07,1.168036484259556e-06,3.6394925486201963e-07,1.1136229642784986e-06
9.2700000000000004e-05,4.061008072188771e-07,1.1652431324139609e-06,3.6786241046009667e-07,1.1101601565009387e-06
9.2800000000000006e-05,4.0983619230246824e-07,1.1623402112565904e-06,3.7184009756299464e-07,1.106627198058057e-06
9.2900000000000008e-05,4.1363778819071282e-07,1.1593171819029801e-06,3.7587877276434638e-07,1.1030278391845345e-06
9.2999999999999997e-05,4.1749540467106326e-07,1.1561646209720929e-06,3.7997496141340499e-07,1.0993657384268269e-06
9.31e-05,4.214006057596665e-07,1.1528747513845479e-06,3.8412527289115975e-07,1.0956444384116131e-06
9.3200000000000002e-05,4.2534723595021306e-07,1.1494418992292656e-06,3.8832641532975739e-07,1.0918673433631703e-06
9.3300000000000005e-05,4.2933181218606365e-07,1.145862851072766e-06,3.9257520980855465e-07,1.0880376985591865e-06
9.3400000000000007e-05,4.3335375415088945e-07,1.1421370906819375e-06,3.968686040504848e-07,1.0841585718791731e-06
9.3499999999999996e-05,4.3741543556271731e-07,1.1382668998743401e-06,4.0120368562917855e-07,1.0802328375635167e-06
9.3599999999999998e-05,4.4152205070782686e-07,1.1342573148756587e-06,4.0557769468068977e-07,1.0762631622643818e-06
9.3700000000000001e-05,4.4568130264949689e-07,1.1301159368794571e-06,4.0998803609471549e-07,1.0722519934330273e-06
9.3800000000000003e-05,4.4990293149496737e-07,1.1258526031537284e-06,4.1443229113958943e-07,1.0682015500531881e-06
9.3900000000000006e-05,4.5419811189652107e-07,1.1214789326678537e-06,4.1890822845383984e-07,1.0641138156970566e-06
9.4000000000000008e-05,4.5857875776357941e-07,1.1170077674404425e-06,4.2341381431599906e-07,1.0599905338506145e-06
9.4099999999999997e-05,4.630567782818963e-07,1.1124525372365632e-06,4.2794722208416114e-07,1.0558332054285735e-06
9.4199999999999999e-05,4.6764333229350177e-07,1.1078265804794317e-06,4.3250684067881578e-07,1.0516430883771523e-06
9.4300000000000002e-05,4.7234812766489603e-07,1.1031424579203212e-06,4.3709128196721485e-07,1.0474211992450069e-06
9.4400000000000004e-05,4.7717880852091029e-07,1.0984112974170622e-06,4.4169938689620235e-07,1.0431683165900337e-06
9.4500000000000007e-05,4.8214046648689269e-07,1.0936422078711e-06,4.4633023021320617e-07,1.0388849860811763e-06
9.4599999999999996e-05,4.8723530295154614e-07,1.088841797836805e-06,4.5098312361295188e-07,1.034571527151027e-06
9.4699999999999998e-05,4.9246245862115692e-07,1.0840138295444353e-06,4.5565761715046972e-07,1.030228041055672e-06
9.48e-05,4.9781801518805354e-07,1.0791590322149361e-06,4.603534987696189e-07,1.0258544202028217e-06
9.4900000000000003e-05,5.0329516272035603e-07,1.0742750898876615e-06,4.650707918103772e-07,1.0214503586169739e-06
9.5000000000000005e-05,5.0888451627766191e-07,1.0693568089754831e-06,4.6980975037781755e-07,1.0170153634208425e-06
9.5100000000000008e-05,5.1457455700789895e-07,1.0643964599794897e-06,4.7457085248033223e-07,1.0125487672245383e-06
9.5199999999999997e-05,5.2035216711323321e-07,1.0593842769099098e-06,4.7935479087410489e-07,1.0080497413266795e-06
9.5299999999999999e-05,5.2620322486056333e-07,1.0543090876992185e-06,4.8416246158435252e-07,1.0035173096452166e-06
9.5400000000000001e-05,5.3211322525456809e-07,1.0491590399891549e-06,4.88994950110682e-07,9.9895036330773229e-07
9.5500000000000004e-05,5.3806789382895629e-07,1.0439223798032109e-06,4.9385351536344996e-07,9.9434767584206848e-07
9.5600000000000006e-05,5.4405376476875069e-07,1.0385882363454171e-06,4.9873957141899698e-07,9.8970791891658828e-07
9.5700000000000009e-05,5.5005869962857853e-07,1.0331473648952202e-06,5.0365466722346151e-07,9.8502967858506384e-07
9.5799999999999998e-05,5.5607232856943024e-07,1.0275928016891434e-06,5.0860046441634949e-07,9.8031147199380974e-07
9.59e-05,5.6208640163433545e-07,1.021920389749865e-06,5.1357871348524528e-07,9.7555176450746439e-07
9.6000000000000002e-05,5.6809504256640122e-07,1.0161291425559871e-06,5.1859122850100098e-07,9.707489872051192e-07
9.6100000000000005e-05,5.7409490166319045e-07,1.0102214227242202e-06,5.2363986071762242e-07,9.6590155469003164e-07
9.6200000000000007e-05,5.8008520700336365e-07,1.0042029247869274e-06,5.287264713518847e-07,9.6100788314470149e-07
9.6299999999999996e-05,5.8606771515218681e-07,9.9808246383598429e-07,5.3385290388390983e-07,9.5606640854818125e-07
9.6399999999999999e-05,5.9204656344084363e-07,9.9187158433847016e-07,5.390209562407122e-07,9.51075604955767e-07
9.6500000000000001e-05,5.9802802656764998e-07,9.855840148837069e-07,5.4423235323959032e-07,9.4603400272261442e-07
9.6600000000000003e-05,6.0402018111374403e-07,9.7923500415031786e-07,5.4948871967699007e-07,9.4094020653343119e-07
9.6700000000000006e-05,6.1003248311309359e-07,9.7284058029852623e-07,5.5479155445035072e-07,9.3579291308128321e-07
9.6800000000000008e-05,6.1607526646616953e-07,9.6641677982621622e-07,5.6014220609596094e-07,9.3059092822046399e-07
9.6899999999999997e-05,6.2215917393930001e-07,9.5997889246493215e-07,5.6554185011433368e-07,9.2533318340219003e-07
9.7e-05,6.2829453768756901e-07,9.5354076599675938e-07,5.7099146843657389e-07,9.2001875118903988e-07
9.7100000000000002e-05,6.3449073232919053e-07,9.4711420927359427e-07,5.7649183136081001e-07,9.1464685963455001e-07
9.7200000000000004e-05,6.4075552995867317e-07,9.4070852377641068e-07,5.820434822569796e-07,9.0921690530991626e-07
9.7300000000000007e-05,6.4709449226989545e-07,9.343301844972904e-07,5.8764672530211842e-07,9.0372846476013864e-07
9.7399999999999996e-05,6.5351043919805963e-07,9.2798268059480539e-07,5.9330161646658432e-07,8.9818130417823975e-07
9.7499999999999998e-05,6.6000303520939356e-07,9.2166651601491846e-07,5.9900795792569548e-07,8.9257538709817367e-07
9.7600000000000001e-05,6.6656853273478879e-07,9.1537936087094589e-07,6.0476529602101999e-07,8.8691087992513564e-07
9.7700000000000003e-05,6.7319970669767537e-07,9.0911633648465073e-07,6.1057292284248433e-07,8.8118815514591524e-07
9.7800000000000006e-05,6.7988600445690979e-07,9.0287041105823457e-07,6.1642988144659273e-07,8.7540779209119359e-07
9.7900000000000008e-05,6.8661392207025155e-07,8.9663287919700575e-07,6.2233497466902779e-07,8.6957057515622442e-07
9.7999999999999997e-05,6.9336760137600407e-07,8.9039389692243981e-07,6.2828677743200298e-07,8.6367748942462552e-07
9.8099999999999999e-05,7.001296242439318e-07,8.8414304417767512e-07,6.3428365238914239e-07,8.5772971368210775e-07
9.8200000000000002e-05,7.0688196208256005e-07,8.7786988873461138e-07,6.4032376869457037e-07,8.5172861085106478e-07
9.8300000000000004e-05,7.1360702214593625e-07,8.715645283597329e-07,6.4640512362868164e-07,8.4567571592243392e-07
9.8400000000000007e-05,7.2028871922162687e-07,8.6521809154876763e-07,6.52525566762617e-07,8.3957272150659687e-07
9.8499999999999995e-05,7.2691349357825881e-07,8.5882318060629428e-07,6.5868282629679643e-07,8.3342146116954822e-07
9.8599999999999998e-05,7.3347119488259621e-07,8.5237424394432986e-07,6.6487453716779018e-07,8.2722389076236464e-07
9.87e-05,7.3995575786077217e-07,8.4586786698318643e-07,6.7109827048275043e-07,8.2098206799061521e-07
9.8800000000000003e-05,7.4636560876492415e-07,8.3930297292378116e-07,6.7735156381267964e-07,8.1469813050428837e-07
9.8900000000000005e-05,7.5270376143829031e-07,8.3268092607158608e-07,6.8363195185572379e-07,8.0837427281743954e-07
9.9000000000000008e-05,7.5897758643331491e-07,8.2600553162914766e-07,6.8993699697010133e-07,8.0201272238917458e-07
9.9099999999999996e-05,7.6519826408842966e-07,8.1928292733357125e-07,6.9626431907386981e-07,7.9561571521334218e-07
9.9199999999999999e-05,7.7137996013935299e-07,8.1252136441737066e-07,7.0261162441585334e-07,7.89185471272744e-07
9.9300000000000001e-05,7.7753878758491866e-07,8.0573087847656801e-07,7.0897673273891056e-07,7.8272417021514981e-07
9.9400000000000004e-05,7.8369163851825156e-07,7.9892285516249627e-07,7.1535760238338406e-07,7.7623392760225886e-07
9.9500000000000006e-05,7.8985498225836031e-07,7.9210950119575456e-07,7.2175235291489921e-07,7.697167720697776e-07
9.9600000000000009e-05,7.9604372984176461e-07,7.8530323781410424e-07,7.2815928490625619e-07,7.6317462371721182e-07
9.9699999999999998e-05,8.0227025910852349e-07,7.7851604094531587e-07,7.3457689655716342e-07,7.5660927402016696e-07
9.98e-05,8.0854367958739068e-07,7.7175875945709473e-07,7.4100389689751413e-07,7.5002236752726451e-07
9.9900000000000002e-05,8.1486939349589572e-07,7.6504044894055286e-07,7.4743921538812943e-07,7.4341538556831671e-07
0.0001,8.2124898065765023e-07,7.5836776273112333e-07,7.5388200780658951e-07,7.3678963216181808e-07
0.00010010000000000001,8.2768040390813578e-07,7.5174444341257525e-07,7.6033165838297834e-07,7.3014622226875897e-07
0.0001002,8.341585008871513e-07,7.4517095620771076e-07,7.6678777822953146e-07,7.2348607249745569e-07
0.0001003,8.4067570128619963e-07,7.3864430003668773e-07,7.7325020018739371e-07,7.1680989432146177e-07
0.0001004,8.4722288855340234e-07,7.3215802259259975e-07,7.7971897029105589e-07,7.1011818983094271e-07
0.0001005,8.5379031396866634e-07,7.2570245293515465e-07,7.8619433612436263e-07,7.0341124999782403e-07
0.00010060000000000001,8.6036847011523272e-07,7.1926514965179094e-07,7.9267673240942283e-07,6.9668915539761323e-07
0.00010070000000000001,8.669488401653467e-07,7.1283154577324807e-07,7.9916676422931081e-07,6.8995177929678801e-07
0.0001008,8.7352445795209634e-07,7.0638575483067528e-07,8.0566518833537296e-07,6.8319879298450157e-07
0.0001009,8.8009023931307186e-07,6.9991148732064085e-07,8.1217289302841527e-07,6.7642967320167638e-07
0.000101,8.866430746089127e-07,6.9339301499704869e-07,8.1869087712901787e-07,6.6964371149968164e-07
0.0001011,8.9318170207945401e-07,6.8681611322909323e-07,8.2522022856439516e-07,6.6284002534455327e-07
0.00010120000000000001,8.9970640815272543e-07,6.8016891017774081e-07,8.3176210309696948e-07,6.5601757077163171e-07
0.0001013,9.0621862067301754e-07,6.7344257626813659e-07,8.3831770370275289e-07,6.4917515638885265e-07
0.0001014,9.1272047173770661e-07,6.6663179829130103e-07,8.4488826107614406e-07,6.4231145852477983e-07
0.0001015,9.1921440700443378e-07,6.5973499874571618e-07,8.5147501569195923e-07,6.3542503731944002e-07
0.0001016,9.2570290783663567e-07,6.5275428142694652e-07,8.5807920179679397e-07,6.2851435356126814e-07
0.00010170000000000001,9.3218837274593894e-07,6.4569510700520306e-07,8.6470203363143227e-07,6.2157778608188236e-07
0.00010180000000000001,9.3867317776296017e-07,6.3856572529137445e-07,8.7134469410585461e-07,6.1461364953091906e-07
0.0001019,9.4515990509585448e-07,6.3137641186657896e-07,8.7800832606056744e-07,6.0762021236563878e-07
0.000102,9.5165169975692595e-07,6.2413857364630111e-07,8.8469402615529355e-07,6.0059571490302091e-07
0.0001021,9.5815268886135807e-07,6.168637990266458e-07,8.9140284133094137e-07,5.935383872961075e-07
0.0001022,9.6466838168534306e-07,6.0956293232716887e-07,8.9813576769640335e-07,5.8644646730959563e-07
0.00010230000000000001,9.7120596302846565e-07,6.0224524880948954e-07,9.0489375160115442e-07,5.793182177826645e-07
0.0001024,9.7777439933923476e-07,5.9491779589220509e-07,9.1167769257075098e-07,5.7215194367865524e-07
0.0001025,9.8438429624267817e-07,5.8758494934133303e-07,9.184884477081531e-07,5.6494600863132067e-07
0.0001026,9.9104747574038141e-07,5.8024821189950721e-07,9.2532683710216065e-07,5.5769885090592422e-07
0.0001027,9.977762781491601e-07,5.7290625822886798e-07,9.3219364973740008e-07,5.5040899869985206e-07
0.00010280000000000001,1.0045826333901653e-06,5.6555520664579609e-07,9.3908964937026264e-07,5.430750847120039e-07
0.00010290000000000001,1.0114769834981331e-06,5.5818907737677347e-07,9.4601557982412198e-07,5.3569585991293785e-07
0.000103,1.0184671681383171e-06,5.5080038113830639e-07,9.5297216916495244e-07,5.2827020644855478e-07
0.0001031,1.0255574030697131e-06,5.4338077238437411e-07,9.5996013224700744e-07,5.2079714960950922e-07
0.0001032,1.0327474846709282e-06,5.3592169949332328e-07,9.6698017116606079e-07,5.1327586879673904e-07
0.0001033,1.0400323403351021e-06,5.2841498956707389e-07,9.7403297322512651e-07,5.0570570741069286e-07
0.00010340000000000001,1.0474020152049262e-06,5.208533176185867e-07,9.8111920610195399e-07,4.980861815887978e-07
0.00010350000000000001,1.0548421428498784e-06,5.132305271848821e-07,9.8823951000840499e-07,4.9041698771252909e-07
0.0001036,1.062334895409785e-06,5.0554178967894777e-07,9.9539448674454423e-07,4.826980086027275e-07
0.0001037,1.069860353164753e-06,4.9778361058954644e-07,1.0025846856735909e-06,4.7492931832009973e-07
0.0001038,1.0773981809339438e-06,4.8995370940132079e-07,1.0098105867725909e-06,4.6711118548740548e-07
0.0001039,1.0849294556610408e-06,4.8205081453700935e-07,1.0170725810452643e-06,4.5924407505105326e-07
0.00010400000000000001,1.0924384617380518e-06,4.7407442295050205e-07,1.0243709487122962e-06,4.5132864840332816e-07
0.0001041,1.0999142622575411e-06,4.6602457521245276e-07,1.0317058357173595e-06,4.4336576179215258e-07
0.0001042,1.1073518675652943e-06,4.5790169091122818e-07,1.0390772291997194e-06,4.3535646295361249e-07
0.0001043,1.1147528568429585e-06,4.4970649674639788e-07,1.0464849326812286e-06,4.273019859135655e-07
0.0001044,1.1221253610734187e-06,4.4144006246513562e-07,1.0539285417952494e-06,4.1920374391836082e-07
0.00010450000000000001,1.129483381408043e-06,4.3310394008010944e-07,1.0614074214416149e-06,4.1106332047129861e-07
0.00010460000000000001,1.1368454886501362e-06,4.247003822829747e-07,1.068920685284112e-06,4.0288245847043753e-07
0.0001047,1.1442330192473495e-06,4.162325993492776e-07,1.076467178512014e-06,3.9466304746490478e-07
0.0001048,1.1516679426884854e-06,4.0770500253881837e-07,1.0840454647636746e-06,3.8640710907029026e-07
0.0001049,1.1591706172254002e-06,3.9912337783391739e-07,1.0916538180571326e-06,3.7811678060891872e-07
0.000105,1.1667576698510342e-06,3.9049493776176872e-07,1.0992902204905707e-06,3.6979429706720667e-07
0.00010510000000000001,1.1744402294173345e-06,3.8182821093155057e-07,1.1069523663651567e-06,3.6144197148943045e-07
0.0001052,1.1822227085830304e-06,3.7313274764863074e-07,1.1146376732460172e-06,3.5306217395454166e-07
0.0001053,1.1901022739261174e-06,3.6441864346560197e-07,1.1223433003169059e-06,3.4465730930954252e-07
0.0001054,1.1980690698539091e-06,3.5569590798699521e-07,1.1300661742039953e-06,3.3622979385882648e-07
0.0001055,1.206107178943604e-06,3.4697373045327647e-07,1.1378030222481081e-06,3.2778203123307652e-07
0.00010560000000000001,1.2141962184472152e-06,3.382597133654246e-07,1.1455504129984833e-06,3.1931638768340609e-07
0.00010570000000000001,1.2223133995672382e-06,3.295591578359464e-07,1.1533048034888096e-06,3.1083516706561375e-07
0.0001058,1.2304358215493021e-06,3.2087448738614042e-07,1.1610625926452596e-06,3.0234058579532772e-07
0.0001059,1.2385427434869199e-06,3.1220488952592636e-07,1.1688201799712132e-06,2.9383474806702005e-07
0.000106,1.2466175770005253e-06,3.0354623685411165e-07,1.1765740284613051e-06,2.8531962163772996e-07
0.0001061,1.2546493732514787e-06,2.9489132306902376e-07,1.1843207305239236e-06,2.7679701447990993e-07
0.00010620000000000001,1.2626336351280171e-06,2.8623041679109544e-07,1.19205707554203e-06,2.6826855260636674e-07
0.00010630000000000001,1.270572363629662e-06,2.7755210095960451e-07,1.1997801175825983e-06,2.5973565936433412e-07
0.0001064,1.2784733375682325e-06,2.6884433176395167e-07,1.2074872416792834e-06,2.5119953648448181e-07
0.0001065,1.2863487171443834e-06,2.6009562263663802e-07,1.2151762270654075e-06,2.4266114715497231e-07
0.0001066,1.294213143786678e-06,2.5129623936369651e-07,1.2228453057276548e-06,2.341212013701521e-07
0.00010670000000000001,1.302081570802492e-06,2.4243928456753462e-07,1.2304932146864769e-06,2.2558014377864271e-07
0.00010680000000000001,1.3099670939856386e-06,2.3352155515334472e-07,1.238119240488947e-06,2.1703814422685835e-07
0.0001069,1.3178790536216492e-06,2.2454407478418014e-07,1.2457232545221072e-06,2.0849509116173237e-07
0.000107,1.3258216484196488e-06,2.1551223353949763e-07,1.253305737918901e-06,1.9995058802124052e-07
0.0001071,1.3337932409028932e-06,2.0643550569426602e-07,1.2608677950312945e-06,1.9140395270388512e-07
0.0001072,1.3417864495820892e-06,1.9732675999791064e-07,1.2684111546829796e-06,1.8285422016917004e-07
0.00010730000000000001,1.3497890256935297e-06,1.8820122022443039e-07,1.2759381586808803e-06,1.7430014818109194e-07
0.00010740000000000001,1.3577854131519696e-06,1.7907517224585724e-07,1.2834517373558991e-06,1.6574022616655648e-07
0.0001075,1.3657588018623715e-06,1.6996454299863459e-07,1.2909553722110822e-06,1.5717268712089604e-07
0.0001076,1.3736934178538514e-06,1.6088349295190479e-07,1.2984530460725222e-06,1.4859552245440401e-07
0.0001077,1.3815767576207048e-06,1.5184316490482461e-07,1.3059491814569574e-06,1.4000649963738255e-07
0.0001078,1.3894014737925767e-06,1.4285071764955893e-07,1.3134485681811672e-06,1.314031824673968e-07
0.00010790000000000001,1.3971666557245344e-06,1.3390874450421916e-07,1.3209562815344207e-06,1.227829537518164e-07
0.000108,1.4048783181932887e-06,1.2501513686149045e-07,1.3284775926069238e-06,1.1414304017176275e-07
0.0001081,1.4125490063113684e-06,1.1616340597838315e-07,1.3360178726075547e-06,1.054805390706557e-07
0.0001082,1.4201965338922556e-06,1.073434273982792e-07,1.3435824932049443e-06,9.6792446891992663e-08
0.0001083,1.4278419826326961e-06,9.8542527101009899e-08,1.3511767250811064e-06,8.8075688976991234e-08
0.00010840000000000001,1.4355071869658374e-06,8.9746791851904339e-08,1.3588056369904411e-06,7.9327150423322034e-08
0.00010850000000000001,1.4432120018231325e-06,8.0942462477032776e-08,1.3664739976648679e-06,7.0543707701418993e-08
0.0001086,1.4509716881370308e-06,7.2117260715064685e-08,1.3741861828945771e-06,6.1722260724533155e-08
0.0001087,1.458794748071923e-06,6.3261508902741659e-08,1.3819460900426512e-06,5.2859765072664421e-08
0.0001088,1.4666814978804429e-06,5.4368926145574998e-08,1.3897570621193032e-06,4.3953264078423857e-08
0.0001089,1.4746235852057091e-06,4.5437022081042232e-08,1.3976218233506281e-06,3.4999920494287555e-08
0.00010900000000000001,1.4826045485200032e-06,3.6467055596805074e-08,1.4055424279293609e-06,2.5997047475261362e-08
0.0001091,1.4906013918323882e-06,2.7463575607589366e-08,1.4135202233369481e-06,1.694213862807602e-08
0.0001092,1.4985870226704125e-06,1.8433608468298803e-08,1.4215558292827998e-06,7.8328968971817724e-09
0.0001093,1.506533290964841e-06,9.3855962878503836e-09,1.4296491329256037e-06,-1.3327379215074367e-09
0.0001094,1.514414284752067e-06,3.2821767446444958e-10,1.4377993006322718e-06,-1.0556563226634603e-08
0.00010950000000000001,1.5222094963144512e-06,-8.7307659036055533e-09,1.4460048061011498e-06,-1.9840089382618076e-08
0.00010960000000000001,1.5299064757125665e-06,-1.7785500278860786e-08,1.4542634742399558e-06,-2.91845173596193e-08
0.0001097,1.5375026384133986e-06,-2.6832749053369795e-08,1.4625725397541162e-06,-3.859071836437856e-08
0.0001098,1.5450059850292898e-06,-3.5872243550029182e-08,1.4709287189823005e-06,-4.8059215563547675e-08
0.0001099,1.5524346140179642e-06,-4.4906636307404532e-08,1.4793282931209982e-06,-5.7590167981863022e-08
0.00011,1.5598150484491848e-06,-5.3941071171685412e-08,1.4877672006228917e-06,-6.7183356639718227e-08
0.00011010000000000001,1.5671795390779256e-06,-6.2982430229661349e-08,1.4962411362431267e-06,-7.6838172978479469e-08
0.00011020000000000001,1.5745626309693186e-06,-7.2038357499335727e-08,1.5047456539535326e-06,-8.6553609607437336e-08
0.0001103,1.5819973743873978e-06,-8.1116186616322371e-08,1.51327627075583e-06,-9.6328253393488155e-08
0.0001104,1.5895116106885149e-06,-9.0221911362991463e-08,1.5218285683076378e-06,-1.0616028090351974e-07
0.0001105,1.5971247636815888e-06,-9.9359332311325077e-08,1.5303982892343986e-06,-1.1604745619977351e-07
0.0001106,1.6048455154234137e-06,-1.0852949069951435e-07,1.5389814250409115e-06,-1.2598713098015561e-07
0.00011070000000000001,1.6126706479815246e-06,-1.1773046457066125e-07,1.5475742926574896e-06,-1.359762470480949e-07
0.0001108,1.6205852002405054e-06,-1.2695755652430889e-07,1.5561735968592484e-06,-1.460113410900398e-07
0.0001109,1.6285639366838974e-06,-1.3620385272803568e-07,1.5647764760783538e-06,-1.5608855173262558e-07
0.000111,1.6365739712043681e-06,-1.4546108520613476e-07,1.5733805294842591e-06,-1.662036288456314e-07
0.0001111,1.6445782518037973e-06,-1.547206897655378e-07,1.5819838236289695e-06,-1.76351945050898e-07
0.00011120000000000001,1.6525395082039071e-06,-1.6397492521591204e-07,1.5905848774344084e-06,-1.8652850939096559e-07
0.00011130000000000001,1.6604242067429806e-06,-1.7321790923597935e-07,1.5991826248266872e-06,-1.9672798310421266e-07
0.0001114,1.6682060529007637e-06,-1.824464338059199e-07,1.6077763548855936e-06,-2.0694469744543111e-07
0.0001115,1.6758686323861234e-06,-1.9166044787075087e-07,1.6163656299634107e-06,-2.1717267348208871e-07
0.0001116,1.6834068813539868e-06,-2.0086313401910552e-07,1.6249501828220434e-06,-2.2740564378659108e-07
0.0001117,1.6908272134099175e-06,-2.1006055486518946e-07,1.6335297944252887e-06,-2.3763707593414195e-07
0.00011180000000000001,1.6981462893895437e-06,-2.1926089766986512e-07,1.6421041545909757e-06,-2.4786019770381463e-07
0.0001119,1.705388576534657e-06,-2.2847339613881569e-07,1.6506727082387219e-06,-2.5806802386770014e-07
0.000112,1.7125829872762095e-06,-2.3770705011851118e-07,1.6592344904510477e-06,-2.6825338443951007e-07
0.0001121,1.7197589969663904e-06,-2.4696929186960655e-07,1.6677879539836545e-06,-2.7840895423989771e-07
0.0001122,1.7269427012542568e-06,-2.5626475813619013e-07,1.6763307932038568e-06,-2.8852728362160725e-07
0.00011230000000000001,1.7341532797971845e-06,-2.6559431881080257e-07,1.6848597686931645e-06,-2.9860083018320135e-07
0.00011240000000000001,1.7414002827836253e-06,-2.7495448634675981e-07,1.6933705369128531e-06,-3.0862199128648628e-07
0.0001125,1.7486820563119525e-06,-2.8433728811642137e-07,1.7018574893932956e-06,-3.1858313717957467e-07
0.0001126,1.7559854841867192e-06,-2.9373063144769538e-07,1.71031360586444e-06,-3.2847664451579075e-07
0.0001127,1.7632870640133236e-06,-3.0311913418832641e-07,1.7187303255953023e-06,-3.3829493004807514e-07
0.0001128,1.770555174089614e-06,-3.1248533903090775e-07,1.7270974409545187e-06,-3.4803048427014282e-07
0.00011290000000000001,1.7777532442481008e-06,-3.2181118395384279e-07,1.7354030168462256e-06,-3.5767590476917805e-07
0.00011300000000000001,1.7848434360428836e-06,-3.3107956948337957e-07,1.7436333392218551e-06,-3.6722392905093912e-07
0.0001131,1.7917903786804709e-06,-3.402758499042522e-07,1.7517728953265642e-06,-3.7666746659689281e-07
0.0001132,1.7985645040310971e-06,-3.4938908177714059e-07,1.7598043877212915e-06,-3.8599962991460338e-07
0.0001133,1.805144577181245e-06,-3.5841288857233718e-07,1.7677087834390536e-06,-3.9521376434716746e-07
0.00011340000000000001,1.8115191215955802e-06,-3.6734584205238806e-07,1.7754653989033016e-06,-4.0430347641518479e-07
0.00011350000000000001,1.817686577209999e-06,-3.7619131445617418e-07,1.7830520204722164e-06,-4.1326266047538782e-07
0.0001136,1.8236541882969478e-06,-3.849568144126274e-07,1.7904450596928606e-06,-4.2208552349375504e-07
0.0001137,1.8294357759705035e-06,-3.9365287706475047e-07,1.7976197415723405e-06,-4.3076660774740039e-07
0.0001138,1.8350486880600547e-06,-4.0229162849609212e-07,1.8045503234155194e-06,-4.3930081128872023e-07
0.0001139,1.8405103196531717e-06,-4.1088518054526781e-07,1.8112103410609364e-06,-4.476834060267778e-07
0.00011400000000000001,1.8458346484576444e-06,-4.1944403039770151e-07,1.8175728786834932e-06,-4.5591005330455646e-07
0.00011410000000000001,1.851029224077011e-06,-4.2797563796133893e-07,1.8236108577421909e-06,-4.6397681687602741e-07
0.0001142,1.8560929901740092e-06,-4.3648333326519603e-07,1.8292973401474332e-06,-4.718801732136925e-07
0.0001143,1.8610152110665777e-06,-4.4496566851002554e-07,1.834605840319112e-06,-4.7961701910486569e-07
0.0001144,1.8657756332470746e-06,-4.5341627941656773e-07,1.8395106405136204e-06,-4.8718467652302217e-07
0.0001145,1.8703458555234813e-06,-4.6182426400486483e-07,1.843987103624749e-06,-4.9458089478868322e-07
0.00011460000000000001,1.8746917287762406e-06,-4.7017503041965635e-07,1.8480119776144719e-06,-5.0180385006198799e-07
0.0001147,1.878776476962393e-06,-4.784515153143778e-07,1.8515636858088591e-06,-5.0885214223593716e-07
0.0001148,1.8825641412337098e-06,-4.8663563619033425e-07,1.8546225975006845e-06,-5.1572478932474949e-07
0.0001149,1.8860229100671097e-06,-4.9470981903669563e-07,1.8571712736312444e-06,-5.224212194657351e-07
0.000115,1.8891279148698781e-06,-5.0265843876529054e-07,1.8591946827729793e-06,-5.2894126067466522e-07
0.00011510000000000001,1.8918631403051525e-06,-5.1046902425930643e-07,1.860680383192935e-06,-5.3528512851413548e-07
0.00011520000000000001,1.8942222125313534e-06,-5.1813311022680578e-07,1.8616186674329661e-06,-5.4145341185102438e-07
0.0001153,1.896207972037261e-06,-5.2564666053079241e-07,1.8620026665827212e-06,-5.4744705689289063e-07
0.0001154,1.897830892460097e-06,-5.3301003702241621e-07,1.8618284122285727e-06,-5.5326734970399629e-07
0.0001155,1.899106553021307e-06,-5.402275382546365e-07,1.8610948549189992e-06,-5.5891589740903149e-07
0.0001156,1.9000524914838987e-06,-5.4730657799485361e-07,1.859803838874928e-06,-5.6439460829703018e-07
0.00011570000000000001,1.9006848418188505e-06,-5.5425660914258187e-07,1.8579600335721117e-06,-5.6970567103899915e-07
0.0001158,1.9010151864713572e-06,-5.6108792078782273e-07,1.8555708237115723e-06,-5.748515332308701e-07
0.0001159,1.9010480242598693e-06,-5.6781044275218121e-07,1.8526461599532076e-06,-5.7983487946830073e-07
0.000116,1.9007791755056361e-06,-5.7443268298836826e-07,1.8491983735968348e-06,-5.8465860915216278e-07
0.0001161,1.9001953263818744e-06,-5.8096090047768536e-07,1.8452419591355801e-06,-5.8932581421327946e-07
0.00011620000000000001,1.8992747701486398e-06,-5.8739858312778416e-07,1.8407933292618042e-06,-5.9383975693241518e-07
0.00011630000000000001,1.897989252407374e-06,-5.9374626109752941e-07,1.8358705474595262e-06,-5.9820384801731127e-07
0.0001164,1.8963066899294372e-06,-6.0000164593057783e-07,1.8304930437572591e-06,-6.0242162508253408e-07
0.0001165,1.894194425341771e-06,-6.0616004970663971e-07,1.8246813195306837e-06,-6.064967316610632e-07
0.0001166,1.8916226163257067e-06,-6.1221501024291366e-07,1.8184566474276163e-06,-6.1043289685880916e-07
0.0001167,1.8885673456344167e-06,-6.1815903112184972e-07,1.8118407725344916e-06,-6.1423391574545091e-07
0.00011680000000000001,1.8850130781552395e-06,-6.2398434039805967e-07,1.8048556208121096e-06,-6.1790363055700366e-07
0.00011690000000000001,1.8809541777220259e-06,-6.2968357904010386e-07,1.7975230206009841e-06,-6.2144591276833881e-07
0.000117,1.8763953177983283e-06,-6.3525034776761436e-07,1.7898644426382588e-06,-6.2486464607752672e-07
0.0001171,1.87135076053434e-06,-6.4067956600072766e-07,1.7819007635469183e-06,-6.2816371032844364e-07
0.0001172,1.8658426198412912e-06,-6.459676254095557e-07,1.7736520571653232e-06,-6.3134696638450595e-07
0.00011730000000000001,1.8598983479656224e-06,-6.5111234903394083e-07,1.7651374173943704e-06,-6.3441824195433001e-07
0.00011740000000000001,1.8535477760110404e-06,-6.5611279140633788e-07,1.7563748154673592e-06,-6.3738131835980956e-07
0.0001175,1.846820085864752e-06,-6.6096893257123676e-07,1.747380993711784e-06,-6.4023991822896358e-07
0.0001176,1.8397410888246237e-06,-6.6568132748073277e-07,1.7381713969921334e-06,-6.4299769408977366e-07
0.0001177,1.8323311361648268e-06,-6.7025077139351986e-07,1.7287601421204393e-06,-6.4565821783679387e-07
0.0001178,1.8246038964105433e-06,-6.7467803237312268e-07,1.7191600246158076e-06,-6.4822497104031024e-07
0.00011790000000000001,1.8165661158609276e-06,-6.7896368569011836e-07,1.7093825613094807e-06,-6.5070133606695663e-07
0.00011800000000000001,1.8082183489578204e-06,-6.831080646474309e-07,1.6994380664471529e-06,-6.5309058798202829e-07
0.0001181,1.7995565207376701e-06,-6.8711132125987272e-07,1.6893357581563496e-06,-6.5539588720587645e-07
0.0001182,1.790574081043471e-06,-6.9097357148665217e-07,1.679083891441999e-06,-6.5762027290027227e-07
0.0001183,1.7812644424144117e-06,-6.9469508602055702e-07,1.6686899132648898e-06,-6.5976665706484014e-07
0.0001184,1.7716233687132762e-06,-6.9827648082560679e-07,1.6581606347594734e-06,-6.6183781932821948e-07
0.00011850000000000001,1.7616510017843744e-06,-7.0171886246289156e-07,1.6475024152720124e-06,-6.6383640242342226e-07
0.0001186,1.7513532748338476e-06,-7.0502389138389955e-07,1.6367213526558583e-06,-6.6576490834135959e-07
0.0001187,1.7407425543781815e-06,-7.0819374037581359e-07,1.6258234741533945e-06,-6.6762569516074441e-07
0.0001188,1.7298374639785649e-06,-7.112309429639565e-07,1.6148149222268866e-06,-6.694209745557568e-07
0.0001189,1.7186619568129661e-06,-7.1413814508315699e-07,1.6037021298715217e-06,-6.7115280998554575e-07
0.00011900000000000001,1.7072438046500476e-06,-7.1691778991750219e-07,1.5924919802499831e-06,-6.7282311557068563e-07
0.00011910000000000001,1.6956127443370708e-06,-7.1957177800268443e-07,1.581191945920528e-06,-6.7443365566208347e-07
0.0001192,1.6837985598534535e-06,-7.2210115069409202e-07,1.5698102034800248e-06,-6.7598604510637035e-07
0.0001193,1.6718293739544975e-06,-7.2450584406152385e-07,1.5583557200957686e-06,-6.774817502095073e-07
0.0001194,1.6597303799106914e-06,-7.2678455234917583e-07,1.5468383091397364e-06,-6.7892209039651238e-07
0.0001195,1.6475231678776523e-06,-7.289347265041989e-07,1.5352686529476394e-06,-6.8030824056045799e-07
0.00011960000000000001,1.6352257035773656e-06,-7.3095271590789498e-07,1.5236582915837418e-06,-6.8164123408793317e-07
0.0001197,1.6228529136604883e-06,-7.3283404283529659e-07,1.5120195773792866e-06,-6.8292196654186573e-07
0.0001198,1.6104177375805658e-06,-7.3457378196503607e-07,1.5003655959063095e-06,-6.841511999752668e-07
0.0001199,1.5979324339080636e-06,-7.36167003871363e-07,1.4887100549278256e-06,-6.8532956784240055e-07
0.00012,1.5854098902746411e-06,-7.376092336846747e-07,1.477067143707841e-06,-6.8645758046647309e-07
0.00012010000000000001,1.5728646862625e-06,-7.3889687500166635e-07,1.4654513658507441e-06,-6.8753563101607632e-07
0.00012020000000000001,1.5603136975853031e-06,-7.4002755468921569e-07,1.4538773495489416e-06,-6.885640019362572e-07
0.0001203,1.5477761022200805e-06,-7.4100035552689811e-07,1.4423596397337018e-06,-6.895428717745426e-07
0.0001204,1.5352727442283317e-06,-7.4181591893106864e-07,1.4309124771314606e-06,-6.9047232233788035e-07
0.0001205,1.5228249149230878e-06,-7.4247641701337781e-07,1.4195495696137449e-06,-6.9135234611317895e-07
0.0001206,1.51045270843121e-06,-7.4298540946075906e-07,1.408283861483934e-06,-6.9218285388234794e-07
0.00012070000000000001,1.4981731849511685e-06,-7.433476138620236e-07,1.3971273064620549e-06,-6.9296368246234991e-07
0.00012080000000000001,1.485998618353453e-06,-7.435686263376632e-07,1.3860906501060673e-06,-6.9369460250187277e-07
0.0001209,1.4739351080235334e-06,-7.4365463161867226e-07,1.3751832272453874e-06,-6.9437532626880775e-07
0.000121,1.4619817964796375e-06,-7.4361213795522007e-07,1.3644127797032979e-06,-6.9500551536662509e-07
0.0001211,1.4501308587506974e-06,-7.4344776323915286e-07,1.3537852991560093e-06,-6.9558478832293707e-07
0.00012120000000000001,1.4383683266474253e-06,-7.4316808612222516e-07,1.3433048994280532e-06,-6.9611272799962064e-07
0.00012130000000000001,1.4266756949001633e-06,-7.4277956188416209e-07,1.3329737218688077e-06,-6.9658888878112696e-07
0.0001214,1.4150321428870368e-06,-7.4228848974668425e-07,1.3227918767094407e-06,-6.9701280350503262e-07
0.0001215,1.4034171115214925e-06,-7.4170100848059451e-07,1.3127574224801704e-06,-6.9738399010697702e-07
0.0001216,1.3918129136883266e-06,-7.4102309224228106e-07,1.3028663846949027e-06,-6.9770195796016903e-07
0.0001217,1.3802070379915716e-06,-7.4026051954225584e-07,1.2931128141040593e-06,-6.979662138973256e-07
0.00012180000000000001,1.3685938333629448e-06,-7.3941879507418765e-07,1.2834888838984196e-06,-6.9817626791052096e-07
0.00012190000000000001,1.3569753337597685e-06,-7.3850301582166678e-07,1.2739850243388963e-06,-6.9833163853085264e-07
0.000122,1.3453610890916043e-06,-7.3751768756167605e-07,1.2645900924110229e-06,-6.9843185789579674e-07
0.00012210000000000001,1.3337669969228841e-06,-7.364665131548186e-07,1.2552915732787207e-06,-6.9847647651678557e-07
0.00012220000000000002,1.3222132624040644e-06,-7.3535218717411744e-07,1.2460758095598039e-06,-6.9846506776321086e-07
0.00012229999999999999,1.3107217332982411e-06,-7.3417623997018666e-07,1.236928253783146e-06,-6.9839723208135632e-07
0.00012239999999999999,1.2993129463713462e-06,-7.3293897626387283e-07,1.2278337388296109e-06,-6.9827260096787678e-07
0.0001225,1.2880032680362653e-06,-7.316395477594273e-07,1.2187767607201329e-06,-6.980908407174088e-07
0.0001226,1.2768025087862471e-06,-7.3027618615126964e-07,1.209741767803397e-06,-6.9785165596251794e-07
0.0001227,1.2657123370658879e-06,-7.2884660348864016e-07,1.2007134502212574e-06,-6.9755479302197057e-07
0.0001228,1.2547257200799694e-06,-7.27348543450192e-07,1.1916770234951826e-06,-6.9720004307000613e-07
0.00012290000000000001,1.2438274889821773e-06,-7.2578044273225129e-07,1.1826185001834617e-06,-6.9678724513544443e-07
0.00012300000000000001,1.2329959807608695e-06,-7.2414213992413015e-07,1.1735249438031886e-06,-6.9631628893479383e-07
0.00012310000000000001,1.2222055680649132e-06,-7.22435553301868e-07,1.1643846995886359e-06,-6.9578711753881802e-07
0.00012320000000000001,1.2114297700225566e-06,-7.206652417233015e-07,1.1551875971581866e-06,-6.9519972986690942e-07
0.00012330000000000002,1.2006445577998169e-06,-7.1883876606614143e-07,1.1459251207760937e-06,-6.9455418299861946e-07
0.00012339999999999999,1.1898314391920955e-06,-7.1696678292965738e-07,1.1365905436059866e-06,-6.9385059428702121e-07
0.00012349999999999999,1.1789799313474777e-06,-7.1506282668604616e-07,1.1271790231470428e-06,-6.9308914325407842e-07
0.0001236,1.1680891069570271e-06,-7.1314276808401606e-07,1.1176876558998555e-06,-6.9227007324444671e-07
0.0001237,1.1571680171728301e-06,-7.112239739724384e-07,1.1081154902098724e-06,-6.9139369281074706e-07
0.0001238,1.1462349387189224e-06,-7.0932422905917165e-07,1.0984634971599194e-06,-6.9046037680100067e-07
0.0001239,1.1353155440994948e-06,-7.0746051243742858e-07,1.0887345003095883e-06,-6.8947056711700054e-07
0.00012400000000000001,1.1244402323466961e-06,-7.0564774471522651e-07,1.0789330659863234e-06,-6.8842477311155045e-07
0.00012410000000000001,1.113640964869834e-06,-7.0389763266772108e-07,1.0690653567015101e-06,-6.873235715923253e-07
0.00012420000000000001,1.1029480122838223e-06,-7.0221773542920206e-07,1.0591389510739154e-06,-6.8616760640071997e-07
0.00012430000000000001,1.09238702532557e-06,-7.0061085901933831e-07,1.049162634375509e-06,-6.8495758753551307e-07
0.00012440000000000002,1.0819767950908495e-06,-6.9907485586117041e-07,1.0391461644544206e-06,-6.8369428979330157e-07
0.00012449999999999999,1.0717279712578607e-06,-6.9760286591821549e-07,1.0291000183216683e-06,-6.8237855090039468e-07
0.00012459999999999999,1.0616428747320609e-06,-6.9618399046749151e-07,1.0190351251024937e-06,-6.8101126911441142e-07
0.0001247,1.0517163911484665e-06,-6.9480434344047416e-07,1.0089625913387964e-06,-6.7959340027764968e-07
0.0001248,1.0419377842675106e-06,-6.9344838399701227e-07,9.9889342478226346e-07,-6.7812595430899734e-07
0.0001249,1.0322931435727551e-06,-6.921004023839452e-07,9.8883826283404799e-07,-6.7660999112598158e-07
0.000125,1.0227680953731851e-06,-6.907460129543742e-07,9.7880711166722788e-07,-6.7504661599415527e-07
0.00012510000000000001,1.0133503731184489e-06,-6.8937350574374103e-07,9.6880910181622406e-07,-6.7343697430683531e-07
0.00012520000000000001,1.0040318651615475e-06,-6.8797492165850321e-07,9.5885226563852562e-07,-6.7178224580451808e-07
0.00012530000000000001,9.9480983390375724e-07,-6.8654674469269323e-07,9.4894334155798679e-07,-6.7008363824995306e-07
0.00012540000000000001,9.8568711889390839e-07,-6.8509014448802062e-07,9.3908760939736357e-07,-6.6834238058189852e-07
0.00012550000000000001,9.7667128186263848e-07,-6.8361074949182294e-07,9.2928876041436622e-07,-6.6655971557802797e-07
0.00012559999999999999,9.6777280393570056e-07,-6.8211797963885109e-07,9.195488048862303e-07,-6.6473689206505452e-07
0.00012569999999999999,9.5900258342494393e-07,-6.8062401241825943e-07,9.0986801926051832e-07,-6.6287515672200222e-07
0.00012579999999999999,9.5036908748944023e-07,-6.7914249240846096e-07,9.0024493402301656e-07,-6.6097574553082263e-07
0.0001259,9.4187556788056129e-07,-6.7768711797391038e-07,8.906763625464305e-07,-6.5903987493652481e-07
0.000126,9.3351775169673918e-07,-6.7627024745731219e-07,8.811574702966443e-07,-6.5706873278717334e-07
0.0001261,9.2528236197559246e-07,-6.7490166029724819e-07,8.7168188290510879e-07,-6.5506346913207195e-07
0.0001262,9.1714671720338715e-07,-6.7358758730785568e-07,8.6224183078662551e-07,-6.5302518696388996e-07
0.00012630000000000001,9.0907951741121166e-07,-6.7233009175830084e-07,8.5282832720839082e-07,-6.5095493299758362e-07
0.00012640000000000001,9.0104276639639845e-07,-6.7112684301040123e-07,8.4343137601613433e-07,-6.4885368858518402e-07
0.00012650000000000001,8.9299462609958752e-07,-6.6997128214273908e-07,8.3404020461050156e-07,-6.4672236087072551e-07
0.00012660000000000001,8.8489287113125852e-07,-6.6885313913386298e-07,8.2464351725492929e-07,-6.4456177429372559e-07
0.00012669999999999999,8.7669852639213206e-07,-6.6775922821047138e-07,8.1522976339489313e-07,-6.423726625521537e-07
0.00012679999999999999,8.6837924045553834e-07,-6.666744252705764e-07,8.0578741538557412e-07,-6.4015566113695233e-07
0.00012689999999999999,8.5991197630867251e-07,-6.6558272083967459e-07,7.9630524986564976e-07,-6.3791130054924727e-07
0.000127,8.5128468563316998e-07,-6.6446824419031819e-07,7.8677262698112424e-07,-6.3564000030877966e-07
0.0001271,8.424967619674879e-07,-6.6331616786628702e-07,7.7717976175420736e-07,-6.3334206385719369e-07
0.0001272,8.3355822471415807e-07,-6.6211342437645551e-07,7.6751798210472966e-07,-6.3101767445305402e-07
0.0001273,8.2448774917804223e-07,-6.6084919478740535e-07,7.5777996835923963e-07,-6.2866689214645049e-07
0.00012740000000000001,8.1530980587497714e-07,-6.5951515842678595e-07,7.4795996951698076e-07,-6.2628965191020867e-07
0.00012750000000000001,8.0605128549304644e-07,-6.5810552007994848e-07,7.3805399207140239e-07,-6.2388576299182104e-07
0.00012760000000000001,7.9673804908570236e-07,-6.5661685268113416e-07,7.280599577976635e-07,-6.2145490953597515e-07
0.00012770000000000001,7.873918480303594e-07,-6.5504780732096552e-07,7.179778275960054e-07,-6.1899665251153257e-07
0.00012779999999999999,7.7802800455532999e-07,-6.5339874740829971e-07,7.0780968921191729e-07,-6.1651043296016392e-07
0.00012789999999999999,7.6865413867854636e-07,-6.5167136033758077e-07,6.9755980741953626e-07,-6.1399557656612761e-07
0.00012799999999999999,7.5927008553739898e-07,-6.4986828951184716e-07,6.8723463603745286e-07,-6.1145129952899276e-07
0.0001281,7.4986898754608506e-07,-6.4799281445292944e-07,6.7684279192815237e-07,-6.088767157032827e-07
0.0001282,7.4043939009320432e-07,-6.4604858989927699e-07,6.6639499189666e-07,-6.0627084495191059e-07
0.0001283,7.3096803842658894e-07,-6.4403943920570769e-07,6.5590395413373537e-07,-6.0363262264416135e-07
0.0001284,7.2144298431234187e-07,-6.4196918558076441e-07,6.4538426652876391e-07,-6.0096091021407563e-07
0.00012850000000000001,7.1185657551576475e-07,-6.3984149851960905e-07,6.3485222479340133e-07,-5.9825450668199809e-07
0.00012860000000000001,7.0220792328312338e-07,-6.3765973298906416e-07,6.2432564387621848e-07,-5.9551216103098914e-07
0.00012870000000000001,6.9250451907563022e-07,-6.3542674516442563e-07,6.1382364660136022e-07,-5.9273258532087016e-07
0.00012880000000000001,6.8276279078368427e-07,-6.3314467944477011e-07,6.033664338219034e-07,-5.8991446841613419e-07
0.00012890000000000002,6.7300753376015909e-07,-6.3081473493017647e-07,5.9297504063571852e-07,-5.8705649019987721e-07
0.00012899999999999999,6.6327030310900628e-07,-6.2843693293402421e-07,5.8267108336485349e-07,-5.8415733614415853e-07
0.00012909999999999999,6.5358699003273963e-07,-6.2600991780450628e-07,5.7247650204776452e-07,-5.8121571210786792e-07
0.0001292,6.439949082616372e-07,-6.2353082911383727e-07,5.6241330313913616e-07,-5.7823035923573969e-07
0.0001293,6.3452977307018719e-07,-6.2099528266688397e-07,5.5250330695808789e-07,-5.7520006883679788e-07
0.0001294,6.2522295821444663e-07,-6.1839749030825327e-07,5.4276790417884672e-07,-5.7212369712644262e-07
0.0001295,6.1609936594857435e-07,-6.1573053478957013e-07,5.3322782532671116e-07,-5.6900017972367646e-07
0.00012960000000000001,6.0717615015376049e-07,-6.1298679764621156e-07,5.2390292683583972e-07,-5.6582854580279003e-07
0.00012970000000000001,5.9846240679212411e-07,-6.1015851757919962e-07,5.1481199675653831e-07,-5.626079318072117e-07
0.00012980000000000001,5.8995980776925103e-07,-6.0723843715482648e-07,5.059725826798032e-07,-5.5933759464133712e-07
0.00012990000000000001,5.8166402373586074e-07,-6.0422047966973417e-07,4.9740084389047397e-07,-5.5601692426411804e-07
0.00013000000000000002,5.7356667692849891e-07,-6.0110038833248169e-07,4.8911142918069898e-07,-5.5264545561509155e-07
0.00013009999999999999,5.656575014213335e-07,-5.9787625825140868e-07,4.8111738116715304e-07,-5.4922287980975879e-07
0.00013019999999999999,5.5792637369475362e-07,-5.9454889879884356e-07,4.7343006737210645e-07,-5.4574905454608265e-07
0.0001303,5.5036491256902058e-07,-5.9112197925677904e-07,4.6605913776379563e-07,-5.4222401366748202e-07
0.0001304,5.429674282816296e-07,-5.8760193259607648e-07,4.590125079176771e-07,-5.386479758301612e-07
0.0001305,5.3573111331212932e-07,-5.839976182020528e-07,4.5229636646879583e-07,-5.3502135222369655e-07
0.0001306,5.2865549533514303e-07,-5.8031977111987423e-07,4.459152050864659e-07,-5.3134475329405821e-07
0.00013070000000000001,5.2174129610799797e-07,-5.7658028955424371e-07,4.3987186882414636e-07,-5.2761899441759223e-07
0.00013080000000000001,5.1498894051167699e-07,-5.7279143079739278e-07,4.3416762438645035e-07,-5.2384510047351554e-07
0.00013090000000000001,5.0839702205665822e-07,-5.6896499606243898e-07,4.2880224361656789e-07,-5.2002430926131875e-07
0.00013100000000000001,5.0196104522814563e-07,-5.6511158549414842e-07,4.2377409934363431e-07,-5.1615807370881483e-07
0.00013110000000000002,4.9567272840642392e-07,-5.6123999578321859e-07,4.1908027064193259e-07,-5.1224806281645909e-07
0.00013119999999999999,4.895200685611897e-07,-5.5735681545518714e-07,4.1471665454118267e-07,-5.0829616128485233e-07
0.00013129999999999999,4.8348825212584544e-07,-5.5346624928951463e-07,4.1067808128680848e-07,-5.0430446777492523e-07
0.0001314,4.775613622642042e-07,-5.4957017651144847e-07,4.0695843037669515e-07,-5.0027529175499874e-07
0.0001315,4.7172470082865789e-07,-5.4566842085180166e-07,4.03550744790365e-07,-4.962111488954322e-07
0.0001316,4.6596743336746496e-07,-5.4175918767999817e-07,4.0044734107088126e-07,-4.9211475498056819e-07
0.0001317,4.60285194429508e-07,-5.3783960704483733e-07,3.9763991321015455e-07,-4.8798901831886651e-07
0.00013180000000000001,4.5468226969934409e-07,-5.3390631354896651e-07,3.9511962861638946e-07,-4.8383703064560692e-07
0.00013190000000000001,4.4917300570060741e-07,-5.2995599530433348e-07,3.9287721479735887e-07,-4.7966205652802259e-07
0.00013200000000000001,4.437821836708232e-07,-5.2598585426310777e-07,3.9090303576586303e-07,-4.7546752130011279e-07
0.00013210000000000001,4.3854422103172707e-07,-5.2199393729922949e-07,3.8918715755326569e-07,-4.7125699757313993e-07
0.00013220000000000001,4.3350121491450168e-07,-5.1797931889664271e-07,3.8771940259376256e-07,-4.6703419038743475e-07
0.00013229999999999999,4.2869999694419028e-07,-5.1394213898623681e-07,3.8648939310624306e-07,-4.6280292109136653e-07
0.00013239999999999999,4.2418850550645621e-07,-5.0988352006388939e-07,3.8548658394339754e-07,-4.585671100531184e-07
0.0001325,4.2001188164202589e-07,-5.0580540328047707e-07,3.8470028569097636e-07,-4.5433075833022973e-07
0.0001326,4.1620874297232483e-07,-5.0171035156648194e-07,3.8411967907654936e-07,-4.5009792843941236e-07
0.0001327,4.1280807898577564e-07,-4.9760136797096e-07,3.8373382198108787e-07,-4.4587272438507763e-07
0.0001328,4.0982714099218407e-07,-4.934817694264676e-07,3.835316505329697e-07,-4.4165927111821515e-07
0.0001329,4.072705795614821e-07,-4.893551414781171e-07,3.8350197589977904e-07,-4.374616936075824e-07
0.00013300000000000001,4.0513092679352948e-07,-4.8522538052698788e-07,3.836334784759671e-07,-4.3328409571225265e-07
0.00013310000000000001,4.0339035075528018e-07,-4.8109680989085664e-07,3.8391470119369802e-07,-4.2913053904804157e-07
0.00013320000000000001,4.0202344748916143e-07,-4.7697433775447228e-07,3.8433404366067046e-07,-4.250050220402624e-07
0.00013330000000000001,4.0100070385593088e-07,-4.7286361188456147e-07,3.8487975875423261e-07,-4.2091145935160706e-07
0.00013339999999999999,4.0029217995632011e-07,-4.6877112013291876e-07,3.8553995317909091e-07,-4.1685366186674089e-07
0.00013349999999999999,3.9987093446501309e-07,-4.6470418849899174e-07,3.8630259333044147e-07,-4.1283531740510355e-07
0.00013359999999999999,3.9971575345556246e-07,-4.6067083986447567e-07,3.8715551760099494e-07,-4.0885997232028558e-07
0.0001337,3.998128382954902e-07,-4.5667949515036942e-07,3.8808645603486338e-07,-4.0493101412921439e-07
0.0001338,4.0015624825008679e-07,-4.5273852215120385e-07,3.8908305797093937e-07,-4.0105165529743231e-07
0.0001339,4.0074705978067465e-07,-4.4885566242536787e-07,3.9013292803991462e-07,-3.9722491828880806e-07
0.000134,4.0159137487202041e-07,-4.4503738974185223e-07,3.9122367059071438e-07,-3.9345362196957249e-07
0.00013410000000000001,4.0269746231163134e-07,-4.4128827120414768e-07,3.9234294233102954e-07,-3.8974036943832537e-07
0.00013420000000000001,4.0407242853303477e-07,-4.3761041141174708e-07,3.9347851268105499e-07,-3.8608753733616689e-07
0.00013430000000000001,4.0571887364611117e-07,-4.340030590361038e-07,3.946183310664922e-07,-3.8249726667477336e-07
0.00013440000000000001,4.0763198617769407e-07,-4.3046244346036233e-07,3.957506001239532e-07,-3.7897145520562021e-07
0.00013449999999999999,4.0979746772117126e-07,-4.2698188757258802e-07,3.9686385356508408e-07,-3.7551175134086253e-07
0.00013459999999999999,4.1219056517267187e-07,-4.2355221367400258e-07,3.9794703725150911e-07,-3.7211954962570904e-07
0.00013469999999999999,4.1477633938700265e-07,-4.2016242611789479e-07,3.9898959187539733e-07,-3.6879598775374055e-07
0.0001348,4.1751113540713779e-07,-4.168006207567665e-07,3.9998153552483625e-07,-3.6554194511011512e-07
0.0001349,4.2034506315964254e-07,-4.1345504173543779e-07,4.0091354434164312e-07,-3.623580428230821e-07
0.000135,4.232251696114606e-07,-4.1011518444400029e-07,4.0177702945430306e-07,-3.5924464530109538e-07
0.0001351,4.2609890062808982e-07,-4.0677283248528035e-07,4.0256420839065259e-07,-3.5620186323079859e-07
0.00013520000000000001,4.2891742350835119e-07,-4.0342291800717521e-07,4.0326816924381384e-07,-3.5322955800977109e-07
0.00013530000000000001,4.3163841197354687e-07,-4.000641089020178e-07,4.0388292597883795e-07,-3.503273475865565e-07
0.00013540000000000001,4.3422797881360989e-07,-3.9669905185260023e-07,4.0440346342419681e-07,-3.4749461367871707e-07
0.00013550000000000001,4.3666156484244155e-07,-3.9333423429712909e-07,4.0482577068774503e-07,-3.4473051033693582e-07
0.00013560000000000002,4.3892373839664453e-07,-3.8997946732792846e-07,4.0514686196658868e-07,-3.4203397381905737e-07
0.00013569999999999999,4.4100700671392124e-07,-3.8664703096768761e-07,4.0536478397871095e-07,-3.3940373373212009e-07
0.00013579999999999999,4.429098687407898e-07,-3.8335055874959024e-07,4.0547860952513241e-07,-3.368383253926201e-07
0.0001359,4.4463443089616801e-07,-3.8010376609432286e-07,4.0548841698788895e-07,-3.3433610334536949e-07
0.000136,4.4618395115939236e-07,-3.7691914359140526e-07,4.0539525587382006e-07,-3.3189525596943338e-07
0.0001361,4.4756066769652414e-07,-3.7380674019945266e-07,4.0520109881990821e-07,-3.2951382108587906e-07
0.0001362,4.4876420883149823e-07,-3.7077315229132182e-07,4.0490878077458062e-07,-3.2718970246690625e-07
0.00013630000000000001,4.49790781341012e-07,-3.67820813566403e-07,4.0452192635417743e-07,-3.2492068712977083e-07
0.00013640000000000001,4.5063320920445305e-07,-3.649476506084388e-07,4.0404486663694986e-07,-3.2270446328230072e-07
0.00013650000000000001,4.5128176374712456e-07,-3.6214713272584516e-07,4.0348254689254443e-07,-3.2053863877060021e-07
0.00013660000000000001,4.5172560779290525e-07,-3.5940870665150823e-07,4.0284042694635522e-07,-3.1842075986437353e-07
0.00013670000000000002,4.5195458797517149e-07,-3.5671857073649036e-07,4.0212437604086256e-07,-3.1634833020191378e-07
0.00013679999999999999,4.5196106307592297e-07,-3.540607130748806e-07,4.0134056417565663e-07,-3.1431882970618573e-07
0.00013689999999999999,4.5174145813856701e-07,-3.5141811637096157e-07,4.0049535198145918e-07,-3.1232973327598168e-07
0.000137,4.5129728295165492e-07,-3.4877402105149917e-07,3.9959518120901014e-07,-3.1037852905273105e-07
0.0001371,4.5063544127422919e-07,-3.4611313767079966e-07,3.9864646789095037e-07,-3.0846273606453112e-07
0.0001372,4.497677701994411e-07,-3.4342270940008079e-07,3.9765550016392847e-07,-3.065799210546275e-07
0.0001373,4.4870987011449721e-07,-3.4069334365432095e-07,3.9662834262148802e-07,-3.0472771431221557e-07
0.00013740000000000001,4.4747939660834051e-07,-3.3791955625382886e-07,3.9557074890845051e-07,-3.0290382433875362e-07
0.00013750000000000001,4.4609406989586438e-07,-3.3509999909654796e-07,3.9448808406902754e-07,-3.0110605120286571e-07
0.00013760000000000001,4.4456970246642769e-07,-3.3223737023078562e-07,3.9338525792871456e-07,-2.9933229846075235e-07
0.00013770000000000001,4.4291854521667628e-07,-3.2933803084624892e-07,3.9226667053027693e-07,-2.9758058354628124e-07
0.00013780000000000002,4.4114820658958978e-07,-3.2641137496483498e-07,3.911361703635833e-07,-2.9584904656456998e-07
0.00013789999999999999,4.3926131521973526e-07,-3.234690131380859e-07,3.8999702583469388e-07,-2.9413595745405991e-07
0.00013799999999999999,4.3725598691561264e-07,-3.2052384063286794e-07,3.8885191011947197e-07,-2.9243972151366554e-07
0.0001381,4.351270378598574e-07,-3.1758906350917434e-07,3.8770289924791568e-07,-2.9075888332248542e-07
0.0001382,4.3286777533422778e-07,-3.1467725333878782e-07,3.8655148297577106e-07,-2.8909212910861593e-07
0.0001383,4.3047211141245978e-07,-3.1179949414194005e-07,3.8539858772629111e-07,-2.8743828764973316e-07
0.0001384,4.2793669651449997e-07,-3.0896467466881599e-07,3.842446106341165e-07,-2.8579632981058496e-07
0.00013850000000000001,4.2526276551149202e-07,-3.0617896664426984e-07,3.8308946350121855e-07,-2.8416536684007421e-07
0.00013860000000000001,4.2245742965812001e-07,-3.0344551608160365e-07,3.8193262528645074e-07,-2.8254464756324203e-07
0.00013870000000000001,4.1953422683385537e-07,-3.0076436105733486e-07,3.8077320159976371e-07,-2.8093355461027076e-07
0.00013880000000000001,4.1651284854916722e-07,-2.9813257595926704e-07,3.7960998956232845e-07,-2.7933159982584154e-07
0.00013890000000000002,4.1341807917615741e-07,-2.9554462949153329e-07,3.7844154632660801e-07,-2.7773841899775259e-07
0.00013899999999999999,4.1027809361480627e-07,-2.9299293183281393e-07,3.7726625952621824e-07,-2.761537660342898e-07
0.00013909999999999999,4.0712234785928941e-07,-2.9046853547332959e-07,3.7608241794372768e-07,-2.7457750670566396e-07
0.0001392,4.0397934988292995e-07,-2.8796194466633478e-07,3.7488828074362282e-07,-2.7300961204741124e-07
0.0001393,4.0087460845373221e-07,-2.8546398054031766e-07,3.7368214371455338e-07,-2.7145015150334401e-07
0.0001394,3.9782902389547186e-07,-2.8296664331824351e-07,3.7246240109603137e-07,-2.6989928586424392e-07
0.0001395,3.9485791295474311e-07,-2.80463910491124e-07,3.7122760172539351e-07,-2.6835726003689995e-07
0.00013960000000000001,3.9197076106589931e-07,-2.7795241092295694e-07,3.6997649842576178e-07,-2.6682439565773613e-07
0.00013970000000000001,3.8917168467167834e-07,-2.7543192032159496e-07,3.6870808975930678e-07,-2.6530108354738539e-07
0.00013980000000000001,3.8646048080261774e-07,-2.729056336039921e-07,3.6742165348636495e-07,-2.6378777598827329e-07
0.00013990000000000001,3.8383405692101075e-07,-2.7038018428711838e-07,3.6611677129379045e-07,-2.6228497879738469e-07
0.00014000000000000001,3.8128798386824608e-07,-2.6786539948459545e-07,3.6479334457930424e-07,-2.6079324316184016e-07
0.00014009999999999999,3.7881790614164659e-07,-2.653738001569323e-07,3.6345160129703166e-07,-2.5931315720599098e-07
0.00014019999999999999,3.7642057778481362e-07,-2.6291987821777218e-07,3.6209209407725682e-07,-2.578453372655278e-07
0.0001403,3.7409436341974176e-07,-2.6051920284845085e-07,3.60715690026462e-07,-2.5639041885668416e-07
0.0001404,3.7183914110040938e-07,-2.5818742569023374e-07,3.5932355278728445e-07,-2.5494904734614952e-07
0.0001405,3.6965565134221718e-07,-2.5593926637432555e-07,3.5791711758955064e-07,-2.5352186834921041e-07
0.0001406,3.6754443771773614e-07,-2.5378756444024919e-07,3.5649806014994834e-07,-2.5210951790881552e-07
0.0001407,3.6550460248554433e-07,-2.5174248008628227e-07,3.5506826037803409e-07,-2.5071261253522095e-07
0.00014080000000000001,3.6353264287357046e-07,-2.4981091426007174e-07,3.5362976191897718e-07,-2.4933173921339998e-07
0.00014090000000000001,3.6162163230711045e-07,-2.4799619915656083e-07,3.521847286090985e-07,-2.4796744551162994e-07
0.00014100000000000001,3.5976096513415058e-07,-2.462980849894147e-07,3.5073539893921074e-07,-2.4662022994829516e-07
0.00014110000000000001,3.5793679923695098e-07,-2.4471302045193048e-07,3.4928403961474247e-07,-2.4529053279309364e-07
0.00014119999999999999,3.561332204256064e-07,-2.4323469559228014e-07,3.4783289927226359e-07,-2.4397872749242777e-07
0.00014129999999999999,3.5433403217790586e-07,-2.4185479005386454e-07,3.4638416336194223e-07,-2.42685112915326e-07
0.00014139999999999999,3.5252496259186791e-07,-2.4056384969745933e-07,3.4493991113705259e-07,-2.4140990661511625e-07
0.0001415,3.5069599504764011e-07,-2.3935220284439754e-07,3.4350207560804788e-07,-2.4015323929250794e-07
0.0001416,3.4884348425934945e-07,-2.3821082516295235e-07,3.4207240722259172e-07,-2.389151506276636e-07
0.0001417,3.4697172366476564e-07,-2.3713206985537259e-07,3.4065244192750111e-07,-2.376955866225028e-07
0.0001418,3.4509368486531959e-07,-2.361101964106518e-07,3.3924347415623958e-07,-2.3649439856053513e-07
0.00014190000000000001,3.4323074899944588e-07,-2.3514165480604073e-07,3.3784653516943391e-07,-2.353113436508741e-07
0.00014200000000000001,3.4141138062711849e-07,-2.3422510985678941e-07,3.3646237705782321e-07,-2.3414608737751862e-07
0.00014210000000000001,3.3966883898727507e-07,-2.3336121911365072e-07,3.3509146259939993e-07,-2.3299820752579053e-07
0.00014220000000000001,3.3803815888936439e-07,-2.325522038896485e-07,3.3373396104714335e-07,-2.3186719980741235e-07
0.00014229999999999999,3.365527439457867e-07,-2.3180127360503302e-07,3.3238974981173763e-07,-2.3075248495584599e-07
0.00014239999999999999,3.3524098161866343e-07,-2.3111197635037095e-07,3.3105842189684388e-07,-2.2965341711675367e-07
0.00014249999999999999,3.3412330177291194e-07,-2.3048755208935291e-07,3.2973929884333812e-07,-2.2856929331655651e-07
0.0001426,3.3321005479041926e-07,-2.2993035914963282e-07,3.2843144884451842e-07,-2.2749936375736827e-07
0.0001427,3.3250048670060134e-07,-2.2944143066457842e-07,3.2713370960730558e-07,-2.2644284266069795e-07
0.0001428,3.3198294977756046e-07,-2.2902019754444059e-07,3.2584471545533766e-07,-2.2539891936651117e-07
0.0001429,3.3163632620870318e-07,-2.2866439122069235e-07,3.2456292809945159e-07,-2.2436676938973793e-07
0.00014300000000000001,3.3143248177869528e-07,-2.2837011601371272e-07,3.2328667043965359e-07,-2.2334556514341975e-07
0.00014310000000000001,3.3133942843225027e-07,-2.2813206062058668e-07,3.2201416271115671e-07,-2.2233448605638346e-07
0.00014320000000000001,3.3132477865945544e-07,-2.2794380349414565e-07,3.2074356024606677e-07,-2.2133272784311248e-07
0.00014330000000000001,3.3135903482220007e-07,-2.2779815951846533e-07,3.1947299209249461e-07,-2.2033951072313595e-07
0.00014340000000000002,3.3141827903879436e-07,-2.2768751603408867e-07,3.1820059971529511e-07,-2.1935408643523889e-07
0.00014349999999999999,3.3148591160674611e-07,-2.2760411443506897e-07,3.1692457499784179e-07,-2.1837574394598211e-07
0.00014359999999999999,3.3155321726990927e-07,-2.2754024770078395e-07,3.1564319677338961e-07,-2.1740381381010616e-07
0.0001437,3.3161870103739656e-07,-2.2748836197362259e-07,3.1435486513799048e-07,-2.1643767119962139e-07
0.0001438,3.3168630632774476e-07,-2.2744106882113387e-07,3.1305813283555255e-07,-2.1547673767608668e-07
0.0001439,3.3176278414458332e-07,-2.2739109125222493e-07,3.1175173305937686e-07,-2.1452048183386724e-07
0.000144,3.3185460096100171e-07,-2.2733117838636915e-07,3.1043460308372733e-07,-2.1356841898855628e-07
0.00014410000000000001,3.3196483824338834e-07,-2.2725402913007536e-07,3.0910590322299043e-07,-2.1262011012169411e-07
0.00014420000000000001,3.3209053880115473e-07,-2.2715226350999991e-07,3.0776503071409079e-07,-2.1167516031864243e-07
0.00014430000000000001,3.3222089395275193e-07,-2.2701847175669592e-07,3.0641162822849485e-07,-2.1073321694943426e-07
0.00014440000000000001,3.3233654932525287e-07,-2.268453571819014e-07,3.0504558684174082e-07,-2.0979396784161984e-07
0.00014450000000000002,3.3241015218638888e-07,-2.2662597154266043e-07,3.0366704341822007e-07,-2.088571396796725e-07
0.00014459999999999999,3.3240809125156318e-07,-2.2635402365126147e-07,3.022763725041727e-07,-2.0792249683750541e-07
0.00014469999999999999,3.3229321502560261e-07,-2.2602422629999439e-07,3.0087417295927139e-07,-2.0698984081050796e-07
0.0001448,3.3202818002278154e-07,-2.256326356492085e-07,2.9946124969252603e-07,-2.0605901036291565e-07
0.0001449,3.3157899444840935e-07,-2.2517693292134227e-07,2.980385909982682e-07,-2.0512988244771481e-07
0.000145,3.3091829793252516e-07,-2.2465660143949226e-07,2.966073421076059e-07,-2.0420237389251223e-07
0.0001451,3.3002795683667569e-07,-2.2407296253533254e-07,2.9516877567679729e-07,-2.0327644377915034e-07
0.00014520000000000001,3.2890065157079175e-07,-2.2342905033690651e-07,2.937242600216831e-07,-2.0235209638070046e-07
0.00014530000000000001,3.2754027309658867e-07,-2.2272932573721274e-07,2.9227522597359085e-07,-2.0142938446041819e-07
0.00014540000000000001,3.2596111002155142e-07,-2.2197925114852491e-07,2.9082313327372488e-07,-2.0050841268658328e-07
0.00014550000000000001,3.2418597183579e-07,-2.211847669733676e-07,2.8936943743755893e-07,-1.9958934087801568e-07
0.00014560000000000002,3.2224353451784758e-07,-2.2035172530588458e-07,2.8791555800669911e-07,-1.9867238677008362e-07
0.00014569999999999999,3.201652920897467e-07,-2.1948534407553831e-07,2.8646284906243236e-07,-1.9775782798215148e-07
0.00014579999999999999,3.1798253830039948e-07,-2.1858974445094967e-07,2.8501257280317887e-07,-1.9684600287598246e-07
0.0001459,3.1572378135955911e-07,-2.1766762573937345e-07,2.8356587688879026e-07,-1.9593731002112334e-07
0.000146,3.1341291547793504e-07,-2.1672011628328537e-07,2.8212377613080166e-07,-1.9503220602710839e-07
0.0001461,3.1106834827719278e-07,-2.1574681799815869e-07,2.8068713896280356e-07,-1.9413120156245377e-07
0.0001462,3.0870313189766528e-07,-2.1474603895353822e-07,2.7925667896380046e-07,-1.9323485545419294e-07
0.00014630000000000001,3.0632599062382905e-07,-2.1371518584015839e-07,2.7783295153510317e-07,-1.9234376684665646e-07
0.00014640000000000001,3.0394300226835866e-07,-2.1265126925658035e-07,2.7641635565397444e-07,-1.9145856549012643e-07
0.00014650000000000001,3.0155959460660404e-07,-2.1155146194460603e-07,2.7500714045136848e-07,-1.9057990032505417e-07
0.00014660000000000001,2.9918247604900535e-07,-2.1041364500746265e-07,2.7360541619325953e-07,-1.8970842662092997e-07
0.00014670000000000002,2.9682113759614833e-07,-2.0923688029510371e-07,2.7221116909190962e-07,-1.8884479201596046e-07
0.00014679999999999999,2.9448863804090806e-07,-2.0802175794303767e-07,2.7082427924086213e-07,-1.8798962187987486e-07
0.00014689999999999999,2.9220150486266434e-07,-2.0677058487811558e-07,2.6944454086135867e-07,-1.8714350448300315e-07
0.000147,2.8997873088431707e-07,-2.0548740054081313e-07,2.6807168397247441e-07,-1.863069764965697e-07
0.0001471,2.8783999892633197e-07,-2.0417782726743903e-07,2.6670539655651178e-07,-1.8548050936884101e-07
0.0001472,2.8580339995232436e-07,-2.028487818523594e-07,2.6534534628690725e-07,-1.8466449711717623e-07
0.0001473,2.8388300378589031e-07,-2.0150808928064897e-07,2.639912009191967e-07,-1.8385924604631274e-07
0.0001474,2.8208668041612112e-07,-2.0016404773045144e-07,2.6264264651536692e-07,-1.8306496684823617e-07
0.00014750000000000001,2.8041454731949171e-07,-1.9882499490688052e-07,2.6129940277625963e-07,-1.822817694603128e-07
0.00014760000000000001,2.7885833643173857e-07,-1.9749891986171064e-07,2.5996123489145552e-07,-1.8150966095847487e-07
0.00014770000000000001,2.7740184468620082e-07,-1.9619315294592977e-07,2.5862796147625385e-07,-1.8074854664480258e-07
0.00014780000000000001,2.7602247305855568e-07,-1.9491415148731469e-07,2.5729945834453827e-07,-1.7999823435862141e-07
0.00014789999999999999,2.7469369418239667e-07,-1.9366738268915079e-07,2.5597565805713954e-07,-1.7925844190277175e-07
0.00014799999999999999,2.7338814247335576e-07,-1.9245729067985287e-07,2.5465654537962195e-07,-1.7852880733813056e-07
0.00014809999999999999,2.7208091561839665e-07,-1.9128732384590789e-07,2.533421489729693e-07,-1.7780890176626964e-07
0.0001482,2.7075262886454738e-07,-1.9015999311901981e-07,2.5203252981705579e-07,-1.7709824409894052e-07
0.0001483,2.6939178217181016e-07,-1.8907693242151698e-07,2.5072776702173203e-07,-1.7639631721003452e-07
0.0001484,2.6799608379680569e-07,-1.8803893865914139e-07,2.4942794180714926e-07,-1.7570258478660294e-07
0.0001485,2.6657251152277681e-07,-1.87045979204458e-07,2.4813312052671074e-07,-1.7501650814518531e-07
0.00014860000000000001,2.6513606571314311e-07,-1.8609716772282038e-07,2.4684333765855609e-07,-1.7433756226177729e-07
0.00014870000000000001,2.637073523302573e-07,-1.8519072203361191e-07,2.4555857970123498e-07,-1.7366525028064027e-07
0.00014880000000000001,2.6230930271057105e-07,-1.8432392803188257e-07,2.4427877087509949e-07,-1.7299911581950291e-07
0.00014890000000000001,2.6096346569568865e-07,-1.8349313945826948e-07,2.4300376145347352e-07,-1.7233875247568014e-07
0.00014899999999999999,2.5968637753274032e-07,-1.8269384315951657e-07,2.41733319429622e-07,-1.7168381005669265e-07
0.00014909999999999999,2.5848651483748449e-07,-1.8192081304786669e-07,2.4046712607127442e-07,-1.7103399720580136e-07
0.00014919999999999999,2.573622648114109e-07,-1.8116836391433783e-07,2.3920477573059719e-07,-1.7038908026181844e-07
0.0001493,2.5630121392467764e-07,-1.8043070022604639e-07,2.3794578007172344e-07,-1.6974887837650895e-07
0.0001494,2.5528087947224067e-07,-1.7970233744220587e-07,2.3668957665951513e-07,-1.6911325510370112e-07
0.0001495,2.5427081227077128e-07,-1.789785570229901e-07,2.3543554163208258e-07,-1.6848210686313814e-07
0.0001496,2.5323581075529711e-07,-1.7825584396919132e-07,2.3418300596627686e-07,-1.6785534885976645e-07
0.00014970000000000001,2.5213983338235825e-07,-1.7753224975787832e-07,2.3293127465014405e-07,-1.6723289919668489e-07
0.00014980000000000001,2.5095009932508065e-07,-1.7680762544012014e-07,2.3167964790928808e-07,-1.6661466204860921e-07
0.00014990000000000001,2.4964084082728605e-07,-1.7608367985389363e-07,2.3042744350396194e-07,-1.6600051085480043e-07
0.00015000000000000001,2.4819621820809726e-07,-1.7536383557989444e-07,2.2917401902817475e-07,-1.6539027253977006e-07
0.00015010000000000002,2.4661202377129993e-07,-1.7465287848167649e-07,2.2791879310657266e-07,-1.6478371377189694e-07
0.00015019999999999999,2.4489596753274202e-07,-1.7395642255842812e-07,2.2666126440317606e-07,-1.6418053022199468e-07
0.00015029999999999999,2.4306653215278308e-07,-1.7328023698919746e-07,2.2540102742888281e-07,-1.6358033968520428e-07
0.0001504,2.4115057919454859e-07,-1.726295031730559e-07,2.2413778426098949e-07,-1.6298267978260982e-07
0.0001505,2.3918005624545103e-07,-1.7200808319404699e-07,2.2287135146343712e-07,-1.6238701076778607e-07
0.0001506,2.3718827090568478e-07,-1.7141788524544674e-07,2.2160166171477893e-07,-1.6179272373494492e-07
0.0001507,2.3520624687988302e-07,-1.7085840511525712e-07,2.2032875990305215e-07,-1.6119915426803406e-07
0.00015080000000000001,2.3325965282503785e-07,-1.70326506221769e-07,2.1905279372211786e-07,-1.6060560129488183e-07
0.00015090000000000001,2.3136670028044364e-07,-1.6981647562171945e-07,2.1777399909015469e-07,-1.6001135062896727e-07
0.00015100000000000001,2.2953725706777646e-07,-1.6932036279277313e-07,2.1649268099459896e-07,-1.5941570240693671e-07
0.00015110000000000001,2.2777323914669192e-07,-1.6882857552354993e-07,2.1520919063484239e-07,-1.5881800137562665e-07
0.00015120000000000002,2.2607015398191377e-07,-1.6833067696220448e-07,2.1392389997088818e-07,-1.5821766876148572e-07
0.00015129999999999999,2.2441949983341136e-07,-1.6781630360704854e-07,2.1263717497972979e-07,-1.5761423428014836e-07
0.00015139999999999999,2.2281160265408182e-07,-1.6727610888105042e-07,2.1134934906005219e-07,-1.5700736672562997e-07
0.0001515,2.2123841332613733e-07,-1.6670263289062949e-07,2.1006069810032309e-07,-1.5639690152599113e-07
0.0001516,2.1969580125626061e-07,-1.660910065966395e-07,2.0877141872830801e-07,-1.5578286367217882e-07
0.0001517,2.1818496371316994e-07,-1.6543941700421648e-07,2.0748161118762997e-07,-1.5516548452245258e-07
0.0001518,2.1671271123228899e-07,-1.6474928682401681e-07,2.0619126813812576e-07,-1.545452111570229e-07
0.00015190000000000001,2.152905669215971e-07,-1.640251540228293e-07,2.0490027045440312e-07,-1.5392270720310168e-07
0.00015200000000000001,2.1393280512866409e-07,-1.6327426980151174e-07,2.0360839080707207e-07,-1.5329884436318628e-07
0.00015210000000000001,2.1265372465268219e-07,-1.6250596375590677e-07,2.0231530546355706e-07,-1.5267468424929143e-07
0.00015220000000000001,2.1146457803916529e-07,-1.6173084867723377e-07,2.0102061435262875e-07,-1.5205145054003971e-07
0.00015230000000000002,2.1037064231965123e-07,-1.6095995192811347e-07,1.9972386901453942e-07,-1.5143049192060025e-07
0.00015239999999999999,2.0936890784950687e-07,-1.6020386413336532e-07,1.9842460762451025e-07,-1.5081323671968101e-07
0.00015249999999999999,2.0844678131728339e-07,-1.5947198900793151e-07,1.9712239585030823e-07,-1.5020114060383352e-07
0.0001526,2.0758205783475024e-07,-1.5877196184530956e-07,1.9581687190486004e-07,-1.4959562910743175e-07
0.0001527,2.0674423557040855e-07,-1.5810928100714638e-07,1.9450779380184935e-07,-1.4899803714691098e-07
0.0001528,2.0589705104419197e-07,-1.5748716997331531e-07,1.9319508653480951e-07,-1.4840954797120392e-07
0.0001529,2.0500193257815821e-07,-1.5690666073050353e-07,1.9187888669535619e-07,-1.4783113421987536e-07
0.00015300000000000001,2.0402193016549159e-07,-1.5636686590446628e-07,1.9055958193800838e-07,-1.4726350388148044e-07
0.00015310000000000001,2.0292560296804609e-07,-1.5586538983254827e-07,1.8923784269832827e-07,-1.4670705395623834e-07
0.00015320000000000001,2.0169034260848123e-07,-1.5539881947659051e-07,1.8791464368474699e-07,-1.4616183452200461e-07
0.00015330000000000001,2.0030468246498096e-07,-1.5496323523118681e-07,1.865912728943843e-07,-1.456275256780119e-07
0.00015340000000000002,1.9876928041211751e-07,-1.5455468859968811e-07,1.8526932624703875e-07,-1.4510342949943301e-07
0.00015349999999999999,1.9709644540199216e-07,-1.5416960663376838e-07,1.8395068638150857e-07,-1.4458847868426306e-07
0.00015359999999999999,1.9530828067637855e-07,-1.5380509944956026e-07,1.8263748470212962e-07,-1.4408126302485365e-07
0.0001537,1.9343370898900214e-07,-1.5345916419143782e-07,1.8133204638371909e-07,-1.435800742060582e-07
0.0001538,1.9150480002034434e-07,-1.5313079377319114e-07,1.8003681871886692e-07,-1.4308296874146911e-07
0.0001539,1.895529145841013e-07,-1.5282000938071372e-07,1.7875428389825944e-07,-1.4258784813301227e-07
0.000154,1.876052003623499e-07,-1.5252784072921946e-07,1.7748685802517958e-07,-1.4209255460430901e-07
0.00015410000000000001,1.8568191665899936e-07,-1.5225627713895063e-07,1.7623677885114501e-07,-1.4159498004343193e-07
0.00015420000000000001,1.8379493921682702e-07,-1.5200820639736497e-07,1.7500598535163982e-07,-1.4109318512543929e-07
0.00015430000000000001,1.8194761884540807e-07,-1.5178734879130522e-07,1.737959928109986e-07,-1.4058552499798989e-07
0.00015440000000000001,1.8013596532060168e-07,-1.5159818290376544e-07,1.7260776752726187e-07,-1.4007077743151659e-07
0.00015450000000000001,1.7835093038069667e-07,-1.5144585026699509e-07,1.7144160555819861e-07,-1.3954826898291087e-07
0.00015459999999999999,1.765813997543429e-07,-1.5133602000939433e-07,1.7029702008963956e-07,-1.3901799451838344e-07
0.00015469999999999999,1.7481739829627903e-07,-1.5127469386238114e-07,1.6917264200277898e-07,-1.3848072540236719e-07
0.0001548,1.7305298037031697e-07,-1.5126793700898751e-07,1.6806613804041384e-07,-1.3793810179396575e-07
0.0001549,1.7128832472596629e-07,-1.5132153087645077e-07,1.6697415062127242e-07,-1.3739270480366121e-07
0.000155,1.695306727996853e-07,-1.5144055865238297e-07,1.6589226283223183e-07,-1.3684810474665498e-07
0.0001551,1.6779392445472169e-07,-1.5162895071895518e-07,1.6481499145191101e-07,-1.3630888237462962e-07
0.0001552,1.6609691020652482e-07,-1.5188903250589636e-07,1.6373581004477737e-07,-1.3578062075740957e-07
0.00015530000000000001,1.6446056391425886e-07,-1.5222112853216453e-07,1.6264720323702844e-07,-1.3526986639621415e-07
0.00015540000000000001,1.6290439446539401e-07,-1.5262328110372264e-07,1.6154075227417364e-07,-1.3478405915158502e-07
0.00015550000000000001,1.6144277303982298e-07,-1.5309113855932399e-07,1.6040725089999619e-07,-1.3433143162789834e-07
0.00015560000000000001,1.6008159604406661e-07,-1.5361805556797125e-07,1.5923684952471933e-07,-1.3392087973511396e-07
0.00015569999999999999,1.5881584541611497e-07,-1.5419542756970779e-07,1.5801922460651381e-07,-1.3356180720787081e-07
0.00015579999999999999,1.5762845226099127e-07,-1.5481325510502224e-07,1.5674376919429909e-07,-1.3326394786194688e-07
0.00015589999999999999,1.5649069254337811e-07,-1.5546090466106071e-07,1.5539979970984025e-07,-1.3303717026960888e-07
0.000156,1.5536412978940181e-07,-1.5612800461440831e-07,1.5397677331915579e-07,-1.3289127030155791e-07
0.0001561,1.5420389992992677e-07,-1.5680539186664604e-07,1.5246450968865505e-07,-1.3283575758158614e-07
0.0001562,1.529629392095554e-07,-1.5748601043538586e-07,1.5085341056630986e-07,-1.3287964230318772e-07
0.0001563,1.5159661573264418e-07,-1.5816566021788123e-07,1.4913467049174099e-07,-1.3303122904456275e-07
0.00015640000000000001,1.500671594420718e-07,-1.5884350365093837e-07,1.4730047203274446e-07,-1.3329792417650745e-07
0.00015650000000000001,1.4834730428525144e-07,-1.5952225968951812e-07,1.453441592730245e-07,-1.336860631815593e-07
0.00015660000000000001,1.4642265807430778e-07,-1.6020804639844034e-07,1.4326038383090424e-07,-1.3420076369649416e-07
0.00015670000000000001,1.4429248626183771e-07,-1.6090987201517702e-07,1.4104521845760547e-07,-1.3484580936613053e-07
0.00015680000000000002,1.4196881173150247e-07,-1.6163881505685706e-07,1.3869623422364609e-07,-1.3562356867576899e-07
0.00015689999999999999,1.3947396334801859e-07,-1.6240697187791649e-07,1.3621253842264474e-07,-1.3653495184126558e-07
0.00015699999999999999,1.3683691876606119e-07,-1.6322628016088027e-07,1.3359477156637151e-07,-1.3757940761596642e-07
0.0001571,1.3408895162031072e-07,-1.6410734507502127e-07,1.3084506317055924e-07,-1.3875496056413002e-07
0.0001572,1.3125918623068795e-07,-1.6505839857001433e-07,1.2796694739135677e-07,-1.4005828799738532e-07
0.0001573,1.2837067103088513e-07,-1.6608451055233226e-07,1.249652409183621e-07,-1.4148483442274997e-07
0.0001574,1.2543750382866309e-07,-1.6718714452237418e-07,1.2184588681283553e-07,-1.4302896005754622e-07
0.00015750000000000001,1.224633887947755e-07,-1.6836411248176954e-07,1.1861576915083337e-07,-1.4468411877650867e-07
0.00015760000000000001,1.1944179855422676e-07,-1.6960993892628144e-07,1.1528250434616271e-07,-1.4644305981516507e-07
0.00015770000000000001,1.1635768435454153e-07,-1.70916596881297e-07,1.1185421584769776e-07,-1.4829804670171889e-07
0.00015780000000000001,1.131904558779243e-07,-1.7227453589146036e-07,1.0833929949668998e-07,-1.5024108626169604e-07
0.00015790000000000002,1.0991777144519842e-07,-1.7367388791606937e-07,1.0474618716761218e-07,-1.5226416016168145e-07
0.00015799999999999999,1.0651956493431401e-07,-1.7510571639868598e-07,1.0108311638503283e-07,-1.5435945134809272e-07
0.00015809999999999999,1.0298170402245504e-07,-1.7656316894137748e-07,9.7357913403190654e-08,-1.5651955790153831e-07
0.0001582,9.9298729851579546e-08,-1.7804240563169093e-07,9.357779675905507e-08,-1.5873768726388984e-07
0.0001583,9.547526293877094e-08,-1.795432017135154e-07,8.9749207578289009e-08,-1.6100782449077002e-07
0.0001584,9.1525854806693938e-08,-1.8106916167022455e-07,8.5877671951585289e-08,-1.6332486911306888e-07
0.0001585,8.7473291535475252e-08,-1.8262752716788968e-07,8.1967699539907327e-08,-1.6568473632509504e-07
0.00015860000000000001,8.3345581798449969e-08,-1.8422860811967496e-07,7.8022721252951279e-08,-1.680844195129677e-07
0.00015870000000000001,7.9172055561516567e-08,-1.8588490868497591e-07,7.404506742366934e-08,-1.7052201254762897e-07
0.00015880000000000001,7.4979132798112468e-08,-1.8761005320856945e-07,7.0035986425625858e-08,-1.729966917398128e-07
0.00015890000000000001,7.078637521850085e-08,-1.8941763707003e-07,6.5995702204505645e-08,-1.7550865883414118e-07
0.00015900000000000002,6.6603400376943835e-08,-1.9132013199353385e-07,6.1923507776179889e-08,-1.7805904784995641e-07
0.00015909999999999999,6.2428121252887719e-08,-1.9332796436029438e-07,5.7817890435401358e-08,-1.8064979990260753e-07
0.00015919999999999999,5.8246591867377161e-08,-1.9544886021628747e-07,5.367668327195835e-08,-1.8328351130931183e-07
0.0001593,5.4034516417472217e-08,-1.9768751541318294e-07,4.9497236649479326e-08,-1.859632612525347e-07
0.0001594,4.97602471937059e-08,-2.0004560831583283e-07,4.5276602603185907e-08,-1.8869242600266097e-07
0.0001595,4.5388887803610912e-08,-2.0252213100915546e-07,4.1011724684559205e-08,-1.9147448716115213e-07
0.0001596,4.088696216544564e-08,-2.0511397810823447e-07,3.6699625640829156e-08,-1.9431284155624776e-07
0.00015970000000000001,3.6227028052347615e-08,-2.0781670454006289e-07,3.2337585471820656e-08,-1.9721062029771181e-07
0.00015980000000000001,3.1391617819395653e-08,-2.1062534815343146e-07,2.7923302851152484e-08,-2.0017052407858496e-07
0.00015990000000000001,2.6375977463913837e-08,-2.1353521119668802e-07,2.3455033616605735e-08,-2.0319468111571444e-07
0.00016000000000000001,2.1189235665586242e-08,-2.1654250625425149e-07,1.8931700998577353e-08,-2.0628453317317469e-07
0.00016010000000000002,1.5853844309437955e-08,-2.1964479512307757e-07,1.4352973428683905e-08,-2.094407539500365e-07
0.00016019999999999999,1.0403361934983271e-08,-2.2284117992619306e-07,9.7193071073498649e-09,-2.1266320278139106e-07
0.00016029999999999999,4.8788698237169631e-09,-2.2613224019235674e-07,5.0319519569939887e-09,-2.1595091515163767e-07
0.0001604,-6.755127167952253e-10,-2.295197430648165e-07,2.9292108934906237e-10,-2.1930213000892514e-07
0.0001605,-6.2174354949117798e-09,-2.3300618193288999e-07,-4.495074588460558e-09,-2.2271435235978661e-07
0.0001606,-1.1710836071644241e-08,-2.3659421816491168e-07,-9.3287235738404495e-09,-2.2618444817387918e-07
0.0001607,-1.7129608695113696e-08,-2.4028610910143146e-07,-1.4204238411990917e-08,-2.2970876729922928e-07
0.00016080000000000001,-2.2459985933390321e-08,-2.4408320240758095e-07,-1.9117502288844213e-08,-2.3328328893270514e-07
0.00016090000000000001,-2.7701374383807699e-08,-2.4798556319918894e-07,-2.4064231171712151e-08,-2.3690378325640881e-07
0.00016100000000000001,-3.2865594441683227e-08,-2.5199177833875686e-07,-2.9040144448005434e-08,-2.4056598217746084e-07
0.00016110000000000001,-3.7974683089942851e-08,-2.5609895525567096e-07,-3.404113665291362e-08,-2.4426575172526555e-07
0.00016120000000000002,-4.3057599458098753e-08,-2.6030290443464693e-07,-3.9063442821854733e-08,-2.4799925858407512e-07
0.00016129999999999999,-4.8146301621677773e-08,-2.6459846920331954e-07,-4.4103790256864543e-08,-2.5176312347486205e-07
0.00016139999999999999,-5.327172384026036e-08,-2.6897994699626219e-07,-4.9159530049456454e-08,-2.5555455464143019e-07
0.0001615,-5.8460170215966968e-08,-2.734415353071053e-07,-5.422874253520089e-08,-2.5937145552132788e-07
0.0001616,-6.3730558197332208e-08,-2.7797773426745874e-07,-5.9310311935274017e-08,-2.6321250176095e-07
0.0001617,-6.9092807651988626e-08,-2.8258364607453278e-07,-6.4403966724888792e-08,-2.6707718402319111e-07
0.0001618,-7.4547499864937288e-08,-2.8725512791605803e-07,-6.9510283706865537e-08,-2.7096581448433996e-07
0.00016190000000000001,-8.0086751254264949e-08,-2.9198877715438284e-07,-7.4630655302563988e-08,-2.7487949646561529e-07
0.00016200000000000001,-8.569608450601411e-08,-2.9678175219165289e-07,-7.9767221139719166e-08,-2.7882005823082628e-07
0.00016210000000000001,-9.1356957389431065e-08,-3.0163145626018943e-07,-8.4922766553074302e-08,-2.82789953539554e-07
0.00016220000000000001,-9.7049542310732652e-08,-3.0653513119110007e-07,-9.0100592055324284e-08,-2.8679213301031437e-07
0.00016230000000000001,-1.027553446609558e-07,-3.11489421452475e-07,-9.5304359122291993e-08,-2.9082989165790472e-07
0.00016239999999999999,-1.0845930283594411e-07,-3.1648997378944392e-07,-1.0053791871258045e-07,-2.9490669906801397e-07
0.00016249999999999999,-1.141511164201747e-07,-3.2153113412451917e-07,-1.0580512976136101e-07,-2.990260195112376e-07
0.00016259999999999999,-1.198256836753712e-07,-3.2660579160804542e-07,-1.1110967541333746e-07,-3.0319112984010398e-07
0.0001627,-1.2548267355538578e-07,-3.3170540148293101e-07,-1.164548849662161e-07,-3.0740494322999798e-07
0.0001628,-1.3112538888424984e-07,-3.3682019615573235e-07,-1.2184356937012011e-07,-3.1166984670418397e-07
0.0001629,-1.3675917682225707e-07,-3.419395703987121e-07,-1.2727787767134962e-07,-3.1598755992493097e-07
0.000163,-1.4238969667538286e-07,-3.470526048635224e-07,-1.3275918101470899e-07,-3.2035902195067192e-07
0.00016310000000000001,-1.480213573418545e-07,-3.5214867468961219e-07,-1.38287989754584e-07,-3.2478431158071303e-07
0.00016320000000000001,-1.5365618926960199e-07,-3.5721807895738263e-07,-1.438639079105448e-07,-3.2926260557394878e-07
0.00016330000000000001,-1.5929332833069047e-07,-3.6225262326204588e-07,-1.4948562768851289e-07,-3.3379217748735114e-07
0.00016340000000000001,-1.6492917696262969e-07,-3.6724609203346836e-07,-1.5515096513236826e-07,-3.3837043819360201e-07
0.00016350000000000002,-1.7055819001165177e-07,-3.7219455874575233e-07,-1.6085693623885797e-07,-3.4299401737185555e-07
0.00016359999999999999,-1.7617412793243347e-07,-3.7709649939523348e-07,-1.6659987113009516e-07,-3.4765888349260985e-07
0.00016369999999999999,-1.8177154464112541e-07,-3.8195269553245437e-07,-1.723755622036973e-07,-3.5236049810884857e-07
0.0001638,-1.8734724250016538e-07,-3.8676593533801155e-07,-1.7817944063970952e-07,-3.5709399869252067e-07
0.0001639,-1.9290143697811755e-07,-3.9154054231103979e-07,-1.8400677430086538e-07,-3.6185440288420812e-07
0.000164,-1.9843842554589677e-07,-3.9628177888797819e-07,-1.8985287897600283e-07,-3.6663682591389882e-07
0.0001641,-2.0396663979041041e-07,-4.009951849647798e-07,-1.9571333413439167e-07,-3.7143670215228022e-07
0.00016420000000000001,-2.0949806205375192e-07,-4.0568591769335183e-07,-2.015841939178445e-07,-3.7625000130269374e-07
0.00016430000000000001,-2.1504709112841363e-07,-4.1035815857882946e-07,-2.0746218402212729e-07,-3.8107342966882045e-07
0.00016440000000000001,-2.2062902890021061e-07,-4.1501464702013279e-07,-2.1334487541885833e-07,-3.8590460724251603e-07
0.00016450000000000001,-2.2625841751005711e-07,-4.1965638683643779e-07,-2.1923082653887187e-07,-3.9074221204491217e-07
0.00016460000000000002,-2.3194747588182801e-07,-4.2428255533634968e-07,-2.2511968655834463e-07,-3.9558608420216278e-07
0.00016469999999999999,-2.3770486302518359e-07,-4.2889062479700492e-07,-2.3101225376589171e-07,-4.0043728361015483e-07
0.00016479999999999999,-2.435349377317664e-07,-4.3347668569274408e-07,-2.3691048459566899e-07,-4.0529809669254736e-07
0.0001649,-2.4943760036206272e-07,-4.3803594152755739e-07,-2.4281745073023898e-07,-4.101719896237145e-07
0.000165,-2.5540870670030106e-07,-4.4256332842202883e-07,-2.4873724364043134e-07,-4.1506350740396428e-07
0.0001651,-2.6144095238478558e-07,-4.4705420015185947e-07,-2.5467482796386593e-07,-4.1997812026277656e-07
0.0001652,-2.6752505431875689e-07,-4.5150501222411624e-07,-2.6063584715172224e-07,-4.2492202094709289e-07
0.00016530000000000001,-2.7365101444480346e-07,-4.5591393745440829e-07,-2.6662638675639917e-07,-4.2990187844547907e-07
0.00016540000000000001,-2.7980924772929154e-07,-4.6028135052891809e-07,-2.7265270251476194e-07,-4.3492455552688471e-07
0.00016550000000000001,-2.8599139022511456e-07,-4.6461012985355734e-07,-2.7872092193190449e-07,-4.3999679906195189e-07
0.00016560000000000001,-2.921906684172332e-07,-4.6890574077821945e-07,-2.8483672932584494e-07,-4.4512491338076538e-07
0.00016570000000000002,-2.9840179619730174e-07,-4.7317608377022033e-07,-2.9100504520197674e-07,-4.5031442784984036e-07
0.00016579999999999999,-3.0462045590651106e-07,-4.7743111267208122e-07,-2.9722971134782247e-07,-4.5556977038219292e-07
0.00016589999999999999,-3.1084249920369465e-07,-4.8168224993979233e-07,-3.0351319314819078e-07,-4.6089395870187083e-07
0.000166,-3.1706305809153502e-07,-4.8594164573204839e-07,-3.0985631030824006e-07,-4.6628832085776477e-07
0.0001661,-3.2327577641629366e-07,-4.9022134397254386e-07,-3.1625800644333029e-07,-4.7175225572773672e-07
0.0001662,-3.2947235350935851e-07,-4.9453242932733884e-07,-3.2271516687122607e-07,-4.7728304309522574e-07
0.0001663,-3.3564253689641957e-07,-4.9888423312343682e-07,-3.2922249246152868e-07,-4.8287571135488505e-07
0.00016640000000000001,-3.417746189477738e-07,-5.032836728445491e-07,-3.3577243560937698e-07,-4.8852296906376978e-07
0.00016650000000000001,-3.4785639666047092e-07,-5.077347889264604e-07,-3.4235520236827147e-07,-4.942152044646781e-07
0.00016660000000000001,-3.5387646083377107e-07,-5.1223852484487093e-07,-3.4895882257248922e-07,-4.9994055484296625e-07
0.00016670000000000001,-3.5982560713427051e-07,-5.1679277340074633e-07,-3.5556928748218786e-07,-5.0568504521893318e-07
0.00016680000000000002,-3.6569812064249308e-07,-5.2139268578046107e-07,-3.6217075217699928e-07,-5.1143279351067695e-07
0.00016689999999999999,-3.7149268605135175e-07,-5.2603121300578371e-07,-3.6874579769075194e-07,-5.1716627701289455e-07
0.00016699999999999999,-3.7721271970885751e-07,-5.306998246368583e-07,-3.7527574580264618e-07,-5.2286665291003626e-07
0.0001671,-3.8286600191723809e-07,-5.3538932983370936e-07,-3.8174101755467514e-07,-5.2851412365478218e-07
0.0001672,-3.8846359648102159e-07,-5.4009071351978474e-07,-3.8812152501969784e-07,-5.3408833646560939e-07
0.0001673,-3.9401816271060779e-07,-5.4479589713803778e-07,-3.9439708465573796e-07,-5.395688049871321e-07
0.0001674,-3.9954187386338974e-07,-5.4949834012254344e-07,-4.0054783979420087e-07,-5.4493534035955251e-07
0.00016750000000000001,-4.0504423692872964e-07,-5.5419341441052824e-07,-4.0655467945154297e-07,-5.501684785878118e-07
0.00016760000000000001,-4.1053014697980135e-07,-5.5887850864787128e-07,-4.1239964073903379e-07,-5.5524989119983151e-07
0.00016770000000000001,-4.1599849643982436e-07,-5.6355284872731219e-07,-4.1806628267035834e-07,-5.601627667331395e-07
0.00016780000000000001,-4.2144159474991438e-07,-5.6821705368498828e-07,-4.2354002011284804e-07,-5.6489215156911942e-07
0.00016790000000000002,-4.2684554452399451e-07,-5.7287247707002501e-07,-4.2880840796011214e-07,-5.6942524000813223e-07
0.00016799999999999999,-4.3219158117439728e-07,-5.7752040998350351e-07,-4.3386136727297387e-07,-5.7375160519592053e-07
0.00016809999999999999,-4.3745823440183598e-07,-5.8216123978872427e-07,-4.3869134708093398e-07,-5.7786336450835486e-07
0.0001682,-4.4262403450967195e-07,-5.8679366562249768e-07,-4.4329341768625223e-07,-5.8175527520482723e-07
0.0001683,-4.4767038588122391e-07,-5.914140670908543e-07,-4.4766529358970472e-07,-5.8542475848948124e-07
0.0001684,-4.5258418143005024e-07,-5.9601610612456601e-07,-4.5180728647768394e-07,-5.8887185248927826e-07
0.0001685,-4.5735974546603985e-07,-6.0059061555576274e-07,-4.5572219099178332e-07,-5.9209909698307355e-07
0.00016860000000000001,-4.6199976924657319e-07,-6.0512579450709312e-07,-4.5941510816229205e-07,-5.9511135491305972e-07
0.00016870000000000001,-4.665150349858228e-07,-6.0960769408380419e-07,-4.628932133497975e-07,-5.9791557770105634e-07
0.00016880000000000001,-4.7092289313616986e-07,-6.1402094156618691e-07,-4.6616547723601213e-07,-6.0052052310806777e-07
0.00016890000000000001,-4.7524464082970774e-07,-6.1834962172502175e-07,-4.6924234977791573e-07,-6.0293643575753471e-07
0.00016900000000000002,-4.7950211990168233e-07,-6.2257821384501101e-07,-4.7213541804303329e-07,-6.0517470144527799e-07
0.00016909999999999999,-4.837139851310571e-07,-6.2669247526261991e-07,-4.7485704944690675e-07,-6.0724748695193509e-07
0.00016919999999999999,-4.8789216610426899e-07,-6.3068016794786809e-07,-4.774200321009063e-07,-6.0916737724117152e-07
0.0001693,-4.920390462643109e-07,-6.3453154344408391e-07,-4.7983722374889981e-07,-6.1094702167054055e-07
0.0001694,-4.9614580723579136e-07,-6.3823953121029924e-07,-4.8212122014083755e-07,-6.125988001786661e-07
0.0001695,-5.0019224333642382e-07,-6.4179961252364309e-07,-4.8428405268962482e-07,-6.1413451937395672e-07
0.0001696,-5.0414815832950107e-07,-6.4520940200155716e-07,-4.8633692392907614e-07,-6.1556514708275435e-07
0.0001697,-5.0797623976190226e-07,-6.4846799644230511e-07,-4.8828998768981764e-07,-6.169005922753539e-07
0.00016980000000000001,-5.1163609575070631e-07,-6.5157518118438934e-07,-4.9015217910224201e-07,-6.1814953544411395e-07
0.00016990000000000001,-5.1508896493315803e-07,-6.5453060349455754e-07,-4.9193109759192393e-07,-6.1931931253171996e-07
0.00017000000000000001,-5.183024982604921e-07,-6.5733302791437576e-07,-4.9363294402883554e-07,-6.2041585347704296e-07
0.00017010000000000001,-5.2125497903398227e-07,-6.5997977907166169e-07,-4.9526251120413738e-07,-6.2144367443856319e-07
0.00017020000000000002,-5.2393840182123205e-07,-6.6246645414179213e-07,-4.968232249107975e-07,-6.2240592084621932e-07
0.00017029999999999999,-5.2635996633964326e-07,-6.6478695268882315e-07,-4.9831723116745364e-07,-6.2330445669212459e-07
0.00017039999999999999,-5.2854174215945354e-07,-6.6693383028527257e-07,-4.9974552361001918e-07,-6.2413999396079159e-07
0.0001705,-5.3051849786267639e-07,-6.6889893932899747e-07,-5.0110810383544513e-07,-6.2491225487222797e-07
0.0001706,-5.3233393195478371e-07,-6.7067428137994158e-07,-5.0240416655723621e-07,-6.2562015870648737e-07
0.0001707,-5.3403575883238701e-07,-6.7225296525673024e-07,-5.0363230085042902e-07,-6.262620244219765e-07
0.0001708,-5.3567026126379001e-07,-6.7363014811309e-07,-5.0479069853846694e-07,-6.2683578008426195e-07
0.00017090000000000001,-5.372769985837477e-07,-6.7480383518640625e-07,-5.0587736090502763e-07,-6.2733917028483316e-07
0.00017100000000000001,-5.3888434550189064e-07,-6.7577542834568163e-07,-5.0689029538605974e-07,-6.2776995323343032e-07
0.00017110000000000001,-5.4050643111927292e-07,-6.7654994238622448e-07,-5.0782769468285098e-07,-6.2812608002354584e-07
0.00017120000000000001,-5.421418651412456e-07,-6.7713584777512425e-07,-5.0868809179676249e-07,-6.2840584965680092e-07
0.00017130000000000002,-5.4377440290967716e-07,-6.7754454434746709e-07,-5.0947048577018941e-07,-6.2860803471651653e-07
0.00017139999999999999,-5.453754447668875e-07,-6.7778951655628007e-07,-5.1017443436890711e-07,-6.2873197404501541e-07
0.00017149999999999999,-5.4690802344187315e-07,-6.7788526145131854e-07,-5.1080011149537253e-07,-6.2877763033857514e-07
0.0001716,-5.4833173876923778e-07,-6.77846110407327e-07,-5.1134832871440512e-07,-6.2874561216194654e-07
0.0001717,-5.4960797872656647e-07,-6.7768508085876189e-07,-5.1182052183635654e-07,-6.2863716143493302e-07
0.0001718,-5.507047358349442e-07,-6.7741289286100352e-07,-5.1221870497485607e-07,-6.2845410889312601e-07
0.0001719,-5.5160039215354334e-07,-6.7703726721542083e-07,-5.125453958178318e-07,-6.2819880131642469e-07
0.00017200000000000001,-5.5228599505193615e-07,-6.7656258929174455e-07,-5.1280351697127472e-07,-6.278740054025902e-07
0.00017210000000000001,-5.5276575853370202e-07,-6.7598997951303678e-07,-5.1299627911285216e-07,-6.2748279399856605e-07
0.00017220000000000001,-5.5305577121551622e-07,-6.7531776302623798e-07,-5.1312705229686344e-07,-6.2702842096193345e-07
0.00017230000000000001,-5.5318113771192889e-07,-6.745422833183599e-07,-5.1319923206389009e-07,-6.2651419119107589e-07
0.00017240000000000002,-5.5317199105173062e-07,-6.7365896331904005e-07,-5.1321610702167642e-07,-6.2594333233276512e-07
0.00017249999999999999,-5.5305896091320649e-07,-6.7266348789097441e-07,-5.1318073428498573e-07,-6.2531887435828068e-07
0.00017259999999999999,-5.5286874616084388e-07,-6.7155296713107064e-07,-5.1309582860927505e-07,-6.2464354261503157e-07
0.0001727,-5.5262041255755726e-07,-6.7032694227266442e-07,-5.1296367025638706e-07,-6.2391966914195834e-07
0.0001728,-5.5232292270178778e-07,-6.6898811478983615e-07,-5.1278603562887542e-07,-6.2314912602478527e-07
0.0001729,-5.5197422237429375e-07,-6.6754271214044018e-07,-5.125641535511301e-07,-6.223332834108657e-07
0.000173,-5.5156198228737381e-07,-6.6600044633894869e-07,-5.1229868881278937e-07,-6.2147299355646546e-07
0.00017310000000000001,-5.5106585906560115e-07,-6.6437406896640689e-07,-5.1198975328063316e-07,-6.2056860099945648e-07
0.00017320000000000001,-5.5046092748775905e-07,-6.6267857256719656e-07,-5.1163694358646102e-07,-6.1961997769487704e-07
0.00017330000000000001,-5.497217771412165e-07,-6.6093012815782227e-07,-5.1123940316786824e-07,-6.1862658077526221e-07
0.00017340000000000001,-5.4882668229037905e-07,-6.5914487720580362e-07,-5.10795905328665e-07,-6.175875295532276e-07
0.00017350000000000002,-5.4776125461454371e-07,-6.5733771081210421e-07,-5.1030495304325319e-07,-6.165016975153222e-07
0.00017359999999999999,-5.4652107288745058e-07,-6.5552116763991437e-07,-5.0976489049423926e-07,-6.1536781439994047e-07
0.00017369999999999999,-5.4511293810313357e-07,-6.5370456598212838e-07,-5.0917402083410524e-07,-6.141845730346207e-07
0.0001738,-5.4355460366105081e-07,-6.5189345663390118e-07,-5.0853072441983299e-07,-6.1295073544548926e-07
0.0001739,-5.4187304837957538e-07,-6.5008944574163078e-07,-5.0783357179207295e-07,-6.1166523284787531e-07
0.000174,-5.4010156375822724e-07,-6.4829039524134107e-07,-5.0708142595379197e-07,-6.1032725447559437e-07
0.0001741,-5.3827608716325911e-07,-6.4649096786622251e-07,-5.0627352903370221e-07,-6.0893632078895099e-07
0.00017420000000000001,-5.364313073716334e-07,-6.4468344863925581e-07,-5.0540956917105031e-07,-6.0749233738974448e-07
0.00017430000000000001,-5.3459708596388289e-07,-6.4285874901612496e-07,-5.0448972439672587e-07,-6.0599562692883136e-07
0.00017440000000000001,-5.3279567668878326e-07,-6.4100748583309494e-07,-5.0351468136862061e-07,-6.0444693737368393e-07
0.00017450000000000001,-5.3104009581662949e-07,-6.3912102582648952e-07,-5.0248562799827271e-07,-6.0284742616065797e-07
0.00017460000000000002,-5.2933381998645449e-07,-6.3719239704318022e-07,-5.0140422022915919e-07,-6.0119862093675812e-07
0.00017469999999999999,-5.2767179097942578e-07,-6.3521698889175044e-07,-5.0027252444069225e-07,-5.9950235874588146e-07
0.00017479999999999999,-5.2604251852514814e-07,-6.3319298979589514e-07,-4.9909293810253325e-07,-5.9776070658245955e-07
0.0001749,-5.2443092009910565e-07,-6.3112154173790269e-07,-4.9786809234152295e-07,-5.9597586717413823e-07
0.000175,-5.2282144224442868e-07,-6.2900662068720123e-07,-4.9660074096240537e-07,-5.9415007462179059e-07
0.0001751,-5.212009838371944e-07,-6.2685467767607968e-07,-4.9529364114569195e-07,-5.9228548508569136e-07
0.0001752,-5.1956118983302292e-07,-6.2467409459320764e-07,-4.9394943150106943e-07,-5.9038406803550763e-07
0.00017530000000000001,-5.178997955344501e-07,-6.2247452015211089e-07,-4.9257051336278181e-07,-5.8844750366318243e-07
0.00017540000000000001,-5.1622085817539203e-07,-6.2026615463851266e-07,-4.9115894116425598e-07,-5.8647709188763635e-07
0.00017550000000000001,-5.1453389007166303e-07,-6.1805904770166203e-07,-4.8971632742440987e-07,-5.8447367796376445e-07
0.00017560000000000001,-5.1285207850703679e-07,-6.1586246324086451e-07,-4.88243767329213e-07,-5.8243759906302512e-07
0.00017570000000000002,-5.1118991612388008e-07,-6.1368435149884738e-07,-4.8674178712110665e-07,-5.8036865534485442e-07
0.00017579999999999999,-5.0956065135394621e-07,-6.1153095313138851e-07,-4.8521031954811002e-07,-5.7826610802269436e-07
0.00017589999999999999,-5.0797398912348621e-07,-6.0940654541794762e-07,-4.8364870851231167e-07,-5.7612870578797138e-07
0.000176,-5.0643442546521482e-07,-6.0731332857284643e-07,-4.8205574384031204e-07,-5.7395473973752616e-07
0.0001761,-5.0494049374779262e-07,-6.0525144130119918e-07,-4.8042972582642244e-07,-5.717421257061866e-07
0.0001762,-5.0348505186245584e-07,-6.0321908956790214e-07,-4.78768557924882e-07,-5.6948851168846208e-07
0.0001763,-5.0205657201192468e-07,-6.0121277057834521e-07,-4.7706986474334606e-07,-5.6719140689331674e-07
0.00017640000000000001,-5.0064123356461892e-07,-5.9922757425749747e-07,-4.7533113136690824e-07,-5.6484832796197272e-07
0.00017650000000000001,-4.9922548940101097e-07,-5.9725754583904842e-07,-4.7354985906637596e-07,-5.6245695703369756e-07
0.00017660000000000001,-4.9779869702705144e-07,-5.9529609432048959e-07,-4.7172373165728859e-07,-5.6001530570512991e-07
0.00017670000000000001,-4.9635538938205747e-07,-5.933364315467439e-07,-4.6985078621025061e-07,-5.5752187852242527e-07
0.00017680000000000001,-4.948968091022106e-07,-5.9137202505709692e-07,-4.6792958149246395e-07,-5.5497582949133699e-07
0.00017689999999999999,-4.9343143656865717e-07,-5.8939704463577075e-07,-4.6595935745922883e-07,-5.5237710519570268e-07
0.00017699999999999999,-4.919743902905563e-07,-5.8740677837450704e-07,-4.6394017931641088e-07,-5.497265684780667e-07
0.0001771,-4.9054574580398031e-07,-5.8539799006336987e-07,-4.6187306013346013e-07,-5.4702609724368833e-07
0.0001772,-4.8916798126701455e-07,-5.8336918719777629e-07,-4.5976005668476449e-07,-5.4427865377889591e-07
0.0001773,-4.8786289021738092e-07,-5.813207691393022e-07,-4.5760433410799714e-07,-5.4148832099439678e-07
0.0001774,-4.8664838498401564e-07,-5.7925502902925073e-07,-4.5541019605704825e-07,-5.3866030317470046e-07
0.0001775,-4.8553563586410123e-07,-5.7717599144583537e-07,-4.5318307825179646e-07,-5.3580089009073149e-07
0.00017760000000000001,-4.8452694839115982e-07,-5.7508908035905154e-07,-4.5092950464044042e-07,-5.3291738466454369e-07
0.00017770000000000001,-4.8361468033473218e-07,-5.7300062777723278e-07,-4.4865700674142264e-07,-5.3001799571090825e-07
0.00017780000000000001,-4.8278135645180397e-07,-5.7091725102552175e-07,-4.4637400806943095e-07,-5.2711169856871431e-07
0.00017790000000000001,-4.8200097358234154e-07,-5.6884514377669684e-07,-4.4408967682211381e-07,-5.2420806762596416e-07
0.00017800000000000002,-4.8124132555666076e-07,-5.6678934046044785e-07,-4.4181375116270318e-07,-5.2131708578919926e-07
0.00017809999999999999,-4.8046704006870747e-07,-5.6475302328503329e-07,-4.3955634243452247e-07,-5.1844893681205498e-07
0.00017819999999999999,-4.7964292761926187e-07,-5.6273694400845762e-07,-4.3732772244930106e-07,-5.156137870451274e-07
0.0001783,-4.7873720843551898e-07,-5.6073902769677618e-07,-4.3513810157217834e-07,-5.1282156357612001e-07
0.0001784,-4.777242108981112e-07,-5.5875421282439427e-07,-4.3299740466163155e-07,-5.100817358811145e-07
0.0001785,-4.7658621934722814e-07,-5.567745620345914e-07,-4.3091505200104084e-07,-5.0740310799930803e-07
0.0001786,-4.7531427690591469e-07,-5.5478965248466782e-07,-4.2889975217888979e-07,-5.0479362788064426e-07
0.00017870000000000001,-4.7390790076538277e-07,-5.5278722653708015e-07,-4.2695931344536807e-07,-5.0226021995317597e-07
0.00017880000000000001,-4.7237382070008536e-07,-5.5075405571492775e-07,-4.251004794125626e-07,-4.998086461390847e-07
0.00017890000000000001,-4.7072398412899716e-07,-5.4867694653922419e-07,-4.233287941004087e-07,-4.9744339954732885e-07
0.00017900000000000001,-4.689731640376334e-07,-5.4654379906192196e-07,-4.2164850029509043e-07,-4.9516763392584264e-07
0.00017910000000000002,-4.671365469624422e-07,-5.44344619913006e-07,-4.2006247402174423e-07,-4.929831307113949e-07
0.00017919999999999999,-4.6522766240271195e-07,-5.4207239285032915e-07,-4.1857219668319459e-07,-4.9089030421773195e-07
0.00017929999999999999,-4.6325694632110793e-07,-5.397237213486473e-07,-4.1717776512925471e-07,-4.8888824420168152e-07
0.0001794,-4.6123112140122024e-07,-5.3729917869900251e-07,-4.1587793864467183e-07,-4.8697479379077566e-07
0.0001795,-4.5915344287250172e-07,-5.3480332931184244e-07,-4.1467022062536262e-07,-4.8514665959063912e-07
0.0001796,-4.5702472154835656e-07,-5.3224441744980609e-07,-4.1355097159623154e-07,-4.8339954975784234e-07
0.0001797,-4.5484491582543118e-07,-5.296337529447199e-07,-4.1251554924921281e-07,-4.8172833496027104e-07
0.00017980000000000001,-4.5261499929195341e-07,-5.2698485393519108e-07,-4.1155847038036991e-07,-4.8012722648166057e-07
0.00017990000000000001,-4.5033877223810296e-07,-5.2431243095034184e-07,-4.1067358900628626e-07,-4.7858996528060971e-07
0.00018000000000000001,-4.4802429846384523e-07,-5.2163131210273979e-07,-4.098542845602132e-07,-4.7711001559977881e-07
0.00018010000000000001,-4.4568471027740069e-07,-5.18955414074516e-07,-4.090936539167871e-07,-4.7568075674128763e-07
0.00018020000000000002,-4.4333822426806376e-07,-5.1629685750148942e-07,-4.0838470107074886e-07,-4.7429566687392869e-07
0.00018029999999999999,-4.4100733266155164e-07,-5.1366530902522824e-07,-4.0772051859132903e-07,-4.7294849320209952e-07
0.00018039999999999999,-4.3871726116809604e-07,-5.1106760756647116e-07,-4.0709445547307345e-07,-4.7163340348348466e-07
0.0001805,-4.3649389540621128e-07,-5.0850770205070908e-07,-4.0650026668153929e-07,-4.7034511470284431e-07
0.0001806,-4.3436145807015802e-07,-5.0598689523577025e-07,-4.0593224051783752e-07,-4.6907899565842144e-07
0.0001807,-4.3234025682907399e-07,-5.0350435698365592e-07,-4.0538530086398933e-07,-4.6783114125620193e-07
0.0001808,-4.3044481383110012e-07,-5.0105784359970952e-07,-4.0485508238239931e-07,-4.6659841739435846e-07
0.00018090000000000001,-4.2868263398900824e-07,-4.98644540464404e-07,-4.0433797778658026e-07,-4.6537847641324602e-07
0.00018100000000000001,-4.2705377976947496e-07,-4.9626193496880389e-07,-4.0383115733555782e-07,-4.6416974414391845e-07
0.00018110000000000001,-4.2555130879274685e-07,-4.9390862654457442e-07,-4.033325616916478e-07,-4.6297138057117644e-07
0.00018120000000000001,-4.24162513743587e-07,-4.9158499005611472e-07,-4.0284087018397577e-07,-4.6178321700062582e-07
0.00018130000000000002,-4.2287079870038233e-07,-4.8929362666210965e-07,-4.0235544730597176e-07,-4.6060567335317909e-07
0.00018139999999999999,-4.2165794654911642e-07,-4.8703956027056804e-07,-4.0187627091776874e-07,-4.5943965978112761e-07
0.00018149999999999999,-4.2050648887847657e-07,-4.8483016513989114e-07,-4.0140384610380114e-07,-4.5828646719080948e-07
0.0001816,-4.1940188720146745e-07,-4.8267483799983001e-07,-4.0093910893904294e-07,-4.571476514588371e-07
0.0001817,-4.1833427096581915e-07,-4.8058445334790103e-07,-4.0048332453908807e-07,-4.5602491614019229e-07
0.0001818,-4.1729954645053773e-07,-4.7857066078774492e-07,-4.0003798371143024e-07,-4.5491999829358505e-07
0.0001819,-4.1629977988208998e-07,-4.7664509654207988e-07,-3.9960470229773448e-07,-4.5383456170498998e-07
0.00018200000000000001,-4.1534285417803218e-07,-4.7481858654877271e-07,-3.9918512691516761e-07,-4.527701012942117e-07
0.00018210000000000001,-4.1444148772173675e-07,-4.7310041568905023e-07,-3.9878085029111907e-07,-4.5172786186582157e-07
0.00018220000000000001,-4.136117735302812e-07,-4.714977274273914e-07,-3.9839333876660065e-07,-4.5070877364486634e-07
0.00018230000000000001,-4.1287143980122736e-07,-4.7001510193591469e-07,-3.9802387384910546e-07,-4.4971340625047435e-07
0.00018240000000000002,-4.1223804452313283e-07,-4.6865434065450291e-07,-3.9767350895849704e-07,-4.4874194194125608e-07
0.00018249999999999999,-4.1172729897717886e-07,-4.6741446352695504e-07,-3.9734304176245782e-07,-4.4779416814870266e-07
0.00018259999999999999,-4.1135167331831336e-07,-4.6629190421570234e-07,-3.9703300177375473e-07,-4.4686948853129271e-07
0.0001827,-4.1111938095774975e-07,-4.6528087057725478e-07,-3.9674365221060109e-07,-4.4596695106294087e-07
0.0001828,-4.1103377763073762e-07,-4.6437382428520978e-07,-3.9647500453096699e-07,-4.4508529104130237e-07
0.0001829,-4.1109315595167118e-07,-4.6356202582908177e-07,-3.9622684356487016e-07,-4.4422298638625827e-07
0.000183,-4.1129087505594332e-07,-4.6283608962436163e-07,-3.9599876080305553e-07,-4.4337832221317553e-07
0.00018310000000000001,-4.1161574247707017e-07,-4.6218649837947355e-07,-3.9579019316847182e-07,-4.425494614201788e-07
0.00018320000000000001,-4.1205256270779409e-07,-4.6160403529046452e-07,-3.9560046450374406e-07,-4.4173451792825393e-07
0.00018330000000000001,-4.1258278115528849e-07,-4.6108010569077025e-07,-3.9542882705360132e-07,-4.4093162925608723e-07
0.00018340000000000001,-4.1318517759708267e-07,-4.6060693476969205e-07,-3.9527450039868119e-07,-4.4013902529086612e-07
0.00018350000000000002,-4.1383659218324656e-07,-4.6017764307340595e-07,-3.9513670559442489e-07,-4.3935509041925263e-07
0.00018359999999999999,-4.1451269170221286e-07,-4.5978621499333348e-07,-3.9501469266814193e-07,-4.3857841659187023e-07
0.00018369999999999999,-4.1518879775400743e-07,-4.5942738588662525e-07,-3.9490776010729526e-07,-4.3780784538906462e-07
0.0001838,-4.1584079777753742e-07,-4.5909647985168307e-07,-3.9481526550774899e-07,-4.3704249771124801e-07
0.0001839,-4.1644614404485091e-07,-4.5878923201556133e-07,-3.9473662711533925e-07,-4.3628179030841991e-07
0.000184,-4.1698491774113659e-07,-4.5850162656003003e-07,-3.9467131655988744e-07,-4.35525438964082e-07
0.0001841,-4.1744090102149796e-07,-4.5822977523229288e-07,-3.9461884362042549e-07,-4.3477344873321441e-07
0.00018420000000000001,-4.1780256724371382e-07,-4.5796985181119494e-07,-3.9457873434829856e-07,-4.3402609217796399e-07
0.00018430000000000001,-4.1806387655026559e-07,-4.5771808729078651e-07,-3.9455050428775236e-07,-4.3328387702693703e-07
0.00018440000000000001,-4.1822475750945601e-07,-4.5747081989318008e-07,-3.9453362885235306e-07,-4.3254750508601349e-07
0.00018450000000000001,-4.1829116986792028e-07,-4.572245848716838e-07,-3.9452751312518369e-07,-4.3181782453651539e-07
0.00018460000000000001,-4.1827467921988592e-07,-4.5697622262307221e-07,-3.9453146344135063e-07,-4.3109577796055317e-07
0.00018470000000000002,-4.1819152816538996e-07,-4.5672298072567e-07,-3.9454466307849556e-07,-4.3038234852853867e-07
0.00018479999999999999,-4.1806125325710316e-07,-4.5646258650762135e-07,-3.9456615422596646e-07,-4.2967850677021436e-07
0.00018489999999999999,-4.179049630301233e-07,-4.5619327145246501e-07,-3.9459482813278722e-07,-4.28985160232526e-07
0.000185,-4.1774344887213794e-07,-4.5591373648857984e-07,-3.9462942496025416e-07,-4.2830310811408458e-07
0.0001851,-4.1759533732396983e-07,-4.5562305688804937e-07,-3.9466854440368255e-07,-4.2763300266970883e-07
0.0001852,-4.1747550198095933e-07,-4.5532053574203613e-07,-3.9471066761951927e-07,-4.2697531881498687e-07
0.0001853,-4.1739393179213407e-07,-4.5500552430438967e-07,-3.9475419042262578e-07,-4.2633033294842503e-07
0.00018540000000000001,-4.1735520129604398e-07,-4.546772345154229e-07,-3.94797467128867e-07,-4.2569811156697303e-07
0.00018550000000000001,-4.173586131227765e-07,-4.5433457262542423e-07,-3.9483886383716635e-07,-4.2507850979967797e-07
0.00018560000000000001,-4.1739899401734122e-07,-4.5397602236000532e-07,-3.9487681939856315e-07,-4.2447117954405485e-07
0.00018570000000000001,-4.1746803551251678e-07,-4.5359960137383589e-07,-3.9490991183280849e-07,-4.238755864790554e-07
0.00018580000000000002,-4.175559928025029e-07,-4.5320290626863053e-07,-3.9493692754795592e-07,-4.2329103486419449e-07
0.00018589999999999999,-4.1765350259299171e-07,-4.5278325018569227e-07,-3.9495693041491577e-07,-4.2271669873084719e-07
0.00018599999999999999,-4.1775326161769133e-07,-4.5233788432936827e-07,-3.9496932756203663e-07,-4.2215165783999472e-07
0.0001861,-4.1785132610044185e-07,-4.5186428239601267e-07,-3.9497392869537435e-07,-4.2159493662855633e-07
0.0001862,-4.1794784697467856e-07,-4.513604564756235e-07,-3.9497099582396645e-07,-4.2104554429783024e-07
0.0001863,-4.1804713877711441e-07,-4.5082526607734983e-07,-3.9496128047617839e-07,-4.2050251421270289e-07
0.0001864,-4.1815707977831975e-07,-4.5025867962675063e-07,-3.9494604582843764e-07,-4.1996494087554935e-07
0.00018650000000000001,-4.1828794215961353e-07,-4.4966195065082089e-07,-3.9492707162078448e-07,-4.1943201290758472e-07
0.00018660000000000001,-4.1845083831464755e-07,-4.4903767880474318e-07,-3.9490664029005666e-07,-4.1890304070259174e-07
0.00018670000000000001,-4.1865602886504861e-07,-4.4838973812641851e-07,-3.9488750339211967e-07,-4.1837747770136077e-07
0.00018680000000000001,-4.1891135997194965e-07,-4.4772307005722915e-07,-3.9487282808676617e-07,-4.1785493455567156e-07
0.00018690000000000002,-4.1922107790318907e-07,-4.4704335502684656e-07,-3.9486612419798411e-07,-4.1733518579270506e-07
0.00018699999999999999,-4.1958520993839466e-07,-4.4635659173650892e-07,-3.9487115311146651e-07,-4.1681816893871529e-07
0.00018709999999999999,-4.1999961116273104e-07,-4.4566862570298534e-07,-3.9489182050349872e-07,-4.1630397639904877e-07
0.0001872,-4.2045667015087979e-07,-4.4498467646499179e-07,-3.9493205558384847e-07,-4.157928407054961e-07
0.0001873,-4.2094655960881989e-07,-4.4430891496303979e-07,-3.9499568015473955e-07,-4.1528511401826613e-07
0.0001874,-4.2145882778721145e-07,-4.4364413854394211e-07,-3.9508627131536127e-07,-4.1478124299788969e-07
0.0001875,-4.2198406770562043e-07,-4.4299158115425475e-07,-3.9520702205679218e-07,-4.1428174033304328e-07
0.00018760000000000001,-4.2251538405770395e-07,-4.423508816699767e-07,-3.953606042796378e-07,-4.1378715431831128e-07
0.00018770000000000001,-4.2304940583140983e-07,-4.4172021568863922e-07,-3.9554903891439316e-07,-4.1329803791816413e-07
0.00018780000000000001,-4.235866627498121e-07,-4.4109657762516878e-07,-3.9577357782571356e-07,-4.1281491873026655e-07
0.00018790000000000001,-4.2413124540017975e-07,-4.4047618288626826e-07,-3.9603460203424972e-07,-4.1233827117565232e-07
0.00018800000000000002,-4.2468978681013115e-07,-4.3985494637419433e-07,-3.963315404965336e-07,-4.1186849210104529e-07
0.00018809999999999999,-4.2526991867796148e-07,-4.3922898527549473e-07,-3.9666281325223629e-07,-4.1140588078785736e-07
0.00018819999999999999,-4.2587844975725909e-07,-4.3859509204352358e-07,-3.9702580219111871e-07,-4.1095062413305993e-07
0.0001883,-4.265195711511396e-07,-4.3795112790002247e-07,-3.9741685202526015e-07,-4.1050278751057481e-07
0.0001884,-4.2719340303715612e-07,-4.3729629743814033e-07,-3.9783130329512748e-07,-4.1006231155052941e-07
0.0001885,-4.2789515641254371e-07,-4.3663127962913663e-07,-3.9826355841281216e-07,-4.0962901479999416e-07
0.0001886,-4.2861509657601081e-07,-4.3595820777035582e-07,-3.9870718087637733e-07,-4.0920260196517816e-07
0.00018870000000000001,-4.2933937444712552e-07,-4.3528050841104546e-07,-3.9915502690042153e-07,-4.0878267719282595e-07
0.00018880000000000001,-4.3005165540863171e-07,-4.3460262480650097e-07,-3.995994078253565e-07,-4.0836876163793328e-07
0.00018890000000000001,-4.3073534416805346e-07,-4.3392966204193587e-07,-4.0003228081560514e-07,-4.0796031439457493e-07
0.00018900000000000001,-4.3137609907277265e-07,-4.3326699727215897e-07,-4.0044546455867066e-07,-4.0755675574268803e-07
0.00018910000000000002,-4.3196426786713095e-07,-4.3261989893567602e-07,-4.0083087595375864e-07,-4.0715749159051633e-07
0.00018919999999999999,-4.3249687028945389e-07,-4.319931935481366e-07,-4.0118078314913929e-07,-4.0676193797179016e-07
0.00018929999999999999,-4.3297880421493239e-07,-4.313910087731991e-07,-4.0148806976734733e-07,-4.0636954448799913e-07
0.0001894,-4.3342305538671098e-07,-4.3081660855102719e-07,-4.0174650475847838e-07,-4.0597981566625378e-07
0.0001895,-4.3384983200649813e-07,-4.3027232215805895e-07,-4.0195101205331658e-07,-4.0559232932746839e-07
0.0001896,-4.3428470412684553e-07,-4.2975955627509903e-07,-4.0209793405403197e-07,-4.0520675122077356e-07
0.0001897,-4.3475598011745238e-07,-4.2927886931537129e-07,-4.0218528300228018e-07,-4.0482284537016403e-07
0.00018980000000000001,-4.3529167493209317e-07,-4.2883008175601855e-07,-4.0221297440029092e-07,-4.0444047978874038e-07
0.00018990000000000001,-4.3591649782847017e-07,-4.2841239565716915e-07,-4.0218303692405044e-07,-4.0405962743488424e-07
0.00019000000000000001,-4.3664929795208798e-07,-4.280245007683193e-07,-4.0209979365086078e-07,-4.0368036250288231e-07
0.00019010000000000001,-4.3750135129436435e-07,-4.2766465266596165e-07,-4.0197000991501298e-07,-4.0330285234830751e-07
0.00019020000000000002,-4.3847575840588713e-07,-4.2733071867252294e-07,-4.0180300369230946e-07,-4.0292734553678407e-07
0.00019029999999999999,-4.3956806451646355e-07,-4.2702019793839392e-07,-4.0161071508187527e-07,-4.0255415666560559e-07
0.00019039999999999999,-4.4076803505450595e-07,-4.2673023103136272e-07,-4.0140773218667211e-07,-4.0218364873466123e-07
0.0001905,-4.4206234639472584e-07,-4.2645761994316172e-07,-4.0121127147618221e-07,-4.0181621393155382e-07
0.0001906,-4.4343781023727659e-07,-4.2619888041900195e-07,-4.0104111152927029e-07,-4.0145225374248039e-07
0.0001907,-4.4488466239112257e-07,-4.2595034453387216e-07,-4.0091947988669445e-07,-4.0109215930488718e-07
0.0001908,-4.4639942732024946e-07,-4.2570832292412493e-07,-4.008708935751076e-07,-4.0073629288065653e-07
0.00019090000000000001,-4.4798692303359389e-07,-4.2546932429147208e-07,-4.0092195468367673e-07,-4.0038497125278737e-07
0.00019100000000000001,-4.4966109028819274e-07,-4.2523031662490013e-07,-4.0110110316674711e-07,-4.0003845173843217e-07
0.00019110000000000001,-4.5144449902033238e-07,-4.2498900228827906e-07,-4.0143832979947761e-07,-3.996969213728925e-07
0.00019120000000000001,-4.5336657898227215e-07,-4.2474406996104027e-07,-4.0196485291683752e-07,-3.9936048965951586e-07
0.00019130000000000001,-4.5546081202251457e-07,-4.2449538230420119e-07,-4.0271276321072211e-07,-3.9902918510744714e-07
0.00019140000000000002,-4.5776128157554981e-07,-4.2424406038117176e-07,-4.0371464143648053e-07,-3.9870295560073092e-07
0.00019149999999999999,-4.6029907633798891e-07,-4.2399243460383e-07,-4.050031543824306e-07,-3.9838167246681476e-07
0.0001916,-4.6309907354200848e-07,-4.2374384659183895e-07,-4.0661063487791168e-07,-3.9806513794780674e-07
0.0001917,-4.6617757717439631e-07,-4.2350230514842214e-07,-4.0856865195233072e-07,-3.977530956309329e-07
0.0001918,-4.6954116418395438e-07,-4.2327202011742622e-07,-4.1090757750618992e-07,-3.9744524327195693e-07
0.0001919,-4.7318691446263531e-07,-4.2305685729567761e-07,-4.1365615601164664e-07,-3.9714124735150543e-07
0.000192,-4.7710399407968911e-07,-4.2285977289380387e-07,-4.16841083823596e-07,-3.9684075864292553e-07
0.00019210000000000001,-4.812763566326228e-07,-4.2268229472573373e-07,-4.2048660465025046e-07,-3.9654342804339262e-07
0.00019220000000000001,-4.8568615565321321e-07,-4.2252411761202165e-07,-4.2461412760507341e-07,-3.9624892192774076e-07
0.00019230000000000001,-4.903173483350797e-07,-4.2238287174571498e-07,-4.2924187403911844e-07,-3.9595693632573278e-07
0.00019240000000000001,-4.9515893545712266e-07,-4.222541055763709e-07,-4.343845590356464e-07,-3.9566720929551326e-07
0.00019250000000000002,-5.0020733087467757e-07,-4.2213150092593409e-07,-4.4005311303921132e-07,-3.9537953096462084e-07
0.00019259999999999999,-5.0546748033811697e-07,-4.2200731039274296e-07,-4.4625444859179572e-07,-3.9509375083028448e-07
0.00019269999999999999,-5.1095253576635649e-07,-4.2187297913244039e-07,-4.5299127656323377e-07,-3.9480978204645423e-07
0.0001928,-5.1668211014476351e-07,-4.2171988854195599e-07,-4.6026197559704932e-07,-3.9452760257005339e-07
0.0001929,-5.2267935721483568e-07,-4.2154014162951138e-07,-4.6806051775279793e-07,-3.9424725318603937e-07
0.000193,-5.2896730581283168e-07,-4.2132730155832905e-07,-4.7637645251959466e-07,-3.9396883257361942e-07
0.0001931,-5.3556500231670244e-07,-4.2107699745572847e-07,-4.8519495051279303e-07,-3.9369248970803892e-07
0.00019320000000000001,-5.4248405631208142e-07,-4.2078732511792582e-07,-4.9449690725740801e-07,-3.9341841400779715e-07
0.00019330000000000001,-5.4972613649583059e-07,-4.2045899328534109e-07,-5.0425910652092789e-07,-3.9314682373141047e-07
0.00019340000000000001,-5.5728183165503217e-07,-4.2009519597480876e-07,-5.1445444169839944e-07,-3.9287795319711351e-07
0.00019350000000000001,-5.6513109375958921e-07,-4.1970122422476149e-07,-5.2505219278990488e-07,-3.9261203944041351e-07
0.00019360000000000002,-5.7324524548956258e-07,-4.1928386233977632e-07,-5.3601835556119926e-07,-3.9234930893740016e-07
0.00019369999999999999,-5.8159029765014493e-07,-4.1885064018537143e-07,-5.473160185599015e-07,-3.9208996500577623e-07
0.00019379999999999999,-5.9013111858939219e-07,-4.1840903078746072e-07,-5.5890578279014194e-07,-3.9183417645247228e-07
0.0001939,-5.9883585915697018e-07,-4.1796568905237243e-07,-5.7074621804610638e-07,-3.915820679687915e-07
0.000194,-6.0767998492862958e-07,-4.1752582191277185e-07,-5.8279434918748555e-07,-3.9133371268493394e-07
0.0001941,-6.1664931168712519e-07,-4.1709276328481361e-07,-5.9500616502399299e-07,-3.9108912719013666e-07
0.0001942,-6.2574157552780607e-07,-4.1666780107192305e-07,-6.0733714197829514e-07,-3.9084826920731222e-07
0.00019430000000000001,-6.3496627672263432e-07,-4.1625027148221e-07,-6.1974277433026632e-07,-3.9061103798785401e-07
0.00019440000000000001,-6.4434278675738055e-07,-4.1583790232634619e-07,-6.3217910262272693e-07,-3.903772773685488e-07
0.00019450000000000001,-6.5389696405119721e-07,-4.154273561268066e-07,-6.4460323173886325e-07,-3.901467813140074e-07
0.00019460000000000001,-6.6365674765086754e-07,-4.1501489980603739e-07,-6.5697383024999008e-07,-3.8991930165985152e-07
0.00019470000000000002,-6.7364735581038568e-07,-4.145971135062127e-07,-6.6925160288286612e-07,-3.8969455767848054e-07
0.00019479999999999999,-6.8388678336854281e-07,-4.1417154845384985e-07,-6.813997283666179e-07,-3.8947224701480439e-07
0.00019489999999999999,-6.9438225696075949e-07,-4.1373725286781658e-07,-6.9338425548679688e-07,-3.8925205748625908e-07
0.000195,-7.0512817413372306e-07,-4.1329510428083574e-07,-7.0517445088920503e-07,-3.8903367921210276e-07
0.0001951,-7.1610583983750766e-07,-4.1284791348801125e-07,-7.1674309302741189e-07,-3.8881681653177295e-07
0.0001952,-7.2728505211877847e-07,-4.124002958630203e-07,-7.2806670761949385e-07,-3.8860119919105885e-07
0.0001953,-7.3862731638683317e-07,-4.1195833576807512e-07,-7.3912574105301456e-07,-3.883865923162618e-07
0.00019540000000000001,-7.5009022469685467e-07,-4.1152909515917505e-07,-7.4990466933082863e-07,-3.881728047584456e-07
0.00019550000000000001,-7.6163235949383959e-07,-4.1112003490980482e-07,-7.6039204136045952e-07,-3.8795969546879371e-07
0.00019560000000000001,-7.7321799719246804e-07,-4.107384246853552e-07,-7.7058045663041372e-07,-3.8774717765845831e-07
0.00019570000000000001,-7.8482090931577084e-07,-4.1039081371140158e-07,-7.8046647856160533e-07,-3.8753522059754211e-07
0.00019580000000000002,-7.9642668548759836e-07,-4.1008262135408805e-07,-7.9005048604342561e-07,-3.8732384901343467e-07
0.00019589999999999999,-8.0803321567264202e-07,-4.0981788533381272e-07,-7.993364668348911e-07,-3.8711314015406601e-07
0.00019599999999999999,-8.196492379617743e-07,-4.0959917994174553e-07,-8.0833175760611121e-07,-3.8690321868184038e-07
0.0001961,-8.3129114361501891e-07,-4.0942769069805395e-07,-8.1704673638855095e-07,-3.866942496551787e-07
0.0001962,-8.4297849090054745e-07,-4.0930340934282242e-07,-8.2549447407327729e-07,-3.8648642993266436e-07
0.0001963,-8.5472887484028958e-07,-4.092253971687774e-07,-8.3369035232373007e-07,-3.8627997839687751e-07
0.0001964,-8.6655290183754769e-07,-4.0919205771862521e-07,-8.4165165583871306e-07,-3.8607512543863058e-07
0.00019650000000000001,-8.7845001052991892e-07,-4.0920136263801926e-07,-8.4939714729920793e-07,-3.8587210216609792e-07
0.00019660000000000001,-8.9040576340653031e-07,-4.0925098637305683e-07,-8.5694663355118337e-07,-3.8567112980666738e-07
0.00019670000000000001,-9.0239102425827176e-07,-4.0933832442643301e-07,-8.6432053161213522e-07,-3.854724097525095e-07
0.00019680000000000001,-9.1436316473784371e-07,-4.0946039296838429e-07,-8.7153944294173025e-07,-3.8527611466503591e-07
0.00019690000000000002,-9.2626914895519887e-07,-4.0961363106447865e-07,-8.7862374409147161e-07,-3.8508238100072026e-07
0.00019699999999999999,-9.3805007145124018e-07,-4.0979364691071988e-07,-8.8559320135392811e-07,-3.8489130325346705e-07
0.00019709999999999999,-9.4964651155348514e-07,-4.0999496304677029e-07,-8.9246661638121613e-07,-3.8470293013051818e-07
0.0001972,-9.6100394761369889e-07,-4.1021082033323205e-07,-8.9926150895178703e-07,-3.8451726279285082e-07
0.0001973,-9.7207746592922126e-07,-4.1043309563963455e-07,-9.0599384215345832e-07,-3.8433425520140403e-07
0.0001974,-9.8283510287213583e-07,-4.1065237427150209e-07,-9.1267779424128663e-07,-3.8415381652086659e-07
0.0001975,-9.9325935984668857e-07,-4.1085819712677938e-07,-9.1932558034508447e-07,-3.8397581544700971e-07
0.00019760000000000001,-1.0033466996313202e-06,-4.1103947746978995e-07,-9.2594732606871993e-07,-3.8380008624530395e-07
0.00019770000000000001,-1.0131051297607414e-06,-4.1118505674676265e-07,-9.3255099386787798e-07,-3.8362643622066298e-07
0.00019780000000000001,-1.0225502599199992e-06,-4.1128434684120886e-07,-9.391423619408091e-07,-3.834546542834023e-07
0.00019790000000000001,-1.0317004441732427e-06,-4.1132799091515518e-07,-9.4572505424336913e-07,-3.8328452023682709e-07
0.00019800000000000002,-1.040571752028291e-06,-4.1130846887652218e-07,-9.5230061916978531e-07,-3.8311581438837812e-07
0.00019810000000000002,-1.0491735350810963e-06,-4.1122057760885816e-07,-9.58868653446777e-07,-3.8294832707973861e-07
0.00019819999999999999,-1.057505264943992e-06,-4.1106172997153848e-07,-9.6542696689123652e-07,-3.8278186774149856e-07
0.0001983,-1.0655551269310983e-06,-4.1083203837492332e-07,-9.719717828988793e-07,-3.8261627310400448e-07
0.0001984,-1.0733005910799793e-06,-4.105341754431541e-07,-9.7849796887729899e-07,-3.8245141423646717e-07
0.0001985,-1.0807108867448418e-06,-4.1017303215898386e-07,-9.8499929032398974e-07,-3.8228720213929333e-07
0.0001986,-1.0877510232509482e-06,-4.0975521901913882e-07,-9.9146868188606015e-07,-3.821235916773158e-07
0.00019870000000000001,-1.0943867692450145e-06,-4.092884745811267e-07,-9.9789852852801955e-07,-3.81960583711562e-07
0.00019880000000000001,-1.1005898616138035e-06,-4.0878105571970044e-07,-1.0042809498791341e-06,-3.8179822536110731e-07
0.00019890000000000001,-1.1063426821528987e-06,-4.0824118358210048e-07,-1.0106080809294833e-06,-3.8163660840180204e-07
0.00019900000000000001,-1.1116417211560026e-06,-4.0767660876040364e-07,-1.0168723424892735e-06,-3.8147586588157096e-07
0.00019910000000000001,-1.1164993292994414e-06,-4.07094340164919e-07,-1.0230666952103541e-06,-3.8131616710048907e-07
0.00019920000000000002,-1.1209435149569349e-06,-4.0650055728127423e-07,-1.0291848714815159e-06,-3.8115771116467831e-07
0.00019929999999999999,-1.1250158347006107e-06,-4.0590069852844071e-07,-1.0352215801359596e-06,-3.8100071937455416e-07
0.0001994,-1.128767706324311e-06,-4.0529969318571304e-07,-1.0411726796354824e-06,-3.8084542674816324e-07
0.0001995,-1.1322557037799279e-06,-4.0470228441440377e-07,-1.0470353162032776e-06,-3.8069207300807546e-07
0.0001996,-1.1355365372973122e-06,-4.0411337904476099e-07,-1.0528080242482188e-06,-3.8054089337489631e-07
0.0001997,-1.1386624580941761e-06,-4.0353835760044688e-07,-1.058490787337718e-06,-3.8039210951170336e-07
0.0001998,-1.1416777502630965e-06,-4.0298328563341683e-07,-1.0640850589149278e-06,-3.8024592095219177e-07
0.00019990000000000001,-1.1446167946047334e-06,-4.0245498354787613e-07,-1.0695937428982273e-06,-3.8010249732147132e-07
0.00020000000000000001,-1.1475039376971484e-06,-4.0196093418053854e-07,-1.0750211352276481e-06,-3.7996197162405271e-07
0.00020010000000000001,-1.1503551129487362e-06,-4.0150903211000595e-07,-1.0803728283149704e-06,-3.7982443482986101e-07
0.00020020000000000001,-1.1531808827973569e-06,-4.0110720229057903e-07,-1.0856555811935857e-06,-3.7968993193825532e-07
0.00020030000000000002,-1.1559903453560415e-06,-4.0076293466514109e-07,-1.0908771589340056e-06,-3.7955845964398466e-07
0.00020039999999999999,-1.1587952096658015e-06,-4.0048279316567601e-07,-1.0960461455763591e-06,-3.7942996567011146e-07
0.00020049999999999999,-1.1616133131759276e-06,-4.0027196035736943e-07,-1.1011717354182318e-06,-3.7930434977328667e-07
0.0002006,-1.1644709384986505e-06,-4.0013387269237419e-07,-1.1062635079741116e-06,-3.7918146636855119e-07
0.0002007,-1.1674034718355906e-06,-4.0006998707283341e-07,-1.1113311922812674e-06,-3.7906112866614194e-07
0.0002008,-1.1704542050325494e-06,-4.000796995422132e-07,-1.1163844264600946e-06,-3.7894311416319418e-07
0.0002009,-1.1736713777190076e-06,-4.0016041462277512e-07,-1.121432518539319e-06,-3.7882717129051332e-07
0.00020100000000000001,-1.1771038405013032e-06,-4.0030774262326588e-07,-1.1264842145264238e-06,-3.7871302697962706e-07
0.00020110000000000001,-1.1807959508974048e-06,-4.0051578547162456e-07,-1.13154747954101e-06,-3.7860039488938244e-07
0.00020120000000000001,-1.1847824545921092e-06,-4.0077746187561069e-07,-1.1366292975373343e-06,-3.784889840145261e-07
0.00020130000000000001,-1.1890841329066814e-06,-4.0108482134659557e-07,-1.1417354947259678e-06,-3.7837850739153475e-07
0.00020140000000000002,-1.1937049071971592e-06,-4.0142930394932083e-07,-1.1468705912727077e-06,-3.7826869061905734e-07
0.00020149999999999999,-1.1986308941543346e-06,-4.0180191729643488e-07,-1.1520376852145822e-06,-3.7815927992147812e-07
0.00020159999999999999,-1.203831630803271e-06,-4.0219332183665024e-07,-1.157238371800593e-06,-3.7805004950334752e-07
0.0002017,-1.2092633746062066e-06,-4.0259383662208111e-07,-1.1624727006536616e-06,-3.7794080796906151e-07
0.0002018,-1.2148740788150327e-06,-4.0299339690693847e-07,-1.1677391722753993e-06,-3.7783140361506519e-07
0.0002019,-1.2206093916895753e-06,-4.0338150879709386e-07,-1.1730347744949656e-06,-3.777217284396229e-07
0.000202,-1.2264188683951752e-06,-4.0374725218285169e-07,-1.178355058516735e-06,-3.776117207568323e-07
0.00020210000000000001,-1.232261540997548e-06,-4.0407937997999899e-07,-1.1836942532678079e-06,-3.7750136634541921e-07
0.00020220000000000001,-1.2381100725810754e-06,-4.0436654934149069e-07,-1.1890454158070791e-06,-3.7739069810787913e-07
0.00020230000000000001,-1.2439529154115001e-06,-4.0459770050583355e-07,-1.1944006146524759e-06,-3.7727979426032329e-07
0.00020240000000000001,-1.2497941727129223e-06,-4.0476257410362156e-07,-1.1997511420333718e-06,-3.7716877511665749e-07
0.00020250000000000002,-1.255651188693218e-06,-4.0485233171074817e-07,-1.2050877503002498e-06,-3.7705779857162735e-07
0.00020259999999999999,-1.2615502147158713e-06,-4.0486022122177106e-07,-1.2104009070425199e-06,-3.7694705442451412e-07
0.00020269999999999999,-1.2675207738554438e-06,-4.0478221198035416e-07,-1.2156810628955605e-06,-3.7683675771824013e-07
0.0002028,-1.2735895314252679e-06,-4.0461751749223427e-07,-1.2209189255739006e-06,-3.7672714129642772e-07
0.0002029,-1.2797745483590727e-06,-4.0436892763138009e-07,-1.2261057333632119e-06,-3.7661844780318287e-07
0.000203,-1.2860807374945939e-06,-4.0404288764447873e-07,-1.2312335211485756e-06,-3.765109213663339e-07
0.0002031,-1.2924971682677202e-06,-4.0364928645289734e-07,-1.236295372058161e-06,-3.7640479921447779e-07
0.00020320000000000001,-1.2989965987355246e-06,-4.0320094878295015e-07,-1.2412856479637024e-06,-3.7630030348113424e-07
0.00020330000000000001,-1.3055372942844938e-06,-4.0271286049264006e-07,-1.2462001924021764e-06,-3.7619763344559569e-07
0.00020340000000000001,-1.3120668665530687e-06,-4.0220118954561332e-07,-1.2510364999638493e-06,-3.7609695844973788e-07
0.00020350000000000001,-1.3185275814240498e-06,-4.0168219194779057e-07,-1.2557938468230696e-06,-3.7599841171333413e-07
0.00020360000000000002,-1.3248623825497853e-06,-4.0117110886489346e-07,-1.2604733778593113e-06,-3.7590208524754783e-07
0.00020369999999999999,-1.3310207855498044e-06,-4.0068116558378205e-07,-1.2650781467127095e-06,-3.7580802603786784e-07
0.00020379999999999999,-1.3369638300232773e-06,-4.002227740803682e-07,-1.2696131061231673e-06,-3.7571623363405464e-07
0.0002039,-1.342667425853766e-06,-3.9980301957578707e-07,-1.2740850469944465e-06,-3.7562665924670013e-07
0.000204,-1.3481236737107291e-06,-3.9942548011600988e-07,-1.2785024857814414e-06,-3.755392064083006e-07
0.0002041,-1.3533400402492947e-06,-3.9909039073882311e-07,-1.2828755009944346e-06,-3.7545373321231069e-07
0.0002042,-1.3583365812571613e-06,-3.9879512485340623e-07,-1.2872155208224293e-06,-3.7537005609753208e-07
0.00020430000000000001,-1.363141684536103e-06,-3.9853492990600068e-07,-1.2915350650698189e-06,-3.7528795509849179e-07
0.00020440000000000001,-1.3677870078533648e-06,-3.9830382664719217e-07,-1.2958474457495852e-06,-3.7520718043622924e-07
0.00020450000000000001,-1.3723023866885439e-06,-3.9809556473095989e-07,-1.3001664317532788e-06,-3.7512746027975984e-07
0.00020460000000000001,-1.3767114684427498e-06,-3.9790452387694912e-07,-1.3045058839974762e-06,-3.7504850946731851e-07
0.00020470000000000002,-1.3810286987046521e-06,-3.97726459630327e-07,-1.3088793683020651e-06,-3.7497003893988052e-07
0.00020479999999999999,-1.3852580624251496e-06,-3.9755901437152775e-07,-1.3132997539665701e-06,-3.7489176560864557e-07
0.00020489999999999999,-1.3893937033340015e-06,-3.974019446999343e-07,-1.3177788065558007e-06,-3.7481342235429083e-07
0.000205,-1.3934222517154985e-06,-3.9725705162593823e-07,-1.3223267837705019e-06,-3.7473476783998876e-07
0.0002051,-1.3973264284408591e-06,-3.9712783563926968e-07,-1.3269520434499538e-06,-3.7465559581349458e-07
0.0002052,-1.4010893014798815e-06,-3.9701893026895771e-07,-1.3316606727242559e-06,-3.7457574357650913e-07
0.0002053,-1.4046984784411835e-06,-3.9693539148510071e-07,-1.3364561471013376e-06,-3.7449509931276552e-07
0.00020540000000000001,-1.408149538160671e-06,-3.9688193363642378e-07,-1.3413390278398152e-06,-3.744136079898798e-07
0.00020550000000000001,-1.4114481319147337e-06,-3.9686220443511169e-07,-1.3463067053300754e-06,-3.7433127558391128e-07
0.00020560000000000001,-1.4146103999578781e-06,-3.968781821874592e-07,-1.3513531953941545e-06,-3.7424817141914805e-07
0.00020570000000000001,-1.417661618017583e-06,-3.9692975982840354e-07,-1.3564689944361858e-06,-3.7416442846831089e-07
0.00020580000000000002,-1.4206332693473082e-06,-3.9701455524864847e-07,-1.3616409982496114e-06,-3.7408024151861509e-07
0.00020590000000000002,-1.4235589875567219e-06,-3.9712795945159357e-07,-1.3668524880384244e-06,-3.7399586317561578e-07
0.00020599999999999999,-1.4264699953318738e-06,-3.9726340692285761e-07,-1.3720831858658221e-06,-3.7391159774750156e-07
0.0002061,-1.4293907467916776e-06,-3.9741282954220564e-07,-1.3773093803324863e-06,-3.73827793125483e-07
0.0002062,-1.4323354540587061e-06,-3.9756723891856897e-07,-1.3825041218415938e-06,-3.737448308485222e-07
0.0002063,-1.4353060459607643e-06,-3.9771737359504275e-07,-1.3876374853597929e-06,-3.7366311461068894e-07
0.0002064,-1.4382918890715141e-06,-3.9785434735719244e-07,-1.3926768971654882e-06,-3.7358305753408674e-07
0.0002065,-1.4412713319622952e-06,-3.9797024194953948e-07,-1.3975875207210343e-06,-3.7350506858711704e-07
0.00020660000000000001,-1.4442148538358992e-06,-3.9805860001607357e-07,-1.4023326955428556e-06,-3.7342953857446197e-07
0.00020670000000000001,-1.4470893514476839e-06,-3.9811478962511912e-07,-1.4068744218031707e-06,-3.733568261593076e-07
0.00020680000000000001,-1.4498629212090447e-06,-3.9813622776248176e-07,-1.4111738824039892e-06,-3.732872443981015e-07
0.00020690000000000001,-1.4525094137041906e-06,-3.9812246438377921e-07,-1.4151919934405726e-06,-3.732210482722565e-07
0.00020700000000000002,-1.4550120677971383e-06,-3.9807513930953831e-07,-1.4188899733363041e-06,-3.7315842368838435e-07
0.00020709999999999999,-1.457365666661058e-06,-3.9799783054673675e-07,-1.4222299204973977e-06,-3.7309947838877598e-07
0.00020719999999999999,-1.4595768780591908e-06,-3.9789581454224566e-07,-1.4251753891135169e-06,-3.7304423516693555e-07
0.0002073,-1.4616627128305403e-06,-3.977757572432133e-07,-1.4276919527229133e-06,-3.729926277198391e-07
0.0002074,-1.4636473177815618e-06,-3.976453510791919e-07,-1.4297477453677691e-06,-3.7294449939071583e-07
0.0002075,-1.4655575694930383e-06,-3.9751290879914391e-07,-1.4313139705808173e-06,-3.7289960496578851e-07
0.0002076,-1.4674181162398594e-06,-3.9738692213758493e-07,-1.4323653690576862e-06,-3.728576155876876e-07
0.00020770000000000001,-1.4692465991833608e-06,-3.9727559279819612e-07,-1.4328806366656096e-06,-3.7281812674107347e-07
0.00020780000000000001,-1.4710497587656441e-06,-3.9718634583289057e-07,-1.432842785399351e-06,-3.7278066915514422e-07
0.00020790000000000001,-1.4728210018297011e-06,-3.971253409807147e-07,-1.432239440996462e-06,-3.727447223576897e-07
0.00020800000000000001,-1.4745397892480608e-06,-3.9709700496257778e-07,-1.4310630721414772e-06,-3.7270973050972037e-07
0.00020810000000000002,-1.4761729353791007e-06,-3.9710361553177762e-07,-1.4293111474938567e-06,-3.7267512005284083e-07
0.00020819999999999999,-1.477677629900213e-06,-3.9714497433246341e-07,-1.4269862181391083e-06,-3.7264031861714939e-07
0.00020829999999999999,-1.4790057415801072e-06,-3.9721820838856315e-07,-1.4240959244557222e-06,-3.7260477456939142e-07
0.0002084,-1.4801087797541719e-06,-3.9731773776273423e-07,-1.4206529277827866e-06,-3.7256797653234303e-07
0.0002085,-1.4809427997576358e-06,-3.9743543869819249e-07,-1.4166747686347928e-06,-3.7252947217987301e-07
0.0002086,-1.4814725561099958e-06,-3.9756101740273151e-07,-1.4121836545133757e-06,-3.7248888560958833e-07
0.0002087,-1.481674328398075e-06,-3.9768259056664368e-07,-1.4072061815841818e-06,-3.7244593261757563e-07
0.00020880000000000001,-1.4815370505579707e-06,-3.9778744666448593e-07,-1.4017729955976102e-06,-3.724004332479527e-07
0.00020890000000000001,-1.4810616329695853e-06,-3.9786293971964291e-07,-1.3959183984145806e-06,-3.7235232106276935e-07
0.00020900000000000001,-1.4802586390448926e-06,-3.9789744751363367e-07,-1.389679907335034e-06,-3.7230164867399456e-07
0.00020910000000000001,-1.4791447226400244e-06,-3.9788131213714121e-07,-1.3830977751058601e-06,-3.7224858919604067e-07
0.00020920000000000002,-1.4777384129485328e-06,-3.9780767474145433e-07,-1.37621447899538e-06,-3.721934334113217e-07
0.00020929999999999999,-1.4760559228273074e-06,-3.9767311990056561e-07,-1.3690741876600451e-06,-3.7213658258843256e-07
0.00020939999999999999,-1.47410764202534e-06,-3.9747805850930035e-07,-1.3617222146930156e-06,-3.7207853704778374e-07
0.0002095,-1.4718958615940002e-06,-3.9722680070263051e-07,-1.3542044677374094e-06,-3.7201988072776066e-07
0.0002096,-1.4694140781617389e-06,-3.9692729972882123e-07,-1.3465669018751755e-06,-3.7196126215977797e-07
0.0002097,-1.4666479774310069e-06,-3.9659058087979827e-07,-1.3388549856757172e-06,-3.7190337240728737e-07
0.0002098,-1.4635779335162623e-06,-3.9622990268245229e-07,-1.3311131878190774e-06,-3.7184692065630149e-07
0.00020990000000000001,-1.4601826246890497e-06,-3.9585972663873946e-07,-1.323384491611953e-06,-3.7179260825744995e-07
0.00021000000000000001,-1.4564431925230201e-06,-3.9549459328393189e-07,-1.3157099440086105e-06,-3.7174110210766079e-07
0.00021010000000000001,-1.4523472864271238e-06,-3.95148013459654e-07,-1.3081282449507631e-06,-3.7169300831850506e-07
0.00021020000000000001,-1.4478923516091239e-06,-3.948314829288455e-07,-1.300675381971889e-06,-3.7164884714514896e-07
0.00021030000000000002,-1.4430876327080988e-06,-3.945537156798823e-07,-1.293384314091011e-06,-3.7160903014220657e-07
0.00021039999999999999,-1.4379545598914241e-06,-3.9432016782666765e-07,-1.2862847080697103e-06,-3.715738404696985e-07
0.00021049999999999999,-1.4325254292690874e-06,-3.9413289256736237e-07,-1.2794027291437849e-06,-3.7154341719378267e-07
0.0002106,-1.4268405476992014e-06,-3.9399073085265322e-07,-1.2727608873853962e-06,-3.7151774431453293e-07
0.0002107,-1.4209442443308903e-06,-3.9388980639585187e-07,-1.2663779399212679e-06,-3.7149664510961402e-07
0.0002108,-1.4148803225969232e-06,-3.9382426159630041e-07,-1.2602688483421256e-06,-3.7147978221201742e-07
0.0002109,-1.408687611284865e-06,-3.9378714649539569e-07,-1.2544447898025404e-06,-3.7146666364750893e-07
0.00021100000000000001,-1.4023962594463989e-06,-3.9377135873210351e-07,-1.2489132195402264e-06,-3.7145665484910231e-07
0.00021110000000000001,-1.3960253098883127e-06,-3.9377053002652767e-07,-1.2436779818486973e-06,-3.7144899644861339e-07
0.00021120000000000001,-1.3895818969235183e-06,-3.9377976398561009e-07,-1.2387394659251328e-06,-3.7144282742685361e-07
0.00021130000000000001,-1.3830621748057604e-06,-3.9379614959564468e-07,-1.2340948024901197e-06,-3.7143721299200173e-07
0.00021140000000000002,-1.3764538299921913e-06,-3.9381900206670331e-07,-1.2297380966419485e-06,-3.7143117635819569e-07
0.00021149999999999999,-1.3697398010218505e-06,-3.9384981432701333e-07,-1.2256606920649309e-06,-3.7142373342101123e-07
0.00021159999999999999,-1.3629026583544071e-06,-3.9389193465811486e-07,-1.221851461458876e-06,-3.7141392918049507e-07
0.0002117,-1.3559290079234382e-06,-3.939500150431648e-07,-1.2182971178926908e-06,-3.7140087465215396e-07
0.0002118,-1.3488132886453642e-06,-3.9402929764526756e-07,-1.2149825417048592e-06,-3.713837829371709e-07
0.0002119,-1.341560433487389e-06,-3.9413482121342976e-07,-1.2118911175733785e-06,-3.7136200309901871e-07
0.000212,-1.3341870398047312e-06,-3.9427063402424475e-07,-1.2090050764513552e-06,-3.713350505175406e-07
0.00021210000000000001,-1.3267209200500683e-06,-3.9443909528800563e-07,-1.2063058372057963e-06,-3.7130263246397285e-07
0.00021220000000000001,-1.3191991441384512e-06,-3.9464033395660257e-07,-1.2037743430001538e-06,-3.7126466776105624e-07
0.00021230000000000001,-1.3116649034892521e-06,-3.9487191461921041e-07,-1.2013913877190677e-06,-3.7122129955851697e-07
0.00021240000000000001,-1.3041636916088092e-06,-3.9512873726610709e-07,-1.1991379280399777e-06,-3.7117290046184989e-07
0.00021250000000000002,-1.2967393832111071e-06,-3.9540317393291021e-07,-1.1969953771051805e-06,-3.7112006949565762e-07
0.00021260000000000002,-1.2894307916204665e-06,-3.956854232235278e-07,-1.194945876132932e-06,-3.7106362065451331e-07
0.00021269999999999999,-1.2822691946153716e-06,-3.959640455838422e-07,-1.1929725407225252e-06,-3.710045630859125e-07
0.0002128,-1.2752771572331324e-06,-3.9622662939577794e-07,-1.191059679050684e-06,-3.7094407325184594e-07
0.0002129,-1.2684687723368544e-06,-3.9646053112164485e-07,-1.1891929796198827e-06,-3.7088345971763162e-07
0.000213,-1.2618512185010592e-06,-3.9665363171170904e-07,-1.1873596667004008e-06,-3.7082412150813427e-07
0.0002131,-1.2554273340557205e-06,-3.9679505549992505e-07,-1.1855486221011896e-06,-3.7076750124186662e-07
0.00021320000000000001,-1.2491987562652623e-06,-3.968758056075551e-07,-1.1837504724078698e-06,-3.7071503449240298e-07
0.00021330000000000001,-1.243169097612685e-06,-3.9688927999541934e-07,-1.1819576413340986e-06,-3.7066809702424092e-07
0.00021340000000000001,-1.2373466374404214e-06,-3.9683164332670084e-07,-1.1801643673422756e-06,-3.7062795169859393e-07
0.00021350000000000001,-1.2317460941998093e-06,-3.9670204053069117e-07,-1.1783666871961974e-06,-3.7059569693606792e-07
0.00021360000000000001,-1.2263891963037564e-06,-3.965026475698033e-07,-1.1765623866077567e-06,-3.7057221865266293e-07
0.00021370000000000002,-1.2213039631760733e-06,-3.9623856300624383e-07,-1.1747509196275382e-06,-3.7055814754943126e-07
0.00021379999999999999,-1.2165228117434906e-06,-3.9591755053203047e-07,-1.172933298899065e-06,-3.7055382353304375e-07
0.0002139,-1.2120797854598259e-06,-3.9554964794975492e-07,-1.1711119593438721e-06,-3.7055926887554677e-07
0.000214,-1.2080073350197157e-06,-3.9514666260059787e-07,-1.169290598262333e-06,-3.7057417148949293e-07
0.0002141,-1.2043331424321708e-06,-3.9472157734391584e-07,-1.1674739952175427e-06,-3.7059787940536533e-07
0.0002142,-1.2010774644553757e-06,-3.9428789515269188e-07,-1.1656678154088708e-06,-3.7062940719878757e-07
0.0002143,-1.1982513812674661e-06,-3.9385895419554986e-07,-1.1638784005318185e-06,-3.7066745473532095e-07
0.00021440000000000001,-1.1958561869999115e-06,-3.9344724862870056e-07,-1.1621125513538922e-06,-3.7071043819161999e-07
0.00021450000000000001,-1.1938839748010725e-06,-3.9306379266116231e-07,-1.1603773064062116e-06,-3.7075653288619492e-07
0.00021460000000000001,-1.192319279986373e-06,-3.9271756606671416e-07,-1.1586797212904457e-06,-3.7080372702417589e-07
0.00021470000000000001,-1.1911414805873287e-06,-3.9241507746870626e-07,-1.1570266531260064e-06,-3.7084988504288493e-07
0.00021480000000000002,-1.1903275409996173e-06,-3.9216007684916196e-07,-1.1554245546071313e-06,-3.7089281885264445e-07
0.00021489999999999999,-1.1898546389578247e-06,-3.9195344057715062e-07,-1.1538792820020969e-06,-3.7093036491407041e-07
0.00021499999999999999,-1.1897022453037265e-06,-3.917932409915654e-07,-1.1523959212033822e-06,-3.7096046479234132e-07
0.0002151,-1.189853324660346e-06,-3.916749988743751e-07,-1.1509786356303181e-06,-3.7098124659230444e-07
0.0002152,-1.1902944769158522e-06,-3.9159210213678622e-07,-1.1496305393940926e-06,-3.7099110451596636e-07
0.0002153,-1.1910150197783854e-06,-3.9153635919283922e-07,-1.1483535986648094e-06,-3.7098877370404167e-07
0.0002154,-1.1920051926000608e-06,-3.9149864247601979e-07,-1.147148563635678e-06,-3.7097339753133491e-07
0.00021550000000000001,-1.1932538123795049e-06,-3.914695679933912e-07,-1.1460149328702002e-06,-3.7094458462496687e-07
0.00021560000000000001,-1.1947458102377468e-06,-3.9144015207231384e-07,-1.1449509511526892e-06,-3.7090245306490906e-07
0.00021570000000000001,-1.1964601050964812e-06,-3.9140238742600331e-07,-1.1439536412544337e-06,-3.7084765950528871e-07
0.00021580000000000001,-1.1983682260423171e-06,-3.9134968760402618e-07,-1.1430188692897808e-06,-3.7078141131669008e-07
0.00021590000000000002,-1.2004339828144575e-06,-3.9127716135244376e-07,-1.1421414425847166e-06,-3.7070546028605871e-07
0.00021599999999999999,-1.2026143223870208e-06,-3.9118169524448949e-07,-1.1413152382312959e-06,-3.7062207691039729e-07
0.00021609999999999999,-1.2048613238755692e-06,-3.9106184243539698e-07,-1.140533359771735e-06,-3.705340048700356e-07
0.0002162,-1.207125102951861e-06,-3.9091753543738411e-07,-1.1397883187648738e-06,-3.7044439585153327e-07
0.0002163,-1.2093572488830989e-06,-3.9074965916172332e-07,-1.1390722373512741e-06,-3.7035672549221531e-07
0.0002164,-1.2115143254207769e-06,-3.9055953503533518e-07,-1.1383770673698738e-06,-3.7027469182004702e-07
0.0002165,-1.2135609455783569e-06,-3.903483760765545e-07,-1.1376948211044532e-06,-3.7020209814576892e-07
0.00021660000000000001,-1.2154719834850474e-06,-3.9011677533764698e-07,-1.1370178083660039e-06,-3.7014272291029792e-07
0.00021670000000000001,-1.2172336061791313e-06,-3.8986428577961119e-07,-1.1363388743613093e-06,-3.7010017948192366e-07
0.00021680000000000001,-1.2188429764028829e-06,-3.8958913892972177e-07,-1.1356516326668162e-06,-3.7007776931817739e-07
0.00021690000000000001,-1.2203066687785281e-06,-3.892881338193577e-07,-1.1349506876287421e-06,-3.7007833224158118e-07
0.00021700000000000002,-1.2216380273062817e-06,-3.8895670853462346e-07,-1.1342318406479601e-06,-3.7010409781466628e-07
0.00021709999999999999,-1.2228538440240009e-06,-3.8858918642578522e-07,-1.133492275083228e-06,-3.7015654192746585e-07
0.00021719999999999999,-1.2239708342248215e-06,-3.8817916990128215e-07,-1.1327307149140119e-06,-3.7023625272371948e-07
0.0002173,-1.2250024088233344e-06,-3.8772003888742494e-07,-1.1319475528396481e-06,-3.7034280988678515e-07
0.0002174,-1.2259561960034547e-06,-3.8720550015007869e-07,-1.1311449441426923e-06,-3.7047468108277708e-07
0.0002175,-1.2268326500270637e-06,-3.8663012882089028e-07,-1.1303268633990475e-06,-3.7062913902039261e-07
0.0002176,-1.2276249227311956e-06,-3.8598984499972709e-07,-1.129499121957586e-06,-3.7080220214154922e-07
0.00021770000000000001,-1.2283199875422499e-06,-3.8528227583465087e-07,-1.1286693450191781e-06,-3.7098860141466087e-07
0.00021780000000000001,-1.2289008247429248e-06,-3.8450696597018603e-07,-1.1278469080967762e-06,-3.7118177507700498e-07
0.00021790000000000001,-1.2293493271092547e-06,-3.8366541515674603e-07,-1.1270428336110746e-06,-3.7137389248025948e-07
0.00021800000000000001,-1.2296494886000472e-06,-3.8276093928121731e-07,-1.1262696493461136e-06,-3.7155590745302732e-07
0.00021810000000000002,-1.2297904088497229e-06,-3.8179836819326555e-07,-1.1255412114303596e-06,-3.7171764082580314e-07
0.00021819999999999999,-1.2297686858231071e-06,-3.8078360870133254e-07,-1.1248724953968147e-06,-3.7184789098976208e-07
0.00021829999999999999,-1.2295898705961383e-06,-3.7972311258020256e-07,-1.1242793596866371e-06,-3.7193457060221954e-07
0.0002184,-1.2292688050528716e-06,-3.7862329643437446e-07,-1.1237782866722697e-06,-3.7196486683140522e-07
0.0002185,-1.2288288320641763e-06,-3.7748996241406231e-07,-1.1233861068683546e-06,-3.7192542187185375e-07
0.0002186,-1.2283000323659109e-06,-3.7632776624529733e-07,-1.1231197124544965e-06,-3.7180252987941623e-07
0.0002187,-1.2277167780787677e-06,-3.7513977245161963e-07,-1.1229957665400008e-06,-3.7158234598906119e-07
0.00021880000000000001,-1.227114979865849e-06,-3.7392712701012408e-07,-1.1230304147465756e-06,-3.7125110270431707e-07
0.00021890000000000001,-1.2265294313689487e-06,-3.7268886620659896e-07,-1.1232390056662764e-06,-3.7079532869654987e-07
0.00021900000000000001,-1.2259916187078136e-06,-3.7142186839282029e-07,-1.1236358265663377e-06,-3.7020206493341373e-07
0.00021910000000000001,-1.2255282721274908e-06,-3.7012094387110506e-07,-1.1242338603642743e-06,-3.6945907307361447e-07
0.00021920000000000002,-1.2251608073268427e-06,-3.6877904819719529e-07,-1.1250445693935525e-06,-3.6855503122026916e-07
0.00021930000000000002,-1.2249056572160599e-06,-3.6738759648136212e-07,-1.1260777108342535e-06,-3.6747971241412083e-07
0.00021939999999999999,-1.224775354547987e-06,-3.6593685114740546e-07,-1.1273411879109632e-06,-3.6622414166372739e-07
0.0002195,-1.2247801140617154e-06,-3.6441635314971078e-07,-1.1288409400817831e-06,-3.6478072784100308e-07
0.0002196,-1.224929596325488e-06,-3.628153666670648e-07,-1.1305808744804351e-06,-3.6314336740316851e-07
0.0002197,-1.2252345235007131e-06,-3.611233094210698e-07,-1.1325628398536455e-06,-3.613075176182091e-07
0.0002198,-1.2257078598822433e-06,-3.5933014453030665e-07,-1.1347866431860809e-06,-3.5927023775074587e-07
0.00021990000000000001,-1.2263653585696874e-06,-3.5742671469518872e-07,-1.137250108152014e-06,-3.5703019748643121e-07
0.00022000000000000001,-1.2272253940045406e-06,-3.5540500501976638e-07,-1.1399491735066056e-06,-3.5458765271247102e-07
0.00022010000000000001,-1.2283081278624033e-06,-3.5325832648203172e-07,-1.1428780285567436e-06,-3.5194438960575715e-07
0.00022020000000000001,-1.2296341713149093e-06,-3.5098141760769509e-07,-1.1460292819587625e-06,-3.4910363878455763e-07
0.00022030000000000002,-1.2312229908227057e-06,-3.4857046700640447e-07,-1.1493941593021346e-06,-3.4606996203180227e-07
0.00022040000000000002,-1.2330913438001801e-06,-3.4602306388341748e-07,-1.1529627242753186e-06,-3.4284911477654587e-07
0.00022049999999999999,-1.2352520188412416e-06,-3.4333808728401184e-07,-1.1567241176907399e-06,-3.3944788810567615e-07
0.0002206,-1.237713095455507e-06,-3.4051554753907938e-07,-1.1606668082830422e-06,-3.358739345543166e-07
0.0002207,-1.2404778412478884e-06,-3.375563950640987e-07,-1.1647788489986832e-06,-3.3213558227719187e-07
0.0002208,-1.2435452472092228e-06,-3.3446231225684936e-07,-1.1690481324689219e-06,-3.2824164242514797e-07
0.0002209,-1.2469110846500853e-06,-3.3123550372065408e-07,-1.1734626395026348e-06,-3.2420121463565642e-07
0.00022100000000000001,-1.2505692706321863e-06,-3.278784984466833e-07,-1.1780106747447897e-06,-3.2002349549178363e-07
0.00022110000000000001,-1.2545132694244287e-06,-3.2439397503272033e-07,-1.1826810841102489e-06,-3.1571759461382988e-07
0.00022120000000000001,-1.2587372461753916e-06,-3.2078461769379591e-07,-1.1874634492074135e-06,-3.1129236272844158e-07
0.00022130000000000001,-1.2632367282526287e-06,-3.1705300701404365e-07,-1.1923482546925129e-06,-3.0675623562197188e-07
0.00022140000000000001,-1.2680086136424764e-06,-3.1320154545059026e-07,-1.1973270253221068e-06,-3.0211709734272664e-07
0.00022150000000000002,-1.2730504809352449e-06,-3.0923241392079055e-07,-1.2023924303736144e-06,-2.9738216538758115e-07
0.00022159999999999999,-1.2783592828257663e-06,-3.051475527729486e-07,-1.2075383540543766e-06,-2.9255789991215726e-07
0.00022169999999999999,-1.283929623474375e-06,-3.0094865839601941e-07,-1.2127599314914255e-06,-2.8764993826215733e-07
0.0002218,-1.2897519093542265e-06,-2.9663718590452647e-07,-1.2180535508579214e-06,-2.8266305535930315e-07
0.0002219,-1.2958107076435292e-06,-2.9221434884134559e-07,-1.2234168231204442e-06,-2.7760114971241923e-07
0.000222,-1.3020836371384431e-06,-2.8768110861179945e-07,-1.2288485217566581e-06,-2.7246725408554122e-07
0.0002221,-1.3085410539391609e-06,-2.8303814917339451e-07,-1.2343484955716128e-06,-2.6726356916293976e-07
0.00022220000000000001,-1.3151466863438351e-06,-2.7828583599120189e-07,-1.2399175584097072e-06,-2.6199151792646317e-07
0.00022230000000000001,-1.3218592364229447e-06,-2.7342416196670735e-07,-1.2455573601011742e-06,-2.5665181792173764e-07
0.00022240000000000001,-1.3286348205295811e-06,-2.6845268645775524e-07,-1.2512702433810934e-06,-2.5124456815245658e-07
0.00022250000000000001,-1.3354299900810146e-06,-2.6337047615885286e-07,-1.2570590917661215e-06,-2.457693470181953e-07
0.00022260000000000002,-1.3422049779717507e-06,-2.5817605812987873e-07,-1.2629271734630869e-06,-2.4022531750963826e-07
0.00022269999999999999,-1.3489267704026598e-06,-2.5286739542098881e-07,-1.2688779863147253e-06,-2.3461133580038063e-07
0.00022279999999999999,-1.3555716165093223e-06,-2.4744189449736572e-07,-1.2749151085644401e-06,-2.2892605942705641e-07
0.0002229,-1.3621266577565307e-06,-2.418964511625398e-07,-1.281042059853505e-06,-2.231680514260422e-07
0.000223,-1.3685904756101068e-06,-2.3622753822425e-07,-1.2872621763635846e-06,-2.1733587708765358e-07
0.0002231,-1.3749725021657503e-06,-2.3043133417626973e-07,-1.2935785034025533e-06,-2.1142819038678175e-07
0.0002232,-1.3812913922440922e-06,-2.2450388817846749e-07,-1.2999937080222188e-06,-2.0544380763748895e-07
0.00022330000000000001,-1.3875725937820054e-06,-2.1844131309172082e-07,-1.3065100134772064e-06,-1.9938176648101188e-07
0.00022340000000000001,-1.3938454554055777e-06,-2.1223999567381546e-07,-1.313129156509418e-06,-1.9324136893239289e-07
0.00022350000000000001,-1.4001402607585837e-06,-2.0589681154582288e-07,-1.3198523675996775e-06,-1.8702220785906293e-07
0.00022360000000000001,-1.4064855713897502e-06,-1.9940933230995272e-07,-1.3266803734941207e-06,-1.8072417692333865e-07
0.00022370000000000002,-1.4129061957808093e-06,-1.9277601318168955e-07,-1.3336134205145117e-06,-1.7434746466711162e-07
0.00022379999999999999,-1.4194219921883954e-06,-1.8599635147963457e-07,-1.340651316424503e-06,-1.6789253402951199e-07
0.00022389999999999999,-1.4260475751668745e-06,-1.790710089716167e-07,-1.3477934879712622e-06,-1.6136008914603795e-07
0.000224,-1.432792851919095e-06,-1.7200189402426283e-07,-1.3550390506746397e-06,-1.5475103176179447e-07
0.0002241,-1.4396641876696661e-06,-1.647922023689895e-07,-1.3623868870117109e-06,-1.4806640998581842e-07
0.0002242,-1.4466659088559152e-06,-1.5744641776532846e-07,-1.3698357288561102e-06,-1.4130736240452965e-07
0.0002243,-1.4538018128465298e-06,-1.4997027570164819e-07,-1.3773842398884002e-06,-1.3447506075034482e-07
0.00022440000000000001,-1.4610763687046856e-06,-1.4237069443878657e-07,-1.3850310937007128e-06,-1.2757065438023294e-07
0.00022450000000000001,-1.4684953617549219e-06,-1.346556782137362e-07,-1.3927750434746773e-06,-1.2059521975631395e-07
0.00022460000000000001,-1.4760658434968147e-06,-1.2683419741970883e-07,-1.4006149794128716e-06,-1.1354971793849072e-07
0.00022470000000000001,-1.4837953793471395e-06,-1.1891605026856274e-07,-1.4085499705395714e-06,-1.0643496280317066e-07
0.00022480000000000002,-1.4916907178922867e-06,-1.1091171003763513e-07,-1.4165792880437844e-06,-9.9251602302373656e-08
0.00022489999999999999,-1.4997561149406791e-06,-1.0283216168689678e-07,-1.424702407998243e-06,-9.2000114586670696e-08
0.00022499999999999999,-1.5079916154075825e-06,-9.4688731513603628e-08,-1.4329189920313556e-06,-8.4680820250011473e-08
0.0002251,-1.5163916142147829e-06,-8.6492913607965304e-08,-1.44122884533151e-06,-7.7293911333168788e-08
0.0002252,-1.5249439806774788e-06,-7.8256197111671615e-08,-1.4496318521990049e-06,-6.9839497065902509e-08
0.0002253,-1.5336299450238646e-06,-6.9989898519292773e-08,-1.4581278902035052e-06,-6.231766565828377e-08
0.0002254,-1.5424248246000897e-06,-6.1705003327546099e-08,-1.4667167248272649e-06,-5.4728560791221614e-08
0.00022550000000000001,-1.5512995306946952e-06,-5.3412021071873094e-08,-1.4753978872501207e-06,-4.707247082780934e-08
0.00022560000000000001,-1.5602226672201856e-06,-4.512085709760873e-08,-1.4841705386354464e-06,-3.9349928192092185e-08
0.00022570000000000001,-1.5691629312343364e-06,-3.6840703293961765e-08,-1.4930333248849778e-06,-3.15618158603928e-08
0.00022580000000000001,-1.5780914695517423e-06,-2.8579948584079313e-08,-1.5019842263228554e-06,-2.3709477500222825e-08
0.00022590000000000002,-1.5869838453156542e-06,-2.0346108427657664e-08,-1.511020407129682e-06,-1.5794827488144209e-08
0.00022600000000000002,-1.5958213242825932e-06,-1.2145771238464218e-08,-1.5201380695620805e-06,-7.8204568524552316e-09
0.00022609999999999999,-1.6045912944741695e-06,-3.9845587507590008e-09,-1.5293323180538815e-06,2.1026887252998236e-10
0.0002262,-1.6132867686116196e-06,4.1329027558340893e-09,-1.538597038197699e-06,8.2931238225092388e-09
0.0002263,-1.6219050648178694e-06,1.2203002693309776e-08,-1.547924795350706e-06,1.6422951749459111e-08
0.0002264,-1.6304458939269063e-06,2.0223158526538361e-08,-1.5573067572017052e-06,2.459361514971058e-08
0.0002265,-1.6389091796578469e-06,2.8191818565861353e-08,-1.5667326440887271e-06,3.2797966538475649e-08
0.00022660000000000001,-1.6472929844898877e-06,3.6108450813130009e-08,-1.5761907101800396e-06,4.1027844282126384e-08
0.00022670000000000001,-1.6555919009401095e-06,4.3973510974041716e-08,-1.5856677578480252e-06,4.9274094754871791e-08
0.00022680000000000001,-1.6637961962021747e-06,5.1788380987649868e-08,-1.5951491866933781e-06,5.7526621869001089e-08
0.00022690000000000001,-1.6718918782803688e-06,5.9555268953967865e-08,-1.6046190777434505e-06,6.5774464258165841e-08
0.00022700000000000002,-1.6798617022500174e-06,6.7277062579612603e-08,-1.6140603123787385e-06,7.4005899593981099e-08
0.00022710000000000002,-1.6876869795308426e-06,7.4957131406276282e-08,-1.623454724563364e-06,8.2208574711143817e-08
0.00022719999999999999,-1.6953499158856513e-06,8.2599078047265778e-08,-1.6327832839978453e-06,9.0369659429457207e-08
0.0002273,-1.7028361075094414e-06,9.0206445028591524e-08,-1.6420263069020389e-06,9.8476021216461901e-08
0.0002274,-1.7101367851879336e-06,9.7782390914236482e-08,-1.6511636903013916e-06,1.0651441715438547e-07
0.0002275,-1.717250421453986e-06,1.0532935626755341e-07,-1.6601751649533713e-06,1.1447169908120271e-07
0.0002276,-1.7241834022877764e-06,1.1284874562920896e-07,-1.6690405614363548e-06,1.2233502728589915e-07
0.00022770000000000001,-1.7309496007731566e-06,1.203406550765334e-07,-1.6777400834486959e-06,1.3009208776869404e-07
0.00022780000000000001,-1.7375688548994101e-06,1.2780367525523859e-07,-1.6862545820453858e-06,1.3773130783991478e-07
0.00022790000000000001,-1.7440645202238028e-06,1.352347965540901e-07,-1.6945658243847981e-06,1.4524206473504939e-07
0.00022800000000000001,-1.7504604142895993e-06,1.4262943626936039e-07,-1.7026567505737465e-06,1.5261488197250128e-07
0.00022810000000000001,-1.7567775705661297e-06,1.4998159760439379e-07,-1.7105117123862764e-06,1.5984160837487695e-07
0.00022820000000000002,-1.7630312590337904e-06,1.5728415806428746e-07,-1.7181166879870367e-06,1.6691557501019886e-07
0.00022829999999999999,-1.7692287015113591e-06,1.6452927151629129e-07,-1.7254594673040788e-06,1.7383172577806506e-07
0.0002284,-1.7753678160413538e-06,1.7170885541541648e-07,-1.7325298033563861e-06,1.8058671795532511e-07
0.0002285,-1.7814371797473279e-06,1.7881512401966964e-07,-1.7393195256300221e-06,1.8717898971074206e-07
0.0002286,-1.7874172251543971e-06,1.8584112126646756e-07,-1.7458226124939241e-06,1.9360879237983198e-07
0.0002287,-1.7932825072822773e-06,1.9278120442731431e-07,-1.7520352206264272e-06,1.9987818613817137e-07
0.0002288,-1.7990047247565502e-06,1.996314322666509e-07,-1.7579556704621105e-06,2.059909986011319e-07
0.00022890000000000001,-1.8045560710736074e-06,2.0638981915680752e-07,-1.7635843877364794e-06,2.1195274678579447e-07
0.00022900000000000001,-1.80991244816669e-06,2.1305642876554543e-07,-1.7689238022748025e-06,2.1777052377196972e-07
0.00022910000000000001,-1.8150561000409729e-06,2.1963329628725006e-07,-1.7739782062131717e-06,2.2345285226920727e-07
0.00022920000000000001,-1.8199773152659399e-06,2.2612418505635898e-07,-1.778753574825892e-06,2.2900950811177526e-07
0.00022930000000000002,-1.8246749892840071e-06,2.3253419985911817e-07,-1.7832573540379204e-06,2.3445131744173951e-07
0.00022939999999999999,-1.8291560087487946e-06,2.3886929345632322e-07,-1.7874982195002253e-06,2.3978993198171221e-07
0.00022949999999999999,-1.8334335940068737e-06,2.4513571310748885e-07,-1.7914858127788643e-06,2.4503758732653931e-07
0.0002296,-1.8375248857043972e-06,2.5133943907246219e-07,-1.7952304607377932e-06,2.5020684958331318e-07
0.0002297,-1.8414481645806435e-06,2.5748566660282145e-07,-1.7987428845678964e-06,2.553103559518025e-07
0.0002298,-1.8452201345202645e-06,2.6357837695315037e-07,-1.8020339051216237e-06,2.6036055495615126e-07
0.0002299,-1.8488536724278648e-06,2.6962003223997435e-07,-1.8051141512491832e-06,2.6536945201168924e-07
0.00023000000000000001,-1.8523563596650367e-06,2.7561141491180001e-07,-1.8079937776998852e-06,2.7034836583974082e-07
0.00023010000000000001,-1.8557299736331157e-06,2.8155161690268313e-07,-1.8106821988549299e-06,2.7530770093443348e-07
0.00023020000000000001,-1.8589709569392903e-06,2.8743816810651763e-07,-1.8131878441062711e-06,2.8025674084831597e-07
0.00023030000000000001,-1.8620717215747777e-06,2.9326728041305764e-07,-1.8155179401028523e-06,2.8520346651158277e-07
0.00023040000000000002,-1.8650225123893042e-06,2.9903417364571195e-07,-1.8176783243690568e-06,2.901544031487262e-07
0.00023049999999999999,-1.8678134690842857e-06,3.0473344428645241e-07,-1.8196732939801284e-06,2.9511449862567667e-07
0.00023059999999999999,-1.870436502286915e-06,3.1035943720664274e-07,-1.8215054920794956e-06,3.0008703527043361e-07
0.0002307,-1.8728866403036911e-06,3.1590658445993955e-07,-1.8231758340683888e-06,3.0507357638304494e-07
0.0002308,-1.875162601637567e-06,3.2136968269445514e-07,-1.824683474314615e-06,3.10073947809444e-07
0.0002309,-1.8772664876754335e-06,3.2674409065518701e-07,-1.8260258132420364e-06,3.1508625412071147e-07
0.000231,-1.8792026468227049e-06,3.3202583910941176e-07,-1.8271985437010178e-06,3.2010692813712775e-07
0.00023110000000000001,-1.8809759095874216e-06,3.3721165587633929e-07,-1.8281957346081617e-06,3.2513081178590245e-07
0.00023120000000000001,-1.8825895088614751e-06,3.4229891722693874e-07,-1.8290099490042925e-06,3.3015126560151331e-07
0.00023130000000000001,-1.8840430614912515e-06,3.472855428636509e-07,-1.8296323929335927e-06,3.3516030358511329e-07
0.00023140000000000001,-1.8853309853760376e-06,3.5216985458843708e-07,-1.8300530909122669e-06,3.4014874964820398e-07
0.00023150000000000002,-1.8864416604333704e-06,3.5695041871009235e-07,-1.8302610832461161e-06,3.451064114864065e-07
0.00023159999999999999,-1.8873575220778586e-06,3.6162588975206574e-07,-1.8302446400832686e-06,3.500222674691486e-07
0.00023169999999999999,-1.8880561216501992e-06,3.6619486893576854e-07,-1.8299914868585285e-06,3.5488466199383258e-07
0.0002318,-1.8885120247506351e-06,3.7065578621111536e-07,-1.8294890357003706e-06,3.596815047390074e-07
0.0002319,-1.8886992728276403e-06,3.7500681022735745e-07,-1.8287246174296246e-06,3.6440046935655414e-07
0.000232,-1.8885940302867473e-06,3.7924578732067638e-07,-1.8276857089742019e-06,3.6902918736128161e-07
0.0002321,-1.8881769968710459e-06,3.8337020875210817e-07,-1.8263601513470872e-06,3.7355543329768837e-07
0.00023220000000000001,-1.8874351915361358e-06,3.8737720508776716e-07,-1.8247363537723925e-06,3.7796729767539488e-07
0.00023230000000000001,-1.8863628067272083e-06,3.912635674317149e-07,-1.8228034800805504e-06,3.8225334465212847e-07
0.00023240000000000001,-1.8849609771582064e-06,3.9502579657473161e-07,-1.8205516141102439e-06,3.8640275198930801e-07
0.00023250000000000001,-1.8832364822742297e-06,3.9866018223939922e-07,-1.8179719015314914e-06,3.904054313925407e-07
0.00023260000000000002,-1.8811995785177095e-06,4.0216291473718472e-07,-1.8150566662195905e-06,3.942521279590266e-07
0.00023270000000000002,-1.8788613073111426e-06,4.0553022995320979e-07,-1.8117995000424593e-06,3.9793449806731564e-07
0.00023279999999999999,-1.8762307220135527e-06,4.0875858541575031e-07,-1.8081953256515538e-06,4.0144516564396968e-07
0.0002329,-1.8733125045820058e-06,4.1184486047704246e-07,-1.8042404325690504e-06,4.0477775730918737e-07
0.000233,-1.8701053937212939e-06,4.1478656793266037e-07,-1.7999324875214137e-06,4.0792691742380855e-07
0.0002331,-1.866601726562577e-06,4.1758205868470455e-07,-1.7952705205650857e-06,4.1088830451959641e-07
0.0002332,-1.8627882225723866e-06,4.2023069645543059e-07,-1.7902548890679392e-06,4.1365857098197272e-07
0.00023330000000000001,-1.8586479377506986e-06,4.227329772362066e-07,-1.7848872220394216e-06,4.1623532816081875e-07
0.00023340000000000001,-1.8541631206463772e-06,4.2509056906109278e-07,-1.7791703476331816e-06,4.1861709930459134e-07
0.00023350000000000001,-1.8493185409613948e-06,4.2730625237435091e-07,-1.773108206873577e-06,4.2080326284307517e-07
0.00023360000000000001,-1.8441047634160627e-06,4.2938374972114844e-07,-1.7667057567792806e-06,4.2279398858444035e-07
0.00023370000000000002,-1.8385208218349372e-06,4.3132744512238814e-07,-1.7599688660748369e-06,4.2459016934621264e-07
0.00023380000000000002,-1.8325758166298937e-06,4.3314200710422455e-07,-1.7529042065989194e-06,4.2619335041253089e-07
0.00023389999999999999,-1.8262891051796241e-06,4.348319432848964e-07,-1.7455191433441615e-06,4.2760565901011705e-07
0.000234,-1.8196889587364328e-06,4.3640112676590993e-07,-1.7378216258076312e-06,4.2882973573308753e-07
0.0002341,-1.8128097915253672e-06,4.3785234343040608e-07,-1.7298200830065095e-06,4.2986866953362738e-07
0.0002342,-1.8056882925494205e-06,4.391869130099587e-07,-1.7215233241343287e-06,4.3072593754584341e-07
0.0002343,-1.7983589733359434e-06,4.4040443438560025e-07,-1.7129404464155001e-06,4.3140535063719905e-07
0.00023440000000000001,-1.7908497560745695e-06,4.4150269673214798e-07,-1.7040807512758433e-06,4.3191100520097916e-07
0.00023450000000000001,-1.7831782471543888e-06,4.4247778333889733e-07,-1.6949536695013156e-06,4.3224724132854541e-07
0.00023460000000000001,-1.7753492652601724e-06,4.4332437561999775e-07,-1.6855686956229485e-06,4.324186071453997e-07
0.00023470000000000001,-1.7673540297609583e-06,4.4403624303774604e-07,-1.6759353313574672e-06,4.3242982877339087e-07
0.00023480000000000002,-1.759171186470535e-06,4.4460688293174273e-07,-1.6660630375654647e-06,4.3228578510377771e-07
0.00023490000000000002,-1.7507695867090721e-06,4.450302552463385e-07,-1.6559611938730541e-06,4.3199148634191828e-07
0.00023499999999999999,-1.7421124802692239e-06,4.453015433378611e-07,-1.645639064850272e-06,4.3155205512159895e-07
0.0002351,-1.7331625715761476e-06,4.454178653362857e-07,-1.6351057714554554e-06,4.3097270888996913e-07
0.0002352,-1.7238872532905244e-06,4.4537886203027919e-07,-1.6243702663459041e-06,4.3025874223592158e-07
0.0002353,-1.7142632941953308e-06,4.4518709704965321e-07,-1.6134413116221613e-06,4.2941550787488476e-07
0.0002354,-1.7042803254977348e-06,4.4484822231704758e-07,-1.6023274576151095e-06,4.2844839510932337e-07
0.00023550000000000001,-1.6939426331801529e-06,4.4437088448159157e-07,-1.5910370214389573e-06,4.2736280475160922e-07
0.00023560000000000001,-1.6832690007897183e-06,4.4376637377347606e-07,-1.579578064211564e-06,4.2616411971742146e-07
0.00023570000000000001,-1.6722906229190091e-06,4.4304804248379656e-07,-1.567958366078516e-06,4.2485767076409002e-07
0.00023580000000000001,-1.6610473842899034e-06,4.4223054311916681e-07,-1.5561853984581938e-06,4.234486971491808e-07
0.00023590000000000001,-1.6495830323244345e-06,4.413289536100207e-07,-1.5442662932391926e-06,4.219423023074752e-07
0.00023600000000000002,-1.6379399277984718e-06,4.4035786686294467e-07,-1.5322078089956608e-06,4.2034340497746557e-07
0.00023609999999999999,-1.6261541151982028e-06,4.393305234669196e-07,-1.5200162946267312e-06,4.1865668653755544e-07
0.0002362,-1.6142514030445386e-06,4.3825805955522343e-07,-1.5076976511579854e-06,4.1688653562495081e-07
0.0002363,-1.6022449921513699e-06,4.3714892776131342e-07,-1.4952572927533405e-06,4.1503699139381032e-07
0.0002364,-1.5901349590628294e-06,4.36008529804863e-07,-1.4827001082602062e-06,4.1311168701192623e-07
0.0002365,-1.577909627061425e-06,4.3483907699093943e-07,-1.4700304248388993e-06,4.1111379518706573e-07
0.0002366,-1.5655485790939167e-06,4.3363967251695695e-07,-1.4572519753973311e-06,4.090459776459659e-07
0.00023670000000000001,-1.5530268271783244e-06,4.3240658953971071e-07,-1.4443678716575202e-06,4.0691034055466528e-07
0.00023680000000000001,-1.5403194870610556e-06,4.3113370357286014e-07,-1.4313805847135372e-06,4.0470839786357421e-07
0.00023690000000000001,-1.5274062397001082e-06,4.2981302835641514e-07,-1.4182919348996013e-06,4.0244104448247735e-07
0.00023700000000000001,-1.5142749023340322e-06,4.2843530139116272e-07,-1.4051030926699748e-06,4.0010854103993252e-07
0.00023710000000000002,-1.500923574911809e-06,4.2699056850812716e-07,-1.3918145920013821e-06,3.9771051176095066e-07
0.00023719999999999999,-1.4873610506251415e-06,4.254687250200986e-07,-1.3784263575685031e-06,3.9524595671170915e-07
0.00023729999999999999,-1.4736054482927778e-06,4.2385998249654159e-07,-1.3649377466197403e-06,3.9271327931782265e-07
0.0002374,-1.4596812985907186e-06,4.2215524306025916e-07,-1.3513476061040866e-06,3.9011032967268172e-07
0.0002375,-1.445615554077868e-06,4.2034637540572821e-07,-1.3376543451802228e-06,3.8743446372588274e-07
0.0002376,-1.4314331586753063e-06,4.1842639688757017e-07,-1.3238560227897979e-06,3.8468261799119535e-07
0.0002377,-1.4171528807636594e-06,4.1638957296479855e-07,-1.3099504495110348e-06,3.8185139895263936e-07
0.00023780000000000001,-1.4027840751770016e-06,4.1423144861353332e-07,-1.2959353024415385e-06,3.7893718588987077e-07
0.00023790000000000001,-1.3883248991842944e-06,4.1194882630627352e-07,-1.2818082514050348e-06,3.7593624540475766e-07
0.00023800000000000001,-1.3737622874727877e-06,4.0953970263299961e-07,-1.2675670943504182e-06,3.728448555235764e-07
0.00023810000000000001,-1.3590737246305515e-06,4.0700317181462366e-07,-1.2532098994275947e-06,3.6965943688689988e-07
0.00023820000000000002,-1.3442305810455061e-06,4.043393005644386e-07,-1.2387351508950675e-06,3.663766882340842e-07
0.00023829999999999999,-1.3292025406583754e-06,4.0154897618537055e-07,-1.2241418957521298e-06,3.629937231518962e-07
0.00023839999999999999,-1.3139624823286459e-06,3.9863372928379748e-07,-1.2094298878020944e-06,3.5950820489560819e-07
0.0002385,-1.2984911055458979e-06,3.9559553434612278e-07,-1.194599725751196e-06,3.5591847601286204e-07
0.0002386,-1.282780626124653e-06,3.9243659538978971e-07,-1.1796529819344365e-06,3.5222367950926598e-07
0.0002387,-1.2668370025889527e-06,3.8915912915503396e-07,-1.1645923183388813e-06,3.4842386839228181e-07
0.0002388,-1.2506803683328658e-06,3.8576516364353939e-07,-1.1494215867654691e-06,3.4452010061507335e-07
0.00023890000000000001,-1.2343436056684787e-06,3.822563738603706e-07,-1.1341459102300613e-06,3.4051451671138294e-07
0.00023900000000000001,-1.2178692661076161e-06,3.7863397809094844e-07,-1.1187717430484226e-06,3.3641039776010338e-07
0.00023910000000000001,-1.2013052765089898e-06,3.7489871600571128e-07,-1.103306907469384e-06,3.3221220173565905e-07
0.00023920000000000001,-1.1847000382915972e-06,3.7105092394351179e-07,-1.0877606052064985e-06,3.2792557677731609e-07
0.00023930000000000002,-1.1680976026354897e-06,3.6709071316457875e-07,-1.0721434027582107e-06,3.2355735043479677e-07
0.00023939999999999999,-1.1515335785356905e-06,3.6301824465072085e-07,-1.0564671899874641e-06,3.1911549450550442e-07
0.00023949999999999999,-1.1350323083845538e-06,3.5883408070594555e-07,-1.0407451120370996e-06,3.1460906565552698e-07
0.0002396,-1.1186056475968897e-06,3.5453958108273835e-07,-1.0249914752739961e-06,3.1004812259712595e-07
0.0002397,-1.1022534420806535e-06,3.5013730161902363e-07,-1.0092216285636446e-06,3.0544362116387183e-07
0.0002398,-1.0859655477957173e-06,3.4563134817829474e-07,-9.9345182176475231e-07,3.0080728916599518e-07
0.0002399,-1.0697250183237546e-06,3.4102763927315446e-07,-9.776990438819775e-07,2.9615148340796044e-07
0.00024000000000000001,-1.0535119318771396e-06,3.3633403759517699e-07,-9.6198084381161631e-07,2.9148903169439137e-07
0.00024010000000000001,-1.0373072606053606e-06,3.3156032336273846e-07,-9.4631513704539748e-07,2.868330630272738e-07
0.00024020000000000001,-1.0210962107415965e-06,3.2671799964433335e-07,-9.3072000205021864e-07,2.8219682949658118e-07
0.00024030000000000001,-1.0048705755190556e-06,3.2181993958626268e-07,-9.1521347030710068e-07,2.7759352357995251e-07
0.00024040000000000002,-9.886298236841551e-07,3.168799052517349e-07,-8.9981331416369702e-07,2.730360946893903e-07
0.00024050000000000002,-9.7238086437546899e-07,3.1191198489744791e-07,-8.8453683672623225e-07,2.6853706883035159e-07
0.00024059999999999999,-9.561366483371945e-07,3.0693000753653177e-07,-8.6940066798691014e-07,2.6410837517094595e-07
0.0002407,-9.3991395053518854e-07,3.0194699871262914e-07,-8.5442057125193015e-07,2.5976118315777973e-07
0.0002408,-9.2373080094209764e-07,2.9697473856003587e-07,-8.3961126370666875e-07,2.5550575356491554e-07
0.0002409,-9.0760406993539197e-07,2.9202347251175469e-07,-8.24986254633833e-07,2.513513065300764e-07
0.000241,-8.9154766735402618e-07,2.8710180757043959e-07,-8.1055770439602666e-07,2.4730590922689248e-07
0.00024110000000000001,-8.7557168899714892e-07,2.8221680494734282e-07,-7.9633630681601173e-07,2.4337638535423295e-07
0.00024120000000000001,-8.5968266310829603e-07,2.77374255851886e-07,-7.82331197049018e-07,2.3956824810621583e-07
0.00024130000000000001,-8.438848431130906e-07,2.7257910434648285e-07,-7.6854988645485621e-07,2.3588565773301752e-07
0.00024140000000000001,-8.2818229649968338e-07,2.6783596243782478e-07,-7.5499822535897065e-07,2.3233140422753221e-07
0.00024150000000000002,-8.1258138647042462e-07,2.631496504240794e-07,-7.4168039395646056e-07,2.2890691509152351e-07
0.00024160000000000002,-7.9709315894039802e-07,2.5852569158088679e-07,-7.285989209776575e-07,2.2561228756193233e-07
0.00024169999999999999,-7.8173514729971285e-07,2.5397069510180041e-07,-7.1575472911448464e-07,2.2244634412814537e-07
0.0002418,-7.6653219193953961e-07,2.4949257421697423e-07,-7.0314720561879517e-07,2.1940670965815265e-07
0.0002419,-7.515160276738679e-07,2.4510056593581182e-07,-6.9077429594208746e-07,2.1648990798812763e-07
0.000242,-7.3672359470773955e-07,2.4080504239356646e-07,-6.7863261780359106e-07,2.1369147542724253e-07
0.0002421,-7.2219424459892008e-07,2.3661712833051781e-07,-6.6671759266261363e-07,2.1100608829686303e-07
0.00024220000000000001,-7.0796620601362384e-07,2.3254816170979633e-07,-6.5502359124076827e-07,2.0842770136777156e-07
0.00024230000000000001,-6.9407281345862801e-07,2.2860905212978753e-07,-6.4354408949762065e-07,2.0594969388618028e-07
0.00024240000000000001,-6.8053906158039355e-07,2.2480960244706785e-07,-6.3227183131489176e-07,2.0356501979148558e-07
0.00024250000000000001,-6.6737901659482906e-07,2.2115786179003446e-07,-6.2119899409156641e-07,2.0126635872681435e-07
0.00024260000000000002,-6.5459449805774234e-07,2.1765957288542431e-07,-6.1031735349568332e-07,1.9904626452537623e-07
0.00024270000000000002,-6.4217525588991292e-07,2.1431776436233895e-07,-5.9961844375501439e-07,1.9689730801765743e-07
0.00024279999999999999,-6.3010063839367052e-07,2.1113252133534286e-07,-5.8909371009362366e-07,1.9481221124037025e-07
0.0002429,-6.1834251316912879e-07,2.0810094757013299e-07,-5.7873465022693884e-07,1.9278397042999788e-07
0.000243,-6.0686900203147242e-07,2.052173125813671e-07,-5.6853294220499394e-07,1.9080596554226785e-07
0.0002431,-5.956484563272087e-07,2.0247335960589743e-07,-5.5848055633055579e-07,1.8887205444309753e-07
0.0002432,-5.846530535446651e-07,1.9985873751911676e-07,-5.4856984936361476e-07,1.8697665035490106e-07
0.0002433,-5.7386144904778276e-07,1.9736151262575975e-07,-5.3879363974176278e-07,1.8511478160208177e-07
0.00024340000000000001,-5.6326006177868251e-07,1.9496871516331335e-07,-5.2914526308336511e-07,1.8328213316861712e-07
0.00024350000000000001,-5.5284278865835606e-07,1.9266687971697117e-07,-5.1961860778193467e-07,1.8147507004626575e-07
0.00024360000000000001,-5.4260919619238692e-07,1.9044254722331354e-07,-5.102081310311731e-07,1.7969064280194805e-07
0.00024370000000000001,-5.3256148974802893e-07,1.8828270700589182e-07,-5.0090885612653506e-07,1.7792657621605714e-07
0.00024380000000000002,-5.2270077083285015e-07,1.86175168336473e-07,-4.9171635235772045e-07,1.7618124222947781e-07
0.00024389999999999999,-5.13023225997371e-07,1.8410886050775773e-07,-4.8262669922503031e-07,1.7445361877686564e-07
0.00024399999999999999,-5.0351692459032533e-07,1.8207406694818413e-07,-4.736364370708859e-07,1.7274323636998244e-07
0.0002441,-4.9415982862982123e-07,1.800626017817054e-07,-4.6474250650738751e-07,1.7105011452159384e-07
0.00024420000000000003,-4.8491944540033596e-07,1.7806793646552302e-07,-4.5594217923509162e-07,1.6937469026367461e-07
0.00024430000000000003,-4.7575430663357796e-07,1.7608528047503346e-07,-4.4723298298324938e-07,1.6771774111135887e-07
0.00024440000000000003,-4.6661717403589318e-07,1.7411161475492089e-07,-4.3861262335559213e-07,1.6608030485568847e-07
0.00024449999999999998,-4.5745959290552525e-07,1.7214567143127999e-07,-4.3007890533892885e-07,1.6446359853544871e-07
0.00024459999999999998,-4.4823718708903238e-07,1.7018784969598532e-07,-4.2162965712709488e-07,1.6286893884427068e-07
0.00024469999999999998,-4.3891494628567086e-07,1.6824005714164297e-07,-4.1326265873539722e-07,1.6129766607858478e-07
0.00024479999999999999,-4.2947172490788745e-07,1.6630546889578031e-07,-4.0497557763713841e-07,1.5975107353094885e-07
0.00024489999999999999,-4.199032580167179e-07,1.6438820371003482e-07,-3.9676591335343474e-07,1.5823034398925265e-07
0.00024499999999999999,-4.1022319394610835e-07,1.6249292597940227e-07,-3.8863095258008836e-07,1.5673649472323408e-07
0.00024509999999999999,-4.0046191805592635e-07,1.6062439410590138e-07,-3.8056773605237598e-07,1.5527033203497868e-07
0.0002452,-3.9066325769555883e-07,1.587869868284941e-07,-3.725730379423338e-07,1.5383241612846371e-07
0.0002453,-3.8087946804662687e-07,1.5698424809911686e-07,-3.6464335816609895e-07,1.5242303672460234e-07
0.0002454,-3.711651552705949e-07,1.5521849594334078e-07,-3.5677492756357757e-07,1.5104219952169264e-07
0.0002455,-3.6157095777837956e-07,1.5349054014180208e-07,-3.4896372551162625e-07,1.4968962328578155e-07
0.00024560000000000001,-3.5213785229348174e-07,1.5179954688688668e-07,-3.4120550915634993e-07,1.4836474705942767e-07
0.00024570000000000001,-3.4289287005798978e-07,1.5014307608087294e-07,-3.3349585311078795e-07,1.4706674670825891e-07
0.00024580000000000001,-3.3384681046664555e-07,1.4851729982343729e-07,-3.2583019817017795e-07,1.4579455978907658e-07
0.00024590000000000001,-3.2499425277235658e-07,1.4691739084112918e-07,-3.182039073557962e-07,1.4454691752623591e-07
0.00024600000000000002,-3.1631583312350713e-07,1.4533804961608851e-07,-3.1061232741601126e-07,1.4332238252899399e-07
0.00024610000000000002,-3.0778242339839556e-07,1.4377412143456603e-07,-3.0305085379312171e-07,1.421193907739309e-07
0.00024620000000000002,-2.9936056953701031e-07,1.4222124195592061e-07,-2.9551499700927003e-07,1.4093629631498302e-07
0.00024630000000000002,-2.9101836242111154e-07,1.4067644409233446e-07,-2.8800044843344827e-07,1.3977141716902804e-07
0.00024640000000000003,-2.8273085212824488e-07,1.3913866102297924e-07,-2.8050314346273322e-07,1.3862308085617427e-07
0.00024650000000000003,-2.7448418672333543e-07,1.3760907004549288e-07,-2.7301932028008083e-07,1.3748966814815277e-07
0.00024660000000000003,-2.662778499474188e-07,1.3609123863322835e-07,-2.6554557253297237e-07,1.3636965369223501e-07
0.00024669999999999998,-2.5812465997896537e-07,1.3459105552379539e-07,-2.5807889450445858e-07,1.3526164232687802e-07
0.00024679999999999998,-2.5004853123242125e-07,1.3311645324429281e-07,-2.5061671761259366e-07,1.3416440008372699e-07
0.00024689999999999998,-2.4208034219357226e-07,1.3167695120157182e-07,-2.4315693736675539e-07,1.3307687907223365e-07
0.00024699999999999999,-2.3425254335186155e-07,1.3028306745197732e-07,-2.356979302194051e-07,1.3199823566171833e-07
0.00024709999999999999,-2.2659333636895286e-07,1.2894566013392425e-07,-2.2823856007040514e-07,1.3092784160406504e-07
0.00024719999999999999,-2.1912132858648468e-07,1.2767526474787854e-07,-2.2077817449663679e-07,1.2986528797167539e-07
0.00024729999999999999,-2.1184150416336169e-07,1.2648149049381596e-07,-2.1331659108383141e-07,1.2881038201291258e-07
0.0002474,-2.0474316319445767e-07,1.2537252832447138e-07,-2.0585407452026327e-07,1.2776313724446506e-07
0.0002475,-1.9780019084620205e-07,1.2435480685464625e-07,-1.9839130536546636e-07,1.2672375730102512e-07
0.0002476,-1.9097367260346156e-07,1.2343281216822238e-07,-1.9092934162449184e-07,1.2569261424167839e-07
0.0002477,-1.8421652055294207e-07,1.2260906669924752e-07,-1.8346957443337631e-07,1.2467022216517905e-07
0.00024780000000000001,-1.7747947159242581e-07,1.2188424356943544e-07,-1.7601367929070997e-07,1.2365720710867728e-07
0.00024790000000000001,-1.7071760703886368e-07,1.2125737850115189e-07,-1.6856356435050804e-07,1.2265427429398425e-07
0.00024800000000000001,-1.6389645610226873e-07,1.207261334316486e-07,-1.6112131732227268e-07,1.2166217384008184e-07
0.00024810000000000001,-1.5699679641847635e-07,1.2028706501821165e-07,-1.5368915250551751e-07,1.2068166607970967e-07
0.00024820000000000002,-1.5001744614009217e-07,1.199358570915343e-07,-1.4626935942062934e-07,1.1971348760161307e-07
0.00024830000000000002,-1.4297562740967767e-07,1.1966748755733709e-07,-1.3886425438886162e-07,1.18758319089913e-07
0.00024840000000000002,-1.3590482838405441e-07,1.1947631526797847e-07,-1.314761362665462e-07,1.1781675595017153e-07
0.00024850000000000002,-1.2885044918980484e-07,1.1935608854022263e-07,-1.2410724735833058e-07,1.1688928260118486e-07
0.00024860000000000003,-1.2186383360039618e-07,1.1929989176321111e-07,-1.1675974032738055e-07,1.159762511764992e-07
0.00024870000000000003,-1.1499551650506868e-07,1.1930005770981254e-07,-1.09435651695353e-07,1.1507786522429847e-07
0.00024880000000000003,-1.0828862427532365e-07,1.1934807915504947e-07,-1.0213688228826886e-07,1.1419416882411241e-07
0.00024889999999999998,-1.0177333590549047e-07,1.1943455349222784e-07,-9.4865184744516724e-08,1.1332504135884079e-07
0.00024899999999999998,-9.5463152527644306e-08,1.1954918843806204e-07,-8.7622157965467823e-08,1.1247019799680531e-07
0.00024909999999999998,-8.9353456141902734e-08,1.1968088673353594e-07,-8.0409248165000207e-08,1.1162919575633026e-07
0.00024919999999999999,-8.3422505284718554e-08,1.1981791476867814e-07,-7.3227755967809903e-08,1.1080144485043663e-07
0.00024929999999999999,-7.7634665471307908e-08,1.1994814647148449e-07,-6.6078848824253144e-08,1.0998622484676108e-07
0.00024939999999999999,-7.1945357182349661e-08,1.2005936182930067e-07,-5.8963577855888093e-08,1.0918270503256445e-07
0.00024949999999999999,-6.6306969792169399e-08,1.2013957096803006e-07,-5.1882898125119177e-08,1.0838996825097935e-07
0.0002496,-6.0674869519164884e-08,1.2017733110224322e-07,-4.4837691237082826e-08,1.0760703737582183e-07
0.0002497,-5.5012639217411399e-08,1.2016202537973421e-07,-3.7828789133604383e-08,1.0683290352128249e-07
0.0002498,-4.9295824052669895e-08,1.2008407929210516e-07,-3.0856997928275555e-08,1.060665550412419e-07
0.0002499,-4.3513697444295596e-08,1.1993510071854727e-07,-2.3923120657657556e-08,1.0530700636189706e-07
0.00025000000000000001,-3.7668868517341859e-08,1.1970794201848674e-07,-1.7027977884522673e-08,1.0455332571074246e-07
0.00025010000000000001,-3.1774878730479724e-08,1.1939669478663674e-07,-1.0172425182167819e-08,1.0380466085376091e-07
0.00025020000000000001,-2.5852232172131465e-08,1.1899663786275892e-07,-3.3573666506184951e-09,1.0306026202903681e-07
0.00025030000000000001,-1.9923527344339412e-08,1.1850416525242925e-07,3.4162362384285144e-09,1.0231950136629971e-07
0.00025040000000000001,-1.4008475974449862e-08,1.1791672171952212e-07,1.0147361005506243e-08,1.0158188820446349e-07
0.00025050000000000002,-8.1195908800695608e-09,1.1723276973627603e-07,1.6834926094005031e-08,1.0084707985913653e-07
0.00025060000000000002,-2.2592031316209827e-09,1.1645180287076363e-07,2.3477798536935888e-08,1.0011488754456768e-07
0.00025070000000000002,3.5817504605312964e-09,1.1557440897400148e-07,3.0074807337590623e-08,9.9385277314607212e-08
0.00025080000000000002,9.4230099141315661e-09,1.1460237367037574e-07,3.6624762352490275e-08,9.8658366049811665e-08
0.00025090000000000003,1.5292484606984714e-08,1.1353880286589374e-07,4.3126478283198033e-08,9.7934412677497246e-08
0.00025100000000000003,2.1222367311281168e-08,1.1238823436574674e-07,4.9578803214010104e-08,9.7213804963400375e-08
0.00025110000000000003,2.7244484091827061e-08,1.1115670487837471e-07,5.5980650980003618e-08,9.6497042352537575e-08
0.00025119999999999998,3.3385598836652568e-08,1.0985174059189003e-07,6.2331036517707043e-08,9.5784715458854469e-08
0.00025129999999999998,3.9663383228266024e-08,1.0848224716202541e-07,6.8629113242699237e-08,9.5077482904175973e-08
0.00025139999999999999,4.6083646232120688e-08,1.0705828745050926e-07,7.4874211416476952e-08,9.4376046284111545e-08
0.00025149999999999999,5.2639211973826133e-08,1.0559075099634428e-07,8.1065876411700463e-08,9.3681124089291212e-08
0.00025159999999999999,5.9310574786593107e-08,1.0409093572517446e-07,8.7203905760504565e-08,9.2993425433623281e-08
0.00025169999999999999,6.6068186692824755e-08,1.0257007731036465e-07,9.3288383876412623e-08,9.2313624436437208e-08
0.00025179999999999999,7.2875988400064626e-08,1.0103887254601846e-07,9.9319713375231953e-08,9.1642336072960026e-08
0.0002519,7.9695617430319844e-08,9.950704823429075e-08,1.0529864198384526e-07,9.0980094249119849e-08
0.000252,8.6490642530054135e-08,9.7983025378312955e-08,1.1122628411595938e-07,9.0327332774159366e-08
0.0002521,9.3230193234563388e-08,9.6473719827565821e-08,1.1710413630867997e-07,8.9684369801283135e-08
0.0002522,9.9891472004653529e-08,9.498450586541808e-08,1.2293408585031822e-07,8.9051396186036786e-08
0.00025230000000000001,1.0646083283420679e-07,9.3519350365431074e-08,1.2871841208498119e-07,8.8428468078775619e-08
0.00025240000000000001,1.1293335177093794e-07,9.2081104519208879e-08,1.3445978004963364e-07,8.7815503925812551e-08
0.00025250000000000001,1.193110618892323e-07,9.0671920494929233e-08,1.4016122628037937e-07,8.7212285908767596e-08
0.00025260000000000001,1.2560023809962106e-07,8.9293744369970813e-08,1.4582613681270891e-07,8.661846570796694e-08
0.00025270000000000002,1.3180826200138965e-07,8.7948826470764256e-08,1.5145821759071487e-07,8.6033574338304712e-08
0.00025280000000000002,1.3794065135162509e-07,8.6640187245477378e-08,1.5706145768863866e-07,8.5457035679425565e-08
0.00025290000000000002,1.4399879501262697e-07,8.5371981410297918e-08,1.6264008592977848e-07,8.4888183210225704e-08
0.00025300000000000002,1.4997880072508462e-07,8.4149714734418518e-08,1.6819852165859328e-07,8.4326279364244764e-08
0.00025310000000000003,1.5587166246608382e-07,8.298028490848048e-08,1.7374132057721499e-07,8.3770536850084159e-08
0.00025320000000000003,1.6166471993866722e-07,8.187183820919517e-08,1.792731166939082e-07,8.3220141231812055e-08
0.00025330000000000003,1.6734415365281204e-07,8.0833454476170198e-08,1.8479856154406094e-07,8.2674274039209226e-08
0.00025339999999999998,1.7289807290393677e-07,7.9874691594682903e-08,1.9032226193136526e-07,8.2132135677347416e-08
0.00025349999999999998,1.7831964152978758e-07,7.9005034934082764e-08,1.9584871749466531e-07,8.159296742842468e-08
0.00025359999999999998,1.8360966647507047e-07,7.8233305406975473e-08,2.0138225943273345e-07,8.1056071884899662e-08
0.00025369999999999999,1.8877815078492363e-07,7.7567081255785631e-08,2.0692699171321765e-07,8.0520831219316437e-08
0.00025379999999999999,1.9384447393918234e-07,7.7012183566008277e-08,2.1248673605263088e-07,7.998672278017359e-08
0.00025389999999999999,1.9883608292030858e-07,7.6572264965082762e-08,2.1806498188142082e-07,7.9453331601248272e-08
0.00025399999999999999,2.0378582184545245e-07,7.6248526800724423e-08,2.2366484240281684e-07,7.8920359520107148e-08
0.0002541,2.0872825702290294e-07,7.6039574509564487e-08,2.2928901771800372e-07,7.8387630716245285e-08
0.0002542,2.1369553068162808e-07,7.5941406146945852e-08,2.349397658259449e-07,7.7855093595961527e-08
0.0002543,2.1871337120885853e-07,7.5947517125459563e-08,2.4061888211713308e-07,7.7322819065963725e-08
0.0002544,2.2379788410953447e-07,7.6049096504024718e-08,2.4632768777106906e-07,7.6790995346571919e-08
0.00025450000000000001,2.2895364510651692e-07,7.6235287320795917e-08,2.5206702724243446e-07,7.6259919575134279e-08
0.00025460000000000001,2.3417342956066366e-07,7.6493485287681752e-08,2.5783727478603741e-07,7.5729986537468021e-08
0.00025470000000000001,2.3943966891332656e-07,7.6809655722412514e-08,2.6363834973223059e-07,7.5201674937819483e-08
0.00025480000000000001,2.4472746248139122e-07,7.7168656378858346e-08,2.6946973998867035e-07,7.4675531673748289e-08
0.00025490000000000002,2.5000873234010766e-07,7.7554562047013725e-08,2.7533053301802634e-07,7.4152154620899454e-08
0.00025500000000000002,2.5525692786922584e-07,7.7950993652124441e-08,2.8121945333104525e-07,7.3632174453090248e-08
0.00025510000000000002,2.6045159355073271e-07,7.8341458637409545e-08,2.8713490534666889e-07,7.311623602614886e-08
0.00025520000000000002,2.6558212407298618e-07,7.8709709791860978e-08,2.9307502031197252e-07,7.2604979840404356e-08
0.00025530000000000003,2.7065014408560909e-07,7.904012623353853e-08,2.9903770584978072e-07,7.2099024068167395e-08
0.00025540000000000003,2.7567014953235019e-07,7.9318113581363984e-08,3.0502069661557341e-07,7.1598947591239411e-08
0.00025550000000000003,2.8066830342146895e-07,7.9530511699217571e-08,3.1102160450166906e-07,7.1105274441632459e-08
0.00025559999999999998,2.8567955239362285e-07,7.9665989473065697e-08,3.1703796682779002e-07,7.0618459979186262e-08
0.00025569999999999998,2.9074347985727266e-07,7.9715398739727065e-08,3.2306729100448193e-07,7.0138879075251216e-08
0.00025579999999999998,2.9589949866762372e-07,7.9672055418843262e-08,3.2910709424919684e-07,6.9666816504878335e-08
0.00025589999999999999,3.0118208264597637e-07,7.9531916343336269e-08,3.3515493707280957e-07,6.9202459683702519e-08
0.00025599999999999999,3.0661672686380866e-07,7.9293625785640514e-08,3.4120844943350956e-07,6.8745893822002867e-08
0.00025609999999999999,3.1221721291852695e-07,7.895841597292995e-08,3.4726534867153214e-07,6.8297099509579648e-08
0.00025619999999999999,3.1798455476058958e-07,7.8529859901945968e-08,3.5332344858597761e-07,6.7855952692214972e-08
0.0002563,3.239077436800356e-07,7.8013490755322906e-08,3.5938065928736857e-07,6.7422226955013653e-08
0.0002564,3.2996613712888686e-07,7.7416318007827602e-08,3.6543497774877274e-07,6.699559798992687e-08
0.0002565,3.361330870300098e-07,7.6746283601782762e-08,3.7148446927561902e-07,6.6575650094759602e-08
0.0002566,3.4238021713732603e-07,7.6011710308989069e-08,3.775272404108346e-07,6.6161884527958505e-08
0.00025670000000000001,3.4868166421669662e-07,7.5220797078624987e-08,3.8356140407831776e-07,6.5753729527150204e-08
0.00025680000000000001,3.5501760864036084e-07,7.4381212093104986e-08,3.8958503803471764e-07,6.5350551788135385e-08
0.00025690000000000001,3.6137653456496864e-07,7.3499823643811409e-08,3.9559613793857824e-07,6.4951669193910606e-08
0.00025700000000000001,3.6775586045321326e-07,7.2582592950154733e-08,4.0159256654877933e-07,6.4556364578347819e-08
0.00025710000000000002,3.7416083644262154e-07,7.1634633619062564e-08,4.0757200072389298e-07,6.4163900305489327e-08
0.00025720000000000002,3.8060187674750968e-07,7.0660422046006946e-08,4.1353187800497982e-07,6.3773533441243642e-08
0.00025730000000000002,3.8709074136091057e-07,6.9664124349480812e-08,4.1946934462171095e-07,6.3384531288844708e-08
0.00025740000000000002,3.9363616429983524e-07,6.8649990881688691e-08,4.2538120676347277e-07,6.2996187052003489e-08
0.00025750000000000002,4.0023961776261921e-07,6.7622760910327616e-08,4.3126388690168523e-07,6.2607835379731472e-08
0.00025760000000000003,4.0689188904480676e-07,6.6588018853520756e-08,4.3711338683854608e-07,6.221886753486543e-08
0.00025770000000000003,4.1357103207802566e-07,6.555244963723872e-08,4.4292525899319787e-07,6.1828745914601896e-08
0.00025780000000000003,4.2024205575900044e-07,6.4523953504183211e-08,4.4869458722338058e-07,6.1437017637338207e-08
0.00025789999999999998,4.2685845731417184e-07,6.3511598231586488e-08,4.5441597822550043e-07,6.1043326896916217e-08
0.00025799999999999998,4.3336543929232589e-07,6.252540687378327e-08,4.6008356426597569e-07,6.0647425775193099e-08
0.00025809999999999999,4.3970440395284905e-07,6.1575999188023703e-08,4.6569101768050629e-07,6.0249183198495992e-08
0.00025819999999999999,4.4581813524318572e-07,6.0674122244999565e-08,4.7123157724559415e-07,5.9848591725220339e-08
0.00025829999999999999,4.5165598300671204e-07,5.9830118202323976e-08,4.7669808618789289e-07,5.9445771862847666e-08
0.00025839999999999999,4.5717836967041412e-07,5.9053383371115388e-08,4.820830412627312e-07,5.9040973634653181e-08
0.00025849999999999999,4.6236004409129815e-07,5.8351871967524139e-08,4.8737865201354336e-07,5.8634575151244756e-08
0.0002586,4.6719169322823974e-07,5.7731690694986117e-08,4.9257690902878699e-07,5.8227077990646011e-08
0.0002587,4.716797605104674e-07,5.7196817797878365e-08,4.9766965975122512e-07,5.7819099253661246e-08
0.0002588,4.7584457344883616e-07,5.6748964374621658e-08,5.0264869017418595e-07,5.7411360238134366e-08
0.0002589,4.797171137893055e-07,5.6387578819742915e-08,5.0750581058680613e-07,5.7004671765839775e-08
0.00025900000000000001,4.8333493723955679e-07,5.6109979594346847e-08,5.1223294341044465e-07,5.6599916296790131e-08
0.00025910000000000001,4.8673784189376321e-07,5.5911589118781478e-08,5.1682221110426347e-07,5.619802707541185e-08
0.00025920000000000001,4.8996388345098727e-07,5.5786233881100499e-08,5.212660221107795e-07,5.5799964667453226e-08
0.00025930000000000001,4.9304624435947286e-07,5.5726473544321571e-08,5.255571528614504e-07,5.5406691361950385e-08
0.00025940000000000002,4.9601130021769055e-07,5.5723924778094437e-08,5.2968882396545079e-07,5.5019144023889596e-08
0.00025950000000000002,4.9887801818369327e-07,5.5769552840592597e-08,5.3365476885783855e-07,5.4638206085734864e-08
0.00025960000000000002,5.0165860318828025e-07,5.5853914112158284e-08,5.3744929338062983e-07,5.4264679454363505e-08
0.00025970000000000002,5.0436011359651939e-07,5.5967344019783505e-08,5.4106732500516939e-07,5.389925717894347e-08
0.00025980000000000003,5.069866289719762e-07,5.6100095241018844e-08,5.4450445066856467e-07,5.3542497770451746e-08
0.00025990000000000003,5.0954148953260542e-07,5.6242439140592804e-08,5.4775694248268601e-07,5.3194802080343355e-08
0.00026000000000000003,5.1202914774478039e-07,5.638474796784392e-08,5.5082177087247535e-07,5.2856393631237986e-08
0.00026009999999999998,5.1445627142153949e-07,5.6517575966830541e-08,5.5369660500196348e-07,5.2527303244040103e-08
0.00026019999999999998,5.1683189609892281e-07,5.6631754450550332e-08,5.5637980064340281e-07,5.2207358722635856e-08
0.00026029999999999998,5.191666142569276e-07,5.6718509913028016e-08,5.5887037592927208e-07,5.1896180239502663e-08
0.00026039999999999999,5.2147097719390074e-07,5.6769606698653843e-08,5.6116797569146614e-07,5.1593181915319492e-08
0.00026049999999999999,5.2375343973526107e-07,5.6777508135071655e-08,5.6327282533100615e-07,5.1297579905987885e-08
0.00026059999999999999,5.2601827207115736e-07,5.6735543833394965e-08,5.6518567537040404e-07,5.1008407106549059e-08
0.00026069999999999999,5.2826388074470241e-07,5.6638067235679961e-08,5.6690773801590404e-07,5.0724534359342488e-08
0.0002608,5.304819189268749e-07,5.6480587113726176e-08,5.6844061719627584e-07,5.0444697820823325e-08
0.0002609,5.3265743482391812e-07,5.6259859654955521e-08,5.6978623364785364e-07,5.0167531906118189e-08
0.000261,5.3477012834323448e-07,5.5973933453357316e-08,5.7094674668269899e-07,4.989160700175691e-08
0.0002611,5.3679659013919971e-07,5.5622147080910914e-08,5.7192447430953679e-07,4.9615470924221858e-08
0.00026120000000000001,5.3871321723497912e-07,5.5205086540452626e-08,5.7272181337784654e-07,4.9337692914456845e-08
0.00026130000000000001,5.4049936664743904e-07,5.4724516300557697e-08,5.7334116138750106e-07,4.9056908805006843e-08
0.00026140000000000001,5.421402464486138e-07,5.4183301468103225e-08,5.7378484155249734e-07,4.8771865885009175e-08
0.00026150000000000001,5.4362906464425087e-07,5.3585339059078806e-08,5.7405503263195378e-07,4.8481465925478523e-08
0.00026160000000000002,5.4496805868604336e-07,5.2935512962894324e-08,5.7415370494710791e-07,4.8184804818465684e-08
0.00026170000000000002,5.4616819732660796e-07,5.2239680404449312e-08,5.740825638936836e-07,4.7881207331834713e-08
0.00026180000000000002,5.4724755551268771e-07,5.1504688471100498e-08,5.7384300213646044e-07,4.757025558782419e-08
0.00026190000000000002,5.4822857852809551e-07,5.0738409067301349e-08,5.7343606153959306e-07,4.72518100368537e-08
0.00026200000000000003,5.4913463823767028e-07,4.9949771244185957e-08,5.7286240574327316e-07,4.6926021915012704e-08
0.00026210000000000003,5.49986410545313e-07,4.9148762982648721e-08,5.7212230414513805e-07,4.6593336438011868e-08
0.00026220000000000003,5.5079864667719982e-07,4.8346371660105962e-08,5.7121562788338376e-07,4.6254486288494665e-08
0.00026229999999999998,5.5157786219843165e-07,4.7554434540193233e-08,5.7014185824659613e-07,4.5910475287100787e-08
0.00026239999999999998,5.5232133209700377e-07,4.6785377913898657e-08,5.6890010775258574e-07,4.5562552489148105e-08
0.00026249999999999998,5.5301757739772121e-07,4.6051835424504741e-08,5.6748915394221309e-07,4.5212177305130889e-08
0.00026259999999999999,5.5364828960359189e-07,4.5366151317314056e-08,5.6590748572461117e-07,4.4860976590972346e-08
0.00026269999999999999,5.5419140153008165e-07,4.4739790972443376e-08,5.6415336188502211e-07,4.451069497899973e-08
0.00026279999999999999,5.5462481536933132e-07,4.4182696874228808e-08,5.6222488112615585e-07,4.4163140009436928e-08
0.00026289999999999999,5.5493017436746423e-07,4.3702640887671883e-08,5.6012006275894817e-07,4.3820123862295224e-08
0.000263,5.5509603584478366e-07,4.3304631391412331e-08,5.5783693689045241e-07,4.3483403669253866e-08
0.0002631,5.5511987834761448e-07,4.2990435083894689e-08,5.5537364267880374e-07,4.3154622495749614e-08
0.0002632,5.5500854613117413e-07,4.2758267558179737e-08,5.5272853294217864e-07,4.2835253117597836e-08
0.0002633,5.5477697616262756e-07,4.2602694355992922e-08,5.499002831270112e-07,4.2526546670606773e-08
0.00026340000000000001,5.5444533051402612e-07,4.2514766368299685e-08,5.4688800236782967e-07,4.222948812425887e-08
0.00026350000000000001,5.5403492765111886e-07,4.2482392089837408e-08,5.4369134411682726e-07,4.1944760324448915e-08
0.00026360000000000001,5.5356358660061669e-07,4.2490926790068535e-08,5.4031061359558264e-07,4.1672718070470032e-08
0.00026370000000000001,5.5304113148765662e-07,4.2523937737929685e-08,5.3674686913610153e-07,4.1413373346979349e-08
0.00026380000000000002,5.5246582586079492e-07,4.2564087650516017e-08,5.330020143452731e-07,4.1166392433751946e-08
0.00026390000000000002,5.5182240829814355e-07,4.2594067480150925e-08,5.290788779578026e-07,4.0931105178936572e-08
0.00026400000000000002,5.5108219286091803e-07,4.259750572971494e-08,5.2498127824932723e-07,4.0706526261189157e-08
0.00026410000000000002,5.5020540703164511e-07,4.255978502980431e-08,5.2071406897386866e-07,4.0491387799949241e-08
0.00026420000000000003,5.4914560641969076e-07,4.2468707150554069e-08,5.1628316397659781e-07,4.0284182219727848e-08
0.00026430000000000003,5.4785567816689337e-07,4.2314963568335116e-08,5.1169553792043462e-07,4.0083213851536225e-08
0.00026440000000000003,5.4629467288739577e-07,4.2092388162749892e-08,5.0695920095661232e-07,3.9886657380542368e-08
0.00026450000000000003,5.444345308663213e-07,4.1797989247483388e-08,5.0208314566494043e-07,3.9692620939328848e-08
0.00026459999999999998,5.4226572182992896e-07,4.1431777583635157e-08,4.970772651855165e-07,3.9499211415306567e-08
0.00026469999999999998,5.3980091083129171e-07,4.0996423213359557e-08,4.9195224215221011e-07,3.9304599399466655e-08
0.00026479999999999999,5.3707598764313204e-07,4.0496785348009776e-08,4.8671940880753509e-07,3.9107081160214333e-08
0.00026489999999999999,5.3414812619122349e-07,3.993936531489159e-08,4.8139057951233739e-07,3.8905135084066058e-08
0.00026499999999999999,5.310909308931143e-07,3.9331732642051522e-08,4.7597785774245975e-07,3.8697470185022499e-08
0.00026509999999999999,5.2798712527240575e-07,3.8681969391108161e-08,4.704934205643061e-07,3.8483064542094272e-08
0.0002652,5.2491958937766971e-07,3.7998169056616058e-08,4.6494928447577839e-07,3.8261191871797245e-08
0.0002653,5.2196180620167345e-07,3.728801531513355e-08,4.5935705735965005e-07,3.8031434867430392e-08
0.0002654,5.1916889591905295e-07,3.6558454308597212e-08,4.5372768209266502e-07,3.7793684424042712e-08
0.0002655,5.1657038088880996e-07,3.5815463517411345e-08,4.4807117805516313e-07,3.7548124399142961e-08
0.0002656,5.141656356436101e-07,3.506391179413933e-08,4.4239638736253192e-07,3.729520211347066e-08
0.00026570000000000001,5.1192265726955664e-07,3.4307499467903536e-08,4.3671073306333076e-07,3.7035585351995352e-08
0.00026580000000000001,5.0978038358376692e-07,3.3548764724629899e-08,4.3101999679380046e-07,3.6770107159824849e-08
0.00026590000000000001,5.0765434287924815e-07,3.2789142344667178e-08,4.2532812342359184e-07,3.6499700219289742e-08
0.00026600000000000001,5.0544499855091089e-07,3.2029062576522158e-08,4.1963706005630344e-07,3.6225323021719376e-08
0.00026610000000000002,5.0304781065972558e-07,3.1268080473470491e-08,4.1394663635058122e-07,3.5947880392542305e-08
0.00026620000000000002,5.0036381993279265e-07,3.0505028440194291e-08,4.0825449249921741e-07,3.5668141175103648e-08
0.00026630000000000002,4.9730949657479446e-07,2.9738186233157083e-08,4.0255606034840225e-07,3.5386656015822576e-08
0.00026640000000000002,4.9382469466106913e-07,2.8965462765380841e-08,3.9684460206813815e-07,3.5103678213381163e-08
0.00026650000000000003,4.8987779919262535e-07,2.8184582729801853e-08,3.9111130951651285e-07,3.4819090494985068e-08
0.00026660000000000003,4.8546751381332087e-07,2.7393268635635313e-08,3.853454660010831e-07,3.453234036580306e-08
0.00026670000000000003,4.8062116438799976e-07,2.6589406046841813e-08,3.7953467056315707e-07,3.4242386350813175e-08
0.00026679999999999998,4.7538983045915913e-07,2.5771177514827849e-08,3.7366512323473012e-07,3.3947657023662792e-08
0.00026689999999999998,4.6984100581644603e-07,2.4937149818196701e-08,3.6772196798760781e-07,3.3646024211305746e-08
0.00026699999999999998,4.6404978097747573e-07,2.4086300396073418e-08,3.6168968835840287e-07,3.3334791196572858e-08
0.00026709999999999999,4.5808969804714936e-07,2.3217972685543132e-08,3.555525490428593e-07,3.3010696136646901e-08
0.00026719999999999999,4.52024434395573e-07,2.2331756397392144e-08,3.492950751603164e-07,3.266993029930132e-08
0.00026729999999999999,4.459013285456169e-07,2.1427297054112411e-08,3.429025594457631e-07,3.2308170116971592e-08
0.00026739999999999999,4.3974749193724091e-07,2.0504048402252289e-08,3.3636158638163277e-07,3.1920621497803017e-08
0.0002675,4.3356889239808668e-07,1.9560990322510719e-08,3.2966056127957405e-07,3.1502074337925717e-08
0.0002676,4.2735239839504218e-07,1.8596342199888261e-08,3.227902316030938e-07,3.1046964773064321e-08
0.0002677,4.2107039042593437e-07,1.7607306085343332e-08,3.1574418741721258e-07,3.0549442409945364e-08
0.0002678,4.1468722675849996e-07,1.6589874396658913e-08,3.0851932778511204e-07,3.0003439603731122e-08
0.00026790000000000001,4.0816663471644344e-07,1.5538732879612708e-08,3.0111628021787529e-07,2.9402739807271574e-08
0.00026800000000000001,4.0147901052974142e-07,1.4447281196016525e-08,2.9353976092614116e-07,2.8741042115685628e-08
0.00026810000000000001,3.9460765741132739e-07,1.3307781567483355e-08,2.8579886461485453e-07,2.8012019364292571e-08
0.00026820000000000001,3.875531620307378e-07,1.2111631688133872e-08,2.7790727388659731e-07,2.7209367501673676e-08
0.00026830000000000002,3.8033537713993131e-07,1.0849743335353778e-08,2.698833799475259e-07,2.6326844439203419e-08
0.00026840000000000002,3.7299280434662395e-07,9.5129946461184877e-09,2.6175030820465976e-07,2.5358297154865211e-08
0.00026850000000000002,3.6557951145078119e-07,8.0927137014165466e-09,2.535358444574522e-07,2.429767647882968e-08
0.00026860000000000002,3.5816002897606451e-07,6.5811453532631162e-09,2.4527225966628926e-07,2.3139039683412018e-08
0.00026870000000000003,3.5080291209494521e-07,4.9718530663031154e-09,2.36996033665202e-07,2.1876541710043524e-08
0.00026880000000000003,3.4357379932551811e-07,3.2600131594743728e-09,2.2874748061176449e-07,2.0504416558867104e-08
0.00026890000000000003,3.3652883423020197e-07,1.4425697025769764e-09,2.2057028136712092e-07,1.9016951009662457e-08
0.00026899999999999998,3.2970924181525408e-07,-4.8176677145197077e-10,2.125109303068952e-07,1.7408453405091173e-08
0.00026909999999999998,3.2313768228377925e-07,-2.5126764047129688e-09,2.046181062145585e-07,1.5673220679510283e-08
0.00026919999999999998,3.1681676727499457e-07,-4.6485253213647121e-09,1.9694197884265719e-07,1.3805507134062268e-08
0.00026929999999999999,3.1072985088199298e-07,-6.8867660404689766e-09,1.8953346438879966e-07,1.1799498621065402e-08
0.00026939999999999999,3.048439351092033e-07,-9.2243984231740108e-09,1.824434444764516e-07,9.6492957941413354e-09
0.00026949999999999999,2.9911429019543076e-07,-1.16584403668901e-08,1.7572196421725079e-07,7.3489098974841182e-09
0.00026959999999999999,2.93490211162947e-07,-1.418635728171223e-08,1.6941742553482644e-07,4.8922742085077021e-09
0.0002697,2.8792123050535538e-07,-1.6806405222057971e-08,1.63575792134163e-07,2.2732737203943604e-09
0.0002698,2.8236308976054784e-07,-1.9517853615400627e-08,1.5823982230106006e-07,-5.1420503009007305e-10
0.0002699,2.7678283578310312e-07,-2.2321068396200773e-08,1.5344834512124524e-07,-3.476202896285436e-09
0.00027,2.7116253753403383e-07,-2.5217453128931585e-08,1.4923559473708498e-07,-6.6185956382418664e-09
0.00027010000000000001,2.655012961095198e-07,-2.8209262301320498e-08,1.4563061594188385e-07,-9.9469808263234747e-09
0.00027020000000000001,2.5981542088833148e-07,-3.1299315374126584e-08,1.4265675278706162e-07,-1.3466545948650735e-08
0.00027030000000000001,2.5413684408136128e-07,-3.4490650706698569e-08,1.4033122999414438e-07,-1.7181920540487573e-08
0.00027040000000000001,2.4851002315889933e-07,-3.7786163998283419e-08,1.3866483487641841e-07,-2.1097016101661012e-08
0.00027050000000000002,2.4298771893172154e-07,-4.1188275922619887e-08,1.3766170524343403e-07,-2.5214858420646731e-08
0.00027060000000000002,2.3762612588967954e-07,-4.4698668420737189e-08,1.3731922644830864e-07,-2.9537417642080407e-08
0.00027070000000000002,2.3247986664002341e-07,-4.8318119530587994e-08,1.3762803840545342e-07,-3.4065441962218436e-08
0.00027080000000000002,2.2759734578969361e-07,-5.2046454048144195e-08,1.3857215111721482e-07,-3.8798301184727895e-08
0.00027090000000000003,2.2301689705723535e-07,-5.5882613403778036e-08,1.4012916506018822e-07,-4.3733846493827868e-08
0.00027100000000000003,2.1876406076453214e-07,-5.982483463189202e-08,1.4227059074949108e-07,-4.8868292688330067e-08
0.00027110000000000003,2.1485020884303345e-07,-6.3870916773757599e-08,1.4496225996822291e-07,-5.4196128762504041e-08
0.00027120000000000003,2.1127260308100579e-07,-6.8018544684144788e-08,1.4816481955924123e-07,-5.9710062121154004e-08
0.00027129999999999998,2.0801584073796777e-07,-7.2265635718742786e-08,1.5183429735645439e-07,-6.5401000889885487e-08
0.00027139999999999998,2.0505451961321957e-07,-7.6610674320877037e-08,1.5592272880372871e-07,-7.1258077749429318e-08
0.00027149999999999999,2.0235685021507091e-07,-8.105300274032936e-08,1.6037883208145893e-07,-7.7268717516093596e-08
0.00027159999999999999,1.9988886217581728e-07,-8.5593042218498512e-08,1.651487191345969e-07,-8.3418749347796152e-08
0.00027169999999999999,1.9761880028904619e-07,-9.0232426904805366e-08,1.701766298628064e-07,-8.9692563021650345e-08
0.00027179999999999999,1.9552128589174157e-07,-9.4974041377165365e-08,1.7540567687658179e-07,-9.6073307255244159e-08
0.0002719,1.935808337341491e-07,-9.9821960854761057e-08,1.8077858861793374e-07,-1.0254312658210385e-07
0.000272,1.9179436331143675e-07,-1.0478130017420931e-07,1.8623843926053927e-07,-1.0908343189718025e-07
0.0002721,1.901724252103615e-07,-1.0985798283769541e-07,1.9172935460684301e-07,-1.1567519851309178e-07
0.0002722,1.8873897324593804e-07,-1.1505844478340731e-07,1.9719718415105839e-07,-1.2229928446281925e-07
0.00027230000000000001,1.8752964511887657e-07,-1.2038928915824031e-07,2.025901305380995e-07,-1.2893676089409419e-07
0.00027240000000000001,1.8658865820162588e-07,-1.2585690872412087e-07,2.0785932878075702e-07,-1.3556924576329977e-07
0.00027250000000000001,1.859645704535441e-07,-1.3146709216524865e-07,2.1295936876455068e-07,-1.4217923168119383e-07
0.00027260000000000001,1.8570528518952675e-07,-1.3722463003997309e-07,2.1784875573819167e-07,-1.4875039870928005e-07
0.00027270000000000001,1.8585277783415114e-07,-1.431329358610628e-07,2.2249030462896891e-07,-1.5526790316249369e-07
0.00027280000000000002,1.8643807948597479e-07,-1.4919369798887231e-07,2.2685146511360688e-07,-1.6171863403870871e-07
0.00027290000000000002,1.8747705584103767e-07,-1.5540657860977382e-07,2.3090457539837954e-07,-1.6809142955412113e-07
0.00027300000000000002,1.8896746547772099e-07,-1.6176897671484633e-07,2.3462704360722452e-07,-1.7437724739078431e-07
0.00027310000000000002,1.9088766973127676e-07,-1.6827587216634407e-07,2.380014565379858e-07,-1.8056928362271181e-07
0.00027320000000000003,1.9319720547945711e-07,-1.7491976703371957e-07,2.4101561632582922e-07,-1.866630368352457e-07
0.00027330000000000003,1.9583923705792006e-07,-1.8169073783853054e-07,2.4366250625572532e-07,-1.9265631563659545e-07
0.00027340000000000003,1.9874469480122395e-07,-1.8857660779336013e-07,2.4594018760281649e-07,-1.9854918952208904e-07
0.00027349999999999998,2.0183770943421904e-07,-1.9556324147240699e-07,2.4785162996407968e-07,-2.0434388482925176e-07
0.00027359999999999998,2.0504178842445696e-07,-2.0263495588879473e-07,2.4940447809239979e-07,-2.1004462925205263e-07
0.00027369999999999998,2.0828607455456228e-07,-2.097750323218601e-07,2.5061075877062453e-07,-2.1565745000345412e-07
0.00027379999999999999,2.1151099473176222e-07,-2.169663033959613e-07,2.5148653178338615e-07,-2.2118993216819756e-07
0.00027389999999999999,2.146726563926935e-07,-2.2419178102141048e-07,2.5205148957118882e-07,-2.2665094501943048e-07
0.00027399999999999999,2.1774547773457429e-07,-2.3143528407571734e-07,2.5232851069350069e-07,-2.3205034503808723e-07
0.00027409999999999999,2.2072273396500163e-07,-2.3868202120935636e-07,2.5234317279072428e-07,-2.373986650372672e-07
0.0002742,2.2361494302586371e-07,-2.4591908468766934e-07,2.5212323131808213e-07,-2.4270679913022821e-07
0.0002743,2.2644627209532622e-07,-2.5313581607794764e-07,2.5169807092241512e-07,-2.4798569327741529e-07
0.0002744,2.2924938846608501e-07,-2.6032401368933748e-07,2.5109813693334993e-07,-2.5324605080491443e-07
0.0002745,2.3205937373996616e-07,-2.6747796427222584e-07,2.5035435502660868e-07,-2.5849806161632018e-07
0.00027460000000000001,2.349074422724673e-07,-2.7459429640989697e-07,2.4949754766661959e-07,-2.6375116284696656e-07
0.00027470000000000001,2.3781523580888234e-07,-2.8167166877003148e-07,2.4855785642180039e-07,-2.6901383746992154e-07
0.00027480000000000001,2.407904000963717e-07,-2.8871032124294572e-07,2.4756417963927122e-07,-2.7429345590334083e-07
0.00027490000000000001,2.4382399242620908e-07,-2.9571152933559502e-07,2.4654363523469275e-07,-2.7959616404304261e-07
0.00027500000000000002,2.4689004022706142e-07,-3.0267701062427817e-07,2.4552105846634465e-07,-2.8492681941376411e-07
0.00027510000000000002,2.4994729864601718e-07,-3.0960833563439562e-07,2.4451854448998652e-07,-2.9028897536178172e-07
0.00027520000000000002,2.5294297451709358e-07,-3.1650639380962047e-07,2.4355504520603009e-07,-2.9568491146724708e-07
0.00027530000000000002,2.5581793196091333e-07,-3.2337095846540654e-07,2.4264602939115035e-07,-3.0111570670163151e-07
0.00027540000000000003,2.5851270459564264e-07,-3.3020038359201255e-07,2.4180321433731014e-07,-3.0658135035602506e-07
0.00027550000000000003,2.6097353664013605e-07,-3.3699145136853342e-07,2.4103437619488367e-07,-3.1208088447528861e-07
0.00027560000000000003,2.6315767426856748e-07,-3.437393738866422e-07,2.4034324493460526e-07,-3.1761257049912936e-07
0.00027569999999999998,2.6503723009219621e-07,-3.5043793759870273e-07,2.3972948831699042e-07,-3.2317407207137237e-07
0.00027579999999999998,2.6660113445925507e-07,-3.5707976604380406e-07,2.3918878750880269e-07,-3.2876264555959708e-07
0.00027589999999999998,2.6785494210144748e-07,-3.63656666816826e-07,2.3871300504622507e-07,-3.3437532974252571e-07
0.00027599999999999999,2.6881854746342831e-07,-3.7016002342683775e-07,2.3829044375484502e-07,-3.4000912637292737e-07
0.00027609999999999999,2.6952213861353436e-07,-3.7658119199041597e-07,2.3790619304761693e-07,-3.4566116389693544e-07
0.00027619999999999999,2.7000095079141032e-07,-3.8291186640114641e-07,2.3754255679183322e-07,-3.5132883748208443e-07
0.00027629999999999999,2.7028953540604443e-07,-3.8914438296977503e-07,2.3717955472813002e-07,-3.5700991963935023e-07
0.0002764,2.704163180951571e-07,-3.9527194540256091e-07,2.3679548730677089e-07,-3.6270263707291447e-07
0.0002765,2.7039917299846301e-07,-4.012887620074149e-07,2.3636755184781783e-07,-3.6840571090014006e-07
0.0002766,2.7024259664221811e-07,-4.071900977726171e-07,2.3587249620082744e-07,-3.7411835899295395e-07
0.0002767,2.6993684399877544e-07,-4.129722531756543e-07,2.352872946415478e-07,-3.7984026083544097e-07
0.00027680000000000001,2.6945912200785901e-07,-4.1863248827096749e-07,2.3458982965659453e-07,-3.8557148690563044e-07
0.00027690000000000001,2.6877665889209341e-07,-4.241689142004424e-07,2.3375956258310595e-07,-3.9131239610783564e-07
0.00027700000000000001,2.6785121874068476e-07,-4.295803746456165e-07,2.3277817582931892e-07,-3.970635061452969e-07
0.00027710000000000001,2.6664444361354332e-07,-4.3486633720517941e-07,2.3163016963093131e-07,-4.0282534287725043e-07
0.00027720000000000002,2.6512330453170095e-07,-4.4002680990132752e-07,2.3030339701142399e-07,-4.08598275605156e-07
0.00027730000000000002,2.6326494068339896e-07,-4.450622918952461e-07,2.2878952181010317e-07,-4.1438234584389699e-07
0.00027740000000000002,2.6106026171516038e-07,-4.4997376101625142e-07,2.2708438630272232e-07,-4.20177097432709e-07
0.00027750000000000002,2.5851586637416029e-07,-4.5476269481301225e-07,2.2518827703302684e-07,-4.2598141581625246e-07
0.00027760000000000003,2.556540660813074e-07,-4.5943111726331793e-07,2.2310607995167977e-07,-4.3179338398108647e-07
0.00027770000000000003,2.525110608536729e-07,-4.639816604965748e-07,2.2084731875957524e-07,-4.3761016188192818e-07
0.00027780000000000003,2.491335612916604e-07,-4.6841763003433627e-07,2.184260734009585e-07,-4.4342789526280434e-07
0.00027790000000000003,2.4557435043482198e-07,-4.7274306297009696e-07,2.1586077886375543e-07,-4.4924165860918207e-07
0.00027799999999999998,2.4188740657649535e-07,-4.7696277076647206e-07,2.1317390772712647e-07,-4.5504543560607118e-07
0.00027809999999999998,2.3812324669007733e-07,-4.8108236135961864e-07,2.1039154315284739e-07,-4.6083213897998345e-07
0.00027819999999999999,2.3432509674766485e-07,-4.8510823839109295e-07,2.0754285214827763e-07,-4.6659367002978017e-07
0.00027829999999999999,2.3052635961359349e-07,-4.8904757806227101e-07,2.0465947183770123e-07,-4.7232101656729012e-07
0.00027839999999999999,2.2674965437993221e-07,-4.9290828590862681e-07,2.0177482407278574e-07,-4.7800438645633142e-07
0.00027849999999999999,2.2300747209963916e-07,-4.9669893652172031e-07,1.9892337590796098e-07,-4.8363337252089863e-07
0.0002786,2.1930426482392654e-07,-5.0042869894596293e-07,1.9613986518910471e-07,-4.891971433459701e-07
0.0002787,2.1563958972179895e-07,-5.041072494019075e-07,1.9345851169449842e-07,-4.9468465346771648e-07
0.0002788,2.1201179449586341e-07,-5.0774467155090173e-07,1.9091223488187592e-07,-5.0008486568469848e-07
0.0002789,2.0842167188481049e-07,-5.1135134319960573e-07,1.8853189930809067e-07,-5.0538697774723727e-07
0.00027900000000000001,2.0487553597531923e-07,-5.1493780760054293e-07,1.8634560819123249e-07,-5.1058064551737399e-07
0.00027910000000000001,2.0138727556227351e-07,-5.185146276693428e-07,1.8437806439004693e-07,-5.1565619484135424e-07
0.00027920000000000001,1.9797910322473884e-07,-5.220922226529489e-07,1.8265001631303406e-07,-5.2060481483362339e-07
0.00027930000000000001,1.9468091817117169e-07,-5.256806889618392e-07,1.811778039881451e-07,-5.2541872601553928e-07
0.00027940000000000002,1.915284067490678e-07,-5.2928960971789659e-07,1.7997301778869734e-07,-5.3009131775250478e-07
0.00027950000000000002,1.8856018706489319e-07,-5.3292786058652983e-07,1.7904227920216707e-07,-5.3461725064758838e-07
0.00027960000000000002,1.8581443766983246e-07,-5.3660342207812884e-07,1.7838714963760059e-07,-5.3899252092831859e-07
0.00027970000000000002,1.8332551656297021e-07,-5.4032321014325821e-07,1.7800416969603722e-07,-5.4321448534871528e-07
0.00027980000000000002,1.8112106767509349e-07,-5.4409293707782487e-07,1.7788502768330894e-07,-5.4728184666032342e-07
0.00027990000000000003,1.7922003030521815e-07,-5.4791701322641452e-07,1.7801685253537262e-07,-5.5119460122111924e-07
0.00028000000000000003,1.7763182579940536e-07,-5.5179849671307914e-07,1.7838262286129806e-07,-5.5495395174791084e-07
0.00028010000000000003,1.7635681645529502e-07,-5.5573909371320456e-07,1.7896168059149032e-07,-5.5856218951835345e-07
0.00028019999999999998,1.7538794063587658e-07,-5.5973920614577473e-07,1.7973033484418245e-07,-5.6202255143995594e-07
0.00028029999999999998,1.7471325303547472e-07,-5.6379801784969497e-07,1.8066253917600209e-07,-5.6533905828155166e-07
0.00028039999999999999,1.7431896490976859e-07,-5.6791360514766739e-07,1.8173062343283911e-07,-5.6851634097231804e-07
0.00028049999999999999,1.7419250464672946e-07,-5.720830540118351e-07,1.8290606001988372e-07,-5.7155946219164763e-07
0.00028059999999999999,1.7432511441983081e-07,-5.7630256449681042e-07,1.8416024360105017e-07,-5.7447374048787266e-07
0.00028069999999999999,1.7471356399569955e-07,-5.8056752411281889e-07,1.8546526303643195e-07,-5.772645838767778e-07
0.00028079999999999999,1.7536068845308214e-07,-5.8487253545787934e-07,1.8679464477063225e-07,-5.7993733929498248e-07
0.0002809,1.7627462472378187e-07,-5.8921138943266425e-07,1.8812404787505135e-07,-5.8249716344472069e-07
0.000281,1.7746680894421325e-07,-5.9357698309914485e-07,1.8943189248583415e-07,-5.849489195010994e-07
0.0002811,1.7894897673062726e-07,-5.9796118981200651e-07,1.9069990541188616e-07,-5.8729710290666178e-07
0.0002812,1.8072955701693601e-07,-6.0235469758153675e-07,1.919135691457758e-07,-5.8954579810368068e-07
0.00028130000000000001,1.8280994692044558e-07,-6.0674683862090948e-07,1.9306246331405033e-07,-5.9169866661089204e-07
0.00028140000000000001,1.8518118728590127e-07,-6.1112543770940398e-07,1.941404906630649e-07,-5.9375896539882085e-07
0.00028150000000000001,1.8782152190765129e-07,-6.1547670863756061e-07,1.9514598289664174e-07,-5.9572959311857631e-07
0.00028160000000000001,1.9069522287776202e-07,-6.1978522621753644e-07,1.9608168496461201e-07,-5.9761316045163288e-07
0.00028170000000000002,1.9375291328156013e-07,-6.2403399618308728e-07,1.9695461964937617e-07,-5.9941207972750783e-07
0.00028180000000000002,1.9693343618021102e-07,-6.2820463722878515e-07,1.977758374171533e-07,-6.011286680500756e-07
0.00028190000000000002,2.0016712881589327e-07,-6.3227767927624698e-07,1.9856005940489679e-07,-6.0276525751981495e-07
0.00028200000000000002,2.0338018722097925e-07,-6.3623297090509706e-07,1.9932522402527963e-07,-6.0432430576759804e-07
0.00028210000000000003,2.0649967045915112e-07,-6.4005017798211736e-07,2.0009194992474641e-07,-6.0580849994151937e-07
0.00028220000000000003,2.0945861205142389e-07,-6.4370934608020967e-07,2.0088292987094942e-07,-6.0722084751681451e-07
0.00028230000000000003,2.1220068822651809e-07,-6.4719149234862571e-07,2.017222715380453e-07,-6.0856474782131439e-07
0.00028239999999999998,2.1468393999001246e-07,-6.5047918883138958e-07,2.0263480207878096e-07,-6.0984403896536032e-07
0.00028249999999999998,2.1688315220267912e-07,-6.5355709920182127e-07,2.0364535381411175e-07,-6.1106301590346307e-07
0.00028259999999999998,2.1879064454423346e-07,-6.5641243443477934e-07,2.0477804834248909e-07,-6.1222641659371731e-07
0.00028269999999999999,2.2041540795034836e-07,-6.5903529961514423e-07,2.0605559589393474e-07,-6.1333937461006787e-07
0.00028279999999999999,2.2178070462237292e-07,-6.6141891308226779e-07,2.0749862586422942e-07,-6.1440733804495451e-07
0.00028289999999999999,2.2292041861564887e-07,-6.635596894060501e-07,2.0912506320734247e-07,-6.1543595605583329e-07
0.00028299999999999999,2.2387457822488446e-07,-6.6545718815516208e-07,2.109495637953178e-07,-6.1643093589577898e-07
0.0002831,2.2468455625302278e-07,-6.6711393997146811e-07,2.1298302003518539e-07,-6.1739787466498982e-07
0.0002832,2.253884810838074e-07,-6.685351692017835e-07,2.1523214602787472e-07,-6.1834207126877521e-07
0.0002833,2.2601735833335157e-07,-6.697284376296836e-07,2.1769914943172717e-07,-6.1926832511589563e-07
0.0002834,2.2659231453106988e-07,-6.7070323640258404e-07,2.2038149501915259e-07,-6.2018072889558327e-07
0.00028350000000000001,2.271232415723753e-07,-6.7147055311673709e-07,2.2327176275262432e-07,-6.2108246329653331e-07
0.00028360000000000001,2.2760895902412111e-07,-6.7204243857167194e-07,2.2635760111313661e-07,-6.2197560175402719e-07
0.00028370000000000001,2.2803883900268281e-07,-6.7243159354033063e-07,2.2962177444204113e-07,-6.2286093321945443e-07
0.00028380000000000001,2.283956743238566e-07,-6.7265099076183437e-07,2.3304230124814186e-07,-6.237378105415576e-07
0.00028390000000000002,2.2865943272300254e-07,-6.7271354201278112e-07,2.3659267882009632e-07,-6.2460403134318432e-07
0.00028400000000000002,2.2881144283453327e-07,-6.7263181522640675e-07,2.4024218809336302e-07,-6.2545575729644936e-07
0.00028410000000000002,2.2883851139165528e-07,-6.724178027093685e-07,2.4395627156526436e-07,-6.2628747647911607e-07
0.00028420000000000002,2.2873648029862828e-07,-6.7208273882682819e-07,2.4769697613605865e-07,-6.2709201208048531e-07
0.00028430000000000003,2.2851279543719399e-07,-6.7163696411608036e-07,2.5142345207400938e-07,-6.2786057916951532e-07
0.00028440000000000003,2.2818776916828354e-07,-6.7108983245275497e-07,2.5509249884676221e-07,-6.2858288959962021e-07
0.00028450000000000003,2.2779436340819095e-07,-6.704496582713613e-07,2.5865914831123341e-07,-6.2924730346492591e-07
0.00028459999999999998,2.2737648415091426e-07,-6.6972370148757813e-07,2.620772756871128e-07,-6.2984102390481112e-07
0.00028469999999999998,2.2698594359406669e-07,-6.6891818824116794e-07,2.6530022882789144e-07,-6.3035033053742299e-07
0.00028479999999999998,2.2667839463238806e-07,-6.6803836552242614e-07,2.6828146652025398e-07,-6.3076084544545453e-07
0.00028489999999999999,2.2650865812894971e-07,-6.6708858696312986e-07,2.7097519685948539e-07,-6.310578244897322e-07
0.00028499999999999999,2.2652593320468694e-07,-6.660724255581748e-07,2.7333700713819478e-07,-6.3122646582945782e-07
0.00028509999999999999,2.2676939678884884e-07,-6.6499280702354777e-07,2.7532447712461146e-07,-6.3125222691576291e-07
0.00028519999999999999,2.2726465861841502e-07,-6.6385215523847746e-07,2.7689776807441042e-07,-6.3112114091839781e-07
0.0002853,2.2802144567832034e-07,-6.6265253921297714e-07,2.7802018030139964e-07,-6.3082012355404087e-07
0.0002854,2.2903275550427076e-07,-6.6139580973445959e-07,2.7865867261691631e-07,-6.3033726160648796e-07
0.0002855,2.3027555551109438e-07,-6.6008371368009762e-07,2.7878433743060118e-07,-6.2966207504977954e-07
0.0002856,2.31712933652455e-07,-6.5871797519247842e-07,2.7837282578658397e-07,-6.2878574557996164e-07
0.00028570000000000001,2.3329744380806855e-07,-6.5730033556213139e-07,2.7740471709374685e-07,-6.2770130549397279e-07
0.00028580000000000001,2.3497525614098236e-07,-6.5583254757368964e-07,2.7586582880568212e-07,-6.2640378218162166e-07
0.00028590000000000001,2.3669063414544552e-07,-6.5431632487015425e-07,2.7374746182696179e-07,-6.248902949670502e-07
0.00028600000000000001,2.3839022721277617e-07,-6.5275325202027433e-07,2.7104657798067538e-07,-6.2316010259502162e-07
0.00028610000000000002,2.4002669494748368e-07,-6.5114466579090815e-07,2.6776590648257658e-07,-6.2121460124525903e-07
0.00028620000000000002,2.4156126475387121e-07,-6.4949152198012992e-07,2.6391397704214578e-07,-6.1905727451790522e-07
0.00028630000000000002,2.4296495795295371e-07,-6.4779426450202098e-07,2.595050779622207e-07,-6.1669359830723709e-07
0.00028640000000000002,2.4421838635694092e-07,-6.4605271385392476e-07,2.5455913844401919e-07,-6.1413090481780454e-07
0.00028650000000000003,2.4531020091766396e-07,-6.442659905060538e-07,2.4910153522706516e-07,-6.1137821113048959e-07
0.00028660000000000003,2.4623444480820435e-07,-6.4243248526567049e-07,2.431628247018652e-07,-6.0844601865763927e-07
0.00028670000000000003,2.4698720373083229e-07,-6.4054988367670008e-07,2.3677840271985887e-07,-6.0534609050726808e-07
0.00028680000000000003,2.4756303830210376e-07,-6.3861524562428885e-07,2.299880954764769e-07,-6.0209121418770274e-07
0.00028689999999999998,2.4795171464666774e-07,-6.3662513525703944e-07,2.2283568603956737e-07,-5.9869495721766577e-07
0.00028699999999999998,2.4813571483151871e-07,-6.345757908824568e-07,2.153683823120948e-07,-5.9517142306569622e-07
0.00028709999999999999,2.4808891172750407e-07,-6.3246332032283264e-07,2.0763623342431334e-07,-5.915350144403605e-07
0.00028719999999999999,2.4777664457631641e-07,-6.3028390485618829e-07,1.996915027128304e-07,-5.8780021031185088e-07
0.00028729999999999999,2.4715725005564067e-07,-6.2803399458131133e-07,1.915880065253345e-07,-5.8398136219870555e-07
0.00028739999999999999,2.4618491170165703e-07,-6.2571047982493629e-07,1.8338042905169875e-07,-5.8009251423934792e-07
0.0002875,2.4481351270735733e-07,-6.2331082675880358e-07,1.75123624187293e-07,-5.7614725043174059e-07
0.0002876,2.4300103657422898e-07,-6.2083317018218778e-07,1.6687191604651069e-07,-5.7215857121443175e-07
0.0002877,2.4071397567631691e-07,-6.1827636175787509e-07,1.5867841013103496e-07,-5.6813880032802817e-07
0.0002878,2.3793119138964372e-07,-6.15639977112617e-07,1.5059432729150689e-07,-5.640995216882385e-07
0.0002879,2.3464672431356546e-07,-6.1292428942236589e-07,1.4266837248180308e-07,-5.6005154486625078e-07
0.00028800000000000001,2.3087117332208083e-07,-6.1013021984536241e-07,1.34946149879393e-07,-5.5600489675319623e-07
0.00028810000000000001,2.2663143320465271e-07,-6.0725927612122828e-07,1.2746963522907618e-07,-5.5196883611937457e-07
0.00028820000000000001,2.2196878114805434e-07,-6.0431348977745607e-07,1.2027671526579696e-07,-5.4795188709556294e-07
0.00028830000000000001,2.1693550682998947e-07,-6.0129535991306273e-07,1.1340080280029673e-07,-5.4396188712467914e-07
0.00028840000000000002,2.1159046319007175e-07,-5.9820780794287091e-07,1.0687053453329616e-07,-5.4000604466943208e-07
0.00028850000000000002,2.0599405139988588e-07,-5.9505414363351788e-07,1.0070955693337643e-07,-5.3609100191875007e-07
0.00028860000000000002,2.0020322632834976e-07,-5.918380389604044e-07,9.4936403612401568e-08,-5.3222289790588396e-07
0.00028870000000000002,1.9426710821451495e-07,-5.8856350343631972e-07,8.956446560902778e-08,-5.2840742781996986e-07
0.00028880000000000003,1.8822371213012879e-07,-5.8523485313095821e-07,8.4602053899984721e-08,-5.2464989483665686e-07
0.00028890000000000003,1.8209816850593444e-07,-5.8185666590598498e-07,8.0052551358530737e-08,-5.2095525148292224e-07
0.00028900000000000003,1.7590262321851806e-07,-5.7843371743970979e-07,7.5914649329722304e-08,-5.1732812835108475e-07
0.00028909999999999998,1.6963779821044188e-07,-5.7497089612576627e-07,7.2182662053052423e-08,-5.1377284884785566e-07
0.00028919999999999998,1.6329598994349499e-07,-5.7147309936567692e-07,6.8846910391820738e-08,-5.1029342956562043e-07
0.00028929999999999998,1.5686510912007144e-07,-5.6794511842381555e-07,6.5894164778886824e-08,-5.0689356675257864e-07
0.00028939999999999999,1.5033324294610931e-07,-5.6439152309188498e-07,6.3308136007152443e-08,-5.0357661019703956e-07
0.00028949999999999999,1.4369316572459458e-07,-5.6081656018266989e-07,6.107000151938273e-08,-5.003455265910115e-07
0.00028959999999999999,1.3694624090175404e-07,-5.5722408076512871e-07,5.9158954215451015e-08,-4.972028550680832e-07
0.00028969999999999999,1.3010524443470175e-07,-5.5361750974527059e-07,5.7552760515036003e-08,-4.9415065809339165e-07
0.0002898,1.2319578313802444e-07,-5.4999986788298174e-07,5.6228314498047458e-08,-4.9119047120032817e-07
0.0002899,1.1625616293184274e-07,-5.4637385093365136e-07,5.5162175389840172e-08,-4.8832325520755391e-07
0.00029,1.0933575660815597e-07,-5.4274196392739348e-07,5.4331076448355407e-08,-4.855493545074669e-07
0.0002901,1.0249210359679482e-07,-5.3910670147586545e-07,5.3712394419121985e-08,-4.8286846479766799e-07
0.00029020000000000001,9.5787122147244848e-08,-5.3547075836091207e-07,5.3284570115089304e-08,-4.8027961324223484e-07
0.00029030000000000001,8.9282909417841929e-08,-5.3183724942252296e-07,5.3027472305812643e-08,-4.7778115351924235e-07
0.00029040000000000001,8.3037636665011306e-08,-5.2820991468889459e-07,5.2922698911698453e-08,-4.7537077755992034e-07
0.00029050000000000001,7.7102013145231163e-08,-5.2459328528397067e-07,5.295381143532958e-08,-4.7304554504355057e-07
0.00029060000000000002,7.1516700180792342e-08,-5.2099278808054633e-07,5.3106500561173654e-08,-4.7080193091472032e-07
0.00029070000000000002,6.6310920241817323e-08,-5.1741477215066834e-07,5.3368682854211549e-08,-4.686358903716976e-07
0.00029080000000000002,6.1502344320309831e-08,-5.1386644726839415e-07,5.3730530424331619e-08,-4.6654293997298851e-07
0.00029090000000000002,5.7098176311707485e-08,-5.1035573323658525e-07,5.4184437237522538e-08,-4.6451825275927561e-07
0.00029100000000000003,5.3097207080830963e-08,-5.0689102766250473e-07,5.4724927392452429e-08,-4.6255676462259515e-07
0.00029110000000000003,4.949250154129196e-08,-5.0348090797714125e-07,5.5348512094165835e-08,-4.6065328860298375e-07
0.00029120000000000003,4.6274321967921669e-08,-5.0013379005132475e-07,5.6053503206572487e-08,-4.5880263337867463e-07
0.00029129999999999998,4.3432885385825541e-08,-4.9685756998864043e-07,5.683979212225626e-08,-4.5699972195712031e-07
0.00029139999999999998,4.0960600264962755e-08,-4.9365927715096267e-07,5.7708603233279498e-08,-4.5523970648162165e-07
0.00029149999999999998,3.8853519069575227e-08,-4.9054476512373221e-07,5.8662231511962678e-08,-4.5351807514612229e-07
0.00029159999999999999,3.7111864298294661e-08,-4.8751846342694711e-07,5.9703773619509389e-08,-4.5183074745518788e-07
0.00029169999999999999,3.5739619148162218e-08,-4.845832068935422e-07,6.0836861566615189e-08,-4.5017415446715227e-07
0.00029179999999999999,3.4743301775875604e-08,-4.8174015254822635e-07,6.206540727809083e-08,-4.4854530119868172e-07
0.00029189999999999999,3.4130147963250307e-08,-4.789887864016722e-07,6.3393365496017496e-08,-4.4694180902604235e-07
0.000292,3.3905998250526298e-08,-4.7632701567512486e-07,6.4824521333814132e-08,-4.4536193666457686e-07
0.0002921,3.4073214914620987e-08,-4.7375133629645803e-07,6.6362307513475195e-08,-4.4380457911265303e-07
0.0002922,3.4628940015261177e-08,-4.7125706153902305e-07,6.8009654930978704e-08,-4.4226924477586552e-07
0.0002923,3.5563952241445449e-08,-4.6883859560831645e-07,6.9768878753611343e-08,-4.4075601180838958e-07
0.00029240000000000001,3.686229632611923e-08,-4.664897357311683e-07,7.1641600810983813e-08,-4.3926546548705131e-07
0.00029250000000000001,3.8501756469887191e-08,-4.6420398753100792e-07,7.3628707650404677e-08,-4.3779861913897882e-07
0.00029260000000000001,4.0455138094921157e-08,-4.6197488066794034e-07,7.5730342335201126e-08,-4.363568217475272e-07
0.00029270000000000001,4.2692223536120786e-08,-4.5979627429254359e-07,7.794592691425663e-08,-4.349416558396623e-07
0.00029280000000000002,4.5182188178297617e-08,-4.5766264424324599e-07,8.0274211518763614e-08,-4.3355482959321297e-07
0.00029290000000000002,4.7896212084231473e-08,-4.5556934566830508e-07,8.271334527638316e-08,-4.3219806728165677e-07
0.00029300000000000002,5.0810002484497807e-08,-4.5351284563006004e-07,8.5260963693258744e-08,-4.3087300219197264e-07
0.00029310000000000002,5.3905954800776318e-08,-4.5149092023874246e-07,8.7914286851634567e-08,-4.2958107600793087e-07
0.00029320000000000003,5.717472076555539e-08,-4.4950281018041068e-07,9.0670222706218169e-08,-4.2832344835477469e-07
0.00029330000000000003,6.0616015519264462e-08,-4.4754932754527826e-07,9.3525469928627002e-08,-4.271009197644898e-07
0.00029340000000000003,6.4238573385064655e-08,-4.4563290612988107e-07,9.6476615130087125e-08,-4.2591387076311701e-07
0.00029350000000000003,6.8059245725515089e-08,-4.4375758738712209e-07,9.9520219864319454e-08,-4.2476221912599181e-07
0.00029359999999999998,7.2101315542008544e-08,-4.4192893534631338e-07,1.0265289354538752e-07,-4.2364539662088493e-07
0.00029369999999999998,7.639217500617078e-08,-4.4015387635390075e-07,1.0587134927377095e-07,-4.2256234579213185e-07
0.00029379999999999999,8.0960568185163785e-08,-4.3844046338787982e-07,1.0917244050938222e-07,-4.2151153656203159e-07
0.00029389999999999999,8.5833637904955091e-08,-4.3679756970901207e-07,1.1255317752212075e-07,-4.2049100166961777e-07
0.00029399999999999999,9.1034030863043719e-08,-4.352345222285872e-07,1.1601072354706842e-07,-4.1949838926113231e-07
0.00029409999999999999,9.6577308315047563e-08,-4.3376069052418915e-07,1.1954237153355563e-07,-4.1853103031782503e-07
0.0002942,1.024698819704474e-07,-4.3238505217674091e-07,1.2314550326695305e-07,-4.1758601807889003e-07
0.0002943,1.087076484959285e-07,-4.3111575832956689e-07,1.2681753342678683e-07,-4.1666029620908896e-07
0.0002944,1.1527543474413085e-07,-4.2995972453277623e-07,1.3055584179624689e-07,-4.157507521862396e-07
0.0002945,1.2214729404138481e-07,-4.289222707321534e-07,1.3435769733495916e-07,-4.1485431225117461e-07
0.00029460000000000001,1.2928761704747892e-07,-4.2800683069836222e-07,1.382201781537538e-07,-4.1396803427488941e-07
0.00029470000000000001,1.3665294507645921e-07,-4.2721474560165685e-07,1.4214009157963239e-07,-4.130891950508081e-07
0.00029480000000000001,1.4419430606218291e-07,-4.2654514944238201e-07,1.4611389847020724e-07,-4.1221536880563479e-07
0.00029490000000000001,1.5185984034180698e-07,-4.2599494648285686e-07,1.5013764573638345e-07,-4.1134449412618681e-07
0.00029500000000000001,1.5959745133753203e-07,-4.2555887362375193e-07,1.5420691067260694e-07,-4.1047492700328334e-07
0.00029510000000000002,1.6735720997012483e-07,-4.252296347244253e-07,1.5831676019449653e-07,-4.0960547827558136e-07
0.00029520000000000002,1.7509326407941704e-07,-4.2499808991164447e-07,1.6246172746772961e-07,-4.0873543439092047e-07
0.00029530000000000002,1.8276505529765029e-07,-4.2485348140703864e-07,1.6663580770695199e-07,-4.0786456106480996e-07
0.00029540000000000002,1.9033772246556254e-07,-4.2478367843349042e-07,1.7083247415951867e-07,-4.069930900776725e-07
0.00029550000000000003,1.9778166611389414e-07,-4.2477542706646477e-07,1.7504471449687745e-07,-4.061216900889027e-07
0.00029560000000000003,2.0507135297375911e-07,-4.248145958723587e-07,1.7926508704847298e-07,-4.0525142293173564e-07
0.00029570000000000003,2.1218354089030367e-07,-4.2488641396377018e-07,1.8348579555871114e-07,-4.0438368736695257e-07
0.00029579999999999998,2.1909518990556151e-07,-4.2497570371429152e-07,1.8769878045539447e-07,-4.0352015269678341e-07
0.00029589999999999998,2.2578138234990596e-07,-4.250671148446325e-07,1.9189582401212987e-07,-4.0266268495896462e-07
0.00029599999999999998,2.3221359370565687e-07,-4.2514536911509484e-07,1.960686662886401e-07,-4.018132686249035e-07
0.00029609999999999999,2.3835863106841229e-07,-4.2519552492612283e-07,2.0020912835698172e-07,-4.0097392681034178e-07
0.00029619999999999999,2.4417848689144169e-07,-4.2520326860568506e-07,2.0430923907897965e-07,-4.001466429721e-07
0.00029629999999999999,2.4963124800259967e-07,-4.2515523432479664e-07,2.0836136159602694e-07,-3.9933328691482541e-07
0.00029639999999999999,2.5467306506905488e-07,-4.2503934808513472e-07,2.1235831572608027e-07,-3.9853554767705637e-07
0.0002965,2.592610419149062e-07,-4.2484518401313732e-07,2.1629349262904153e-07,-3.9775487551895043e-07
0.0002966,2.6335676639274368e-07,-4.2456431438244132e-07,2.2016095839021181e-07,-3.9699243481210851e-07
0.0002967,2.6693009429461711e-07,-4.2419062948306103e-07,2.2395554356783914e-07,-3.9624906915337176e-07
0.0002968,2.6996273214363045e-07,-4.2372060061323808e-07,2.27672916236952e-07,-3.9552527951099832e-07
0.00029690000000000001,2.7245115574850649e-07,-4.2315345973667268e-07,2.3130963661736775e-07,-3.9482121568414279e-07
0.00029700000000000001,2.7440845416015184e-07,-4.2249127296560165e-07,2.3486319197658776e-07,-3.9413668083705848e-07
0.00029710000000000001,2.7586479984785063e-07,-4.217388917873443e-07,2.3833201112543563e-07,-3.9347114837843243e-07
0.00029720000000000001,2.7686640378427145e-07,-4.2090377520040773e-07,2.4171545845301038e-07,-3.9282379001202509e-07
0.00029730000000000002,2.7747299964663335e-07,-4.1999568666019084e-07,2.4501380805585652e-07,-3.9219351340424383e-07
0.00029740000000000002,2.7775409040975655e-07,-4.190262807200767e-07,2.4822819908444471e-07,-3.9157900760965404e-07
0.00029750000000000002,2.7778435723535702e-07,-4.1800860419288035e-07,2.5136057394044142e-07,-3.909787941769952e-07
0.00029760000000000002,2.7763875050012198e-07,-4.1695654436030887e-07,2.5441360139643434e-07,-3.9039128173099439e-07
0.00029770000000000003,2.7738783713889838e-07,-4.1588426130169931e-07,2.573905870647308e-07,-3.8981482179139801e-07
0.00029780000000000003,2.7709395665601204e-07,-4.1480564226456663e-07,2.6029537390592362e-07,-3.8924776364757824e-07
0.00029790000000000003,2.7680863995359233e-07,-4.1373381308261854e-07,2.6313223563757918e-07,-3.8868850624904569e-07
0.00029799999999999998,2.765715812055658e-07,-4.1268073534854234e-07,2.6590576597844436e-07,-3.8813554529015502e-07
0.00029809999999999998,2.7641124391448158e-07,-4.1165690916002187e-07,2.6862076664712359e-07,-3.8758751394894972e-07
0.00029819999999999998,2.7634695594206573e-07,-4.1067119086115467e-07,2.7128213693265321e-07,-3.8704321607135371e-07
0.00029829999999999999,2.7639213627982403e-07,-4.09730724523408e-07,2.7389476747665509e-07,-3.8650165095717008e-07
0.00029839999999999999,2.7655812943625413e-07,-4.088409761540719e-07,2.7646344066359882e-07,-3.8596202928657692e-07
0.00029849999999999999,2.7685802709946707e-07,-4.0800585181117513e-07,2.7899273971951015e-07,-3.8542378010889447e-07
0.00029859999999999999,2.7730984751224811e-07,-4.0722787566349054e-07,2.8148696828358338e-07,-3.8488654918275051e-07
0.0002987,2.7793852512834641e-07,-4.0650840190222024e-07,2.8395008185485209e-07,-3.8435018929404756e-07
0.0002988,2.7877632788425875e-07,-4.0584783522427879e-07,2.863856321407432e-07,-3.8381474347210249e-07
0.0002989,2.7986154578675778e-07,-4.0524583793756319e-07,2.8879672495820461e-07,-3.8328042226481794e-07
0.000299,2.8123555173758322e-07,-4.0470150688014942e-07,2.9118599197236621e-07,-3.8274757641243697e-07
0.00029910000000000001,2.8293858726117189e-07,-4.0421350943656132e-07,2.9355557621197008e-07,-3.8221666637201959e-07
0.00029920000000000001,2.8500483524851961e-07,-4.0378017409570978e-07,2.9590713098277344e-07,-3.8168823018907603e-07
0.00029930000000000001,2.8745747702408497e-07,-4.0339953646003507e-07,2.9824183151577676e-07,-3.8116285119018094e-07
0.00029940000000000001,2.9030446971840878e-07,-4.0306934583344546e-07,3.0056039844014421e-07,-3.8064112688496796e-07
0.00029950000000000002,2.9353571308478988e-07,-4.0278704021464882e-07,3.0286313196333563e-07,-3.8012364032442793e-07
0.00029960000000000002,2.9712210854115805e-07,-4.0254969872004162e-07,3.0514995547319824e-07,-3.7961093497352715e-07
0.00029970000000000002,3.0101676797048091e-07,-4.023539804257162e-07,3.0742046714782825e-07,-3.7910349393080188e-07
0.00029980000000000002,3.0515833836755303e-07,-4.0219605779277348e-07,3.0967399806604638e-07,-3.7860172407715641e-07
0.00029990000000000003,3.0947611115467173e-07,-4.020715517318981e-07,3.1190967525148766e-07,-3.7810594547330041e-07
0.00030000000000000003,3.1389632432961332e-07,-4.0197547443418914e-07,3.1412648805259851e-07,-3.7761638606240265e-07
0.00030010000000000003,3.1834887993575674e-07,-4.0190218566305226e-07,3.1632335625540692e-07,-3.7713318148356919e-07
0.00030020000000000003,3.2277361731695292e-07,-4.0184536837207483e-07,3.1849919834210761e-07,-3.7665637957365029e-07
0.00030029999999999998,3.2712531877655721e-07,-4.0179803015590818e-07,3.2065299834250854e-07,-3.7618594893897313e-07
0.00030039999999999998,3.3137677655592821e-07,-4.0175253781364338e-07,3.2278386977520931e-07,-3.7572179082256943e-07
0.00030049999999999999,3.3551949974857708e-07,-4.0170069272308198e-07,3.2489111523809727e-07,-3.7526375338162746e-07
0.00030059999999999999,3.3956195376688001e-07,-4.0163385426546042e-07,3.2697428028319243e-07,-3.7481164742755491e-07
0.00030069999999999999,3.4352556026065855e-07,-4.0154311675633643e-07,3.2903320029812996e-07,-3.7436526266776684e-07
0.00030079999999999999,3.474389950121077e-07,-4.0141954197090011e-07,3.3106803921645852e-07,-3.7392438352277086e-07
0.0003009,3.5133156112240294e-07,-4.0125444441655555e-07,3.3307931899269506e-07,-3.7348880367043223e-07
0.000301,3.5522654975636925e-07,-4.0103972033444814e-07,3.3506793890708031e-07,-3.7305833858588913e-07
0.0003011,3.5913551018537034e-07,-4.0076820464239074e-07,3.3703518391135605e-07,-3.726328354932702e-07
0.0003012,3.6305423179848203e-07,-4.0043403354084347e-07,3.3898272139212655e-07,-3.7221218031563702e-07
0.00030130000000000001,3.669610083513174e-07,-4.0003298529160326e-07,3.4091258591389789e-07,-3.7179630139314802e-07
0.00030140000000000001,3.7081744055579656e-07,-3.9956276872226425e-07,3.428271517107293e-07,-3.7138516992701747e-07
0.00030150000000000001,3.7457168077712521e-07,-3.9902322910258342e-07,3.4472909292280722e-07,-3.7097879728870073e-07
0.00030160000000000001,3.7816368259867056e-07,-3.9841644464882185e-07,3.4662133182154903e-07,-3.7057722950128721e-07
0.00030170000000000002,3.815317367006394e-07,-3.9774669407210113e-07,3.4850697553105326e-07,-3.7018053934541733e-07
0.00030180000000000002,3.8461939312568284e-07,-3.970202858459845e-07,3.5038924203104355e-07,-3.6978881665847174e-07
0.00030190000000000002,3.8738181485374265e-07,-3.9624525231056257e-07,3.5227137651156436e-07,-3.694021574786255e-07
0.00030200000000000002,3.8979068709269304e-07,-3.9543092506167962e-07,3.5415655943605452e-07,-3.6902065273115708e-07
0.00030210000000000002,3.9183701001551357e-07,-3.9458742077248939e-07,3.5604780794907077e-07,-3.6864437716215333e-07
0.00030220000000000003,3.9353140126622458e-07,-3.9372507710033709e-07,3.5794787252924684e-07,-3.6827337919470818e-07
0.00030230000000000003,3.9490188608203364e-07,-3.9285388525403522e-07,3.5985913102767544e-07,-3.6790767231783126e-07
0.00030240000000000003,3.959895072786569e-07,-3.9198296810685063e-07,3.6178348243705643e-07,-3.6754722852199425e-07
0.00030249999999999998,3.9684239402132861e-07,-3.9112014992686271e-07,3.6372224289820852e-07,-3.67191974173719e-07
0.00030259999999999998,3.9750914341540029e-07,-3.90271655951837e-07,3.6567604655878476e-07,-3.6684178858102585e-07
0.00030269999999999999,3.9803246175892538e-07,-3.8944196786945705e-07,3.6764475394638961e-07,-3.664965053496862e-07
0.00030279999999999999,3.9844396962853763e-07,-3.886338460296392e-07,3.6962737049800068e-07,-3.6615591647469187e-07
0.00030289999999999999,3.9876090312559741e-07,-3.8784851256746943e-07,3.7162197779495367e-07,-3.6581977896029837e-07
0.00030299999999999999,3.9898516747609678e-07,-3.8708597340588094e-07,3.7362567988485322e-07,-3.6548782362276956e-07
0.00030309999999999999,3.9910485861273163e-07,-3.8634544315879396e-07,3.7563456682865739e-07,-3.651597656096064e-07
0.0003032,3.9909801242199791e-07,-3.8562582683203733e-07,3.7764369729462866e-07,-3.6483531607337627e-07
0.0003033,3.9893802114574167e-07,-3.8492620703182541e-07,3.7964710163624436e-07,-3.6451419437175074e-07
0.0003034,3.9859991779458324e-07,-3.8424628566112254e-07,3.8163780644562261e-07,-3.6419614013136736e-07
0.0003035,3.9806660623096581e-07,-3.8358673468854786e-07,3.8360788107791096e-07,-3.6388092451293633e-07
0.00030360000000000001,3.9733412388547347e-07,-3.8294942076834421e-07,3.8554850610745787e-07,-3.6356836004859889e-07
0.00030370000000000001,3.9641516375986624e-07,-3.8233748201612004e-07,3.8745006311791859e-07,-3.632583084881329e-07
0.00030380000000000001,3.9534033153622938e-07,-3.8175525050422646e-07,3.8930224466121389e-07,-3.6295068618497665e-07
0.00030390000000000001,3.9415693570409198e-07,-3.8120802930177228e-07,3.9109418266139924e-07,-3.6264546667138224e-07
0.00030400000000000002,3.9292545685251594e-07,-3.8070174650484651e-07,3.9281459300626346e-07,-3.6234268020887958e-07
0.00030410000000000002,3.9171416650095988e-07,-3.8024251932773177e-07,3.9445193357869207e-07,-3.620424102487535e-07
0.00030420000000000002,3.9059261985416992e-07,-3.7983616804052805e-07,3.9599457254809062e-07,-3.6174478689051036e-07
0.00030430000000000002,3.8962489507906374e-07,-3.7948772195221169e-07,3.9743096338434901e-07,-3.6144997757694698e-07
0.00030440000000000003,3.8886347422770125e-07,-3.7920095789471009e-07,3.9874982278598658e-07,-3.6115817540531531e-07
0.00030450000000000003,3.8834455630859232e-07,-3.7897800637802063e-07,3.9994030754102474e-07,-3.6086958555862602e-07
0.00030460000000000003,3.8808537821171529e-07,-3.7881905272095511e-07,4.0099218627163932e-07,-3.6058441046325701e-07
0.00030469999999999998,3.8808382693534685e-07,-3.7872215116370686e-07,4.0189600205634296e-07,-3.6030283435422809e-07
0.00030479999999999998,3.8832030033002728e-07,-3.7868316039369072e-07,4.0264322207763173e-07,-3.6002500797384386e-07
0.00030489999999999998,3.8876146112635206e-07,-3.7869580007045062e-07,4.032263707066446e-07,-3.5975103414099014e-07
0.00030499999999999999,3.8936527533703315e-07,-3.7875182055057296e-07,4.0363914280329862e-07,-3.5948095490645809e-07
0.00030509999999999999,3.9008656688521699e-07,-3.7884127247947118e-07,4.0387649447193947e-07,-3.5921474095496251e-07
0.00030519999999999999,3.908822767576739e-07,-3.7895285927588311e-07,4.0393470905618647e-07,-3.5895228382962567e-07
0.00030529999999999999,3.9171569103873477e-07,-3.7907435353439503e-07,4.0381143676759855e-07,-3.5869339144299766e-07
0.0003054,3.925590841426904e-07,-3.7919305756303267e-07,4.0350570700385652e-07,-3.5843778720523777e-07
0.0003055,3.9339448238766973e-07,-3.7929628813858517e-07,4.0301791310429968e-07,-3.581851129504696e-07
0.0003056,3.9421254889489403e-07,-3.7937186564148137e-07,4.0234976999385468e-07,-3.5793493568336822e-07
0.0003057,3.9500987905748492e-07,-3.7940858772957673e-07,4.0150424586030551e-07,-3.5768675800618579e-07
0.00030580000000000001,3.9578523382687525e-07,-3.7939666756296499e-07,4.004854696740337e-07,-3.5744003192901082e-07
0.00030590000000000001,3.9653539133743684e-07,-3.7932811648308533e-07,3.9929861697447947e-07,-3.571941756197003e-07
0.00030600000000000001,3.9725134462312507e-07,-3.7919705136768626e-07,3.9794977689579628e-07,-3.5694859252077439e-07
0.00030610000000000001,3.9791550916650303e-07,-3.7899990813435184e-07,3.964458038696807e-07,-3.5670269215424341e-07
0.00030620000000000002,3.9850044015245167e-07,-3.7873554555144995e-07,3.9479415781286183e-07,-3.5645591185622235e-07
0.00030630000000000002,3.9896932159586185e-07,-3.784052280046822e-07,3.9300273687012376e-07,-3.5620773863449167e-07
0.00030640000000000002,3.992782145147164e-07,-3.7801248227811012e-07,3.9107970693403315e-07,-3.5595773032589708e-07
0.00030650000000000002,3.9937978049225253e-07,-3.7756283152999979e-07,3.8903333219633806e-07,-3.5570553524718725e-07
0.00030660000000000003,3.992279704787642e-07,-3.7706341891203328e-07,3.8687181090342742e-07,-3.5545090958164083e-07
0.00030670000000000003,3.9878301947039717e-07,-3.76522542815812e-07,3.8460312029287914e-07,-3.5519373182257019e-07
0.00030680000000000003,3.9801603675805963e-07,-3.7594913443651087e-07,3.8223487438716452e-07,-3.5493401369986787e-07
0.00030690000000000003,3.9691253492265595e-07,-3.7535221505310211e-07,3.7977419792372071e-07,-3.5467190714297707e-07
0.00030699999999999998,3.954743893695173e-07,-3.7474037407435775e-07,3.7722761922108104e-07,-3.5440770697738327e-07
0.00030709999999999998,3.9371994087690304e-07,-3.7412130870431467e-07,3.7460098423298028e-07,-3.5414184920600795e-07
0.00030719999999999999,3.9168221321636382e-07,-3.7350146167901153e-07,3.7189939344375215e-07,-3.5387490488565678e-07
0.00030729999999999999,3.8940547821418948e-07,-3.7288578507534587e-07,3.691271626259826e-07,-3.5360756976493901e-07
0.00030739999999999999,3.8694062419278664e-07,-3.7227764639139977e-07,3.6628780783452838e-07,-3.533406499982749e-07
0.00030749999999999999,3.8433993925923809e-07,-3.7167887912969902e-07,3.6338405436744343e-07,-3.5307504438429864e-07
0.0003076,3.8165198768893953e-07,-3.7108996552016288e-07,3.6041786880234152e-07,-3.5281172369153315e-07
0.0003077,3.7891722831693465e-07,-3.7051032550380611e-07,3.5739051263277549e-07,-3.525517077251284e-07
0.0003078,3.7616490507588574e-07,-3.6993867531091271e-07,3.5430261549857339e-07,-3.522960408527027e-07
0.0003079,3.7341155095199993e-07,-3.6937341227606119e-07,3.511542655396812e-07,-3.5204576674289207e-07
0.00030800000000000001,3.7066121648161105e-07,-3.6881298082805416e-07,3.4794511401604566e-07,-3.5180190307627985e-07
0.00030810000000000001,3.6790729627480719e-07,-3.6825617815442046e-07,3.4467449103403671e-07,-3.5156541696546855e-07
0.00030820000000000001,3.6513561563187538e-07,-3.6770236647984215e-07,3.4134152900899289e-07,-3.5133720177074522e-07
0.00030830000000000001,3.6232828284615304e-07,-3.6715157119703864e-07,3.3794529037571623e-07,-3.5111805592306196e-07
0.00030840000000000002,3.5946773105201783e-07,-3.6660445872192437e-07,3.3448489603455914e-07,-3.5090866427018549e-07
0.00030850000000000002,3.56540374815447e-07,-3.6606220307583675e-07,3.30959651087114e-07,-3.5070958234988068e-07
0.00030860000000000002,3.5353938723305405e-07,-3.6552626392029729e-07,3.2736916456748914e-07,-3.5052122387045132e-07
0.00030870000000000002,3.5046624817120668e-07,-3.6499810936188903e-07,3.2371346010554331e-07,-3.5034385154966355e-07
0.00030880000000000002,3.4733090009004729e-07,-3.6447892299791477e-07,3.199930747579682e-07,-3.5017757133310365e-07
0.00030890000000000003,3.4415054667599396e-07,-3.6396933566681532e-07,3.1620914360157223e-07,-3.500223298882836e-07
0.00030900000000000003,3.4094731291852791e-07,-3.6346921816130915e-07,3.1236346808859722e-07,-3.4987791515563559e-07
0.00030910000000000003,3.3774512874575827e-07,-3.6297756239820166e-07,3.0845856660458298e-07,-3.4974395963710215e-07
0.00030919999999999998,3.3456628441583153e-07,-3.6249246644536798e-07,3.0449770613223984e-07,-3.4961994602036754e-07
0.00030929999999999998,3.3142812629150001e-07,-3.620112250259669e-07,3.0048491439790414e-07,-3.495052146752829e-07
0.00030939999999999999,3.2834031796805625e-07,-3.615305134808156e-07,2.9642497234855786e-07,-3.4939897252020462e-07
0.00030949999999999999,3.2530299448558476e-07,-3.610466414364555e-07,2.923233872654629e-07,-3.4930030274069073e-07
0.00030959999999999999,3.2230600382624097e-07,-3.6055584406304255e-07,2.8818634725557326e-07,-3.492081748513898e-07
0.00030969999999999999,3.1932928113260134e-07,-3.6005457478756236e-07,2.8402065826474838e-07,-3.4912145462217717e-07
0.0003098,3.1634425853798114e-07,-3.5953976402244859e-07,2.7983366511985934e-07,-3.4903891344027093e-07
0.0003099,3.133160958518852e-07,-3.5900901361033018e-07,2.756331584240057e-07,-3.4895923674760182e-07
0.00031,3.1020643799480374e-07,-3.5846070542984366e-07,2.7142726939581377e-07,-3.4888103127402375e-07
0.0003101,3.0697637066475133e-07,-3.5789401367577293e-07,2.6722435495655489e-07,-3.4880283087760268e-07
0.0003102,3.0358925580267296e-07,-3.5730882219730063e-07,2.6303287552635331e-07,-3.4872310089919687e-07
0.00031030000000000001,3.0001317629740955e-07,-3.5670555940689293e-07,2.5886126809228765e-07,-3.4864024103500661e-07
0.00031040000000000001,2.9622279377424143e-07,-3.5608497230664491e-07,2.5471781715764206e-07,-3.4855258682374181e-07
0.00031050000000000001,2.9220051069661899e-07,-3.5544786713295597e-07,2.5061052617487577e-07,-3.484584099302149e-07
0.00031060000000000001,2.8793691493052996e-07,-3.5479484648832833e-07,2.4654699200760513e-07,-3.4835591748094911e-07
0.00031070000000000002,2.8343056012725644e-07,-3.541260716218333e-07,2.4253428486280207e-07,-3.4824325076695777e-07
0.00031080000000000002,2.7868719120721956e-07,-3.5344107422360029e-07,2.3857883598735843e-07,-3.4811848367151462e-07
0.00031090000000000002,2.7371855765519348e-07,-3.5273863556534086e-07,2.3468633523785369e-07,-3.4797962120556672e-07
0.00031100000000000002,2.6854096919895276e-07,-3.5201674310821295e-07,2.3086164041363161e-07,-3.4782459853912806e-07
0.00031110000000000003,2.6317374289780639e-07,-3.5127262690081238e-07,2.2710869999598503e-07,-3.476512809042757e-07
0.00031120000000000003,2.576376736801062e-07,-3.5050287115350991e-07,2.2343049066580711e-07,-3.4745746471482087e-07
0.00031130000000000003,2.5195363812903821e-07,-3.4970359097685834e-07,2.1982897068329102e-07,-3.4724088020143486e-07
0.00031139999999999998,2.4614141882167332e-07,-3.4887066073588072e-07,2.1630504991153024e-07,-3.4699919580094844e-07
0.00031149999999999998,2.4021881661863804e-07,-3.4799997875984284e-07,2.1285857695598199e-07,-3.4673002446809652e-07
0.00031159999999999998,2.3420110132677942e-07,-3.4708775290977492e-07,2.0948834357882762e-07,-3.4643093199997576e-07
0.00031169999999999999,2.281008352930582e-07,-3.4613079219130261e-07,2.0619210623580816e-07,-3.4609944738184406e-07
0.00031179999999999999,2.2192808663766702e-07,-3.4512679059146105e-07,2.0296662427811388e-07,-3.4573307508084342e-07
0.00031189999999999999,2.1569102586297131e-07,-3.4407459007865941e-07,1.9980771406767074e-07,-3.4532930913566261e-07
0.00031199999999999999,2.0939686959641552e-07,-3.4297440990294809e-07,1.9671031797503533e-07,-3.4488564881786696e-07
0.0003121,2.0305309863229852e-07,-3.4182802892206379e-07,1.9366858696961121e-07,-3.4439961557803346e-07
0.0003122,1.9666883741043102e-07,-3.4063890691578938e-07,1.9067597527565956e-07,-3.4386877093878324e-07
0.0003123,1.9025624441418497e-07,-3.3941223025726623e-07,1.8772534535884652e-07,-3.4329073495956701e-07
0.0003124,1.8383173525537765e-07,-3.3815486756558938e-07,1.8480908133000695e-07,-3.4266320487555017e-07
0.00031250000000000001,1.774168503450273e-07,-3.3687522276722811e-07,1.819192087090698e-07,-3.4198397350569959e-07
0.00031260000000000001,1.7103859353339084e-07,-3.3558297690051327e-07,1.790475183851592e-07,-3.4125094703312535e-07
0.00031270000000000001,1.6472911033849045e-07,-3.3428871627432058e-07,1.7618569254136081e-07,-3.4046216178294815e-07
0.00031280000000000001,1.5852464334510745e-07,-3.3300345310883517e-07,1.733254302863249e-07,-3.396157996581018e-07
0.00031290000000000002,1.5246379198828243e-07,-3.3173805496952404e-07,1.704585707507697e-07,-3.3871020193959526e-07
0.00031300000000000002,1.4658520344286253e-07,-3.3050261016678073e-07,1.6757721146575233e-07,-3.3774388121262057e-07
0.00031310000000000002,1.409249164413689e-07,-3.2930576653282213e-07,1.6467381994069755e-07,-3.367155312408192e-07
0.00031320000000000002,1.3551365483037363e-07,-3.2815408915831506e-07,1.6174133650144167e-07,-3.3562403467520321e-07
0.00031330000000000003,1.3037440800273568e-07,-3.2705148738915939e-07,1.5877326663006096e-07,-3.3446846854909605e-07
0.00031340000000000003,1.2552063029795886e-07,-3.2599876154249399e-07,1.557637612655538e-07,-3.3324810757301505e-07
0.00031350000000000003,1.2095533647036016e-07,-3.2499331476616317e-07,1.5270768377393208e-07,-3.3196242530139473e-07
0.00031360000000000003,1.1667126842025135e-07,-3.240290652145478e-07,1.4960066257300223e-07,-3.3061109329407223e-07
0.00031369999999999998,1.1265217052586888e-07,-3.2309657889334014e-07,1.4643912869534369e-07,-3.29193978438032e-07
0.00031379999999999998,1.0887505497682053e-07,-3.221834254211915e-07,1.4322033788662373e-07,-3.2771113862729086e-07
0.00031389999999999999,1.0531318700963557e-07,-3.2127473936255276e-07,1.3994237715836577e-07,-3.2616281702064135e-07
0.00031399999999999999,1.0193939678797623e-07,-3.203539508042714e-07,1.3660415603735247e-07,-3.2454943510768244e-07
0.00031409999999999999,9.8729251383030305e-08,-3.1940363262674049e-07,1.332053830706116e-07,-3.2287158481349474e-07
0.00031419999999999999,9.5663612359675016e-08,-3.1840640037797429e-07,1.2974652844775923e-07,-3.2113001986217311e-07
0.0003143,9.2730168277619573e-08,-3.1734579523089749e-07,1.2622877388400269e-07,-3.1932564660056322e-07
0.0003144,8.992366259864797e-08,-3.1620708194216067e-07,1.2265395116066125e-07,-3.174595144570725e-07
0.0003145,8.7244720762528548e-08,-3.1497790199071249e-07,1.1902447093892648e-07,-3.1553280617874273e-07
0.0003146,8.4697390983283722e-08,-3.1364873630629577e-07,1.1534324364180701e-07,-3.1354682795440393e-07
0.00031470000000000001,8.2285721004359262e-08,-3.1221315064296731e-07,1.1161359433376282e-07,-3.1150299949509926e-07
0.00031480000000000001,8.0009865387959155e-08,-3.1066781763295044e-07,1.078391736145987e-07,-3.0940284410696665e-07
0.00031490000000000001,7.7862325992523932e-08,-3.0901233053410787e-07,1.0402386658129847e-07,-3.0724797875855281e-07
0.00031500000000000001,7.5824951296550907e-08,-3.0724884235502892e-07,1.001717018983836e-07,-3.0504010411566102e-07
0.00031510000000000002,7.3867249193857769e-08,-3.0538157841812818e-07,9.6286762954249244e-08,-3.027809944940367e-07
0.00031520000000000002,7.1946407821858951e-08,-3.0341627907455282e-07,9.237310297049176e-08,-3.0047248766435612e-07
0.00031530000000000002,7.0009188908021591e-08,-3.0135963150751332e-07,8.8434665776372043e-08,-2.9811647443605261e-07
0.00031540000000000002,6.7995588904394994e-08,-2.9921874543117863e-07,8.4475213766333245e-08,-2.9571488794669636e-07
0.00031550000000000003,6.5843893430103015e-08,-2.9700071783457545e-07,8.0498264330583012e-08,-2.9326969259192438e-07
0.00031560000000000003,6.3496521040487221e-08,-2.9471231816741761e-07,7.6507035793776802e-08,-2.9078287254662255e-07
0.00031570000000000003,6.0905899876840772e-08,-2.9235980934916567e-07,7.2504403622484068e-08,-2.8825641985062018e-07
0.00031580000000000003,5.8039572251210072e-08,-2.8994890368001485e-07,6.8492867376189074e-08,-2.8569232205987138e-07
0.00031589999999999998,5.4883790137261394e-08,-2.8748483800385432e-07,6.4474528587161527e-08,-2.8309254949605803e-07
0.00031599999999999998,5.14450442458641e-08,-2.8497254083519915e-07,6.0451079470126498e-08,-2.8045904216154536e-07
0.00031609999999999999,4.7749239082737404e-08,-2.8241685661957087e-07,5.6423802090784428e-08,-2.7779369642131283e-07
0.00031619999999999999,4.3838549741382321e-08,-2.7982278925725622e-07,5.2393577370479003e-08,-2.7509835158668262e-07
0.00031629999999999999,3.9766327128998071e-08,-2.7719572829778993e-07,4.8360903079346742e-08,-2.7237477656606196e-07
0.00031639999999999999,3.5590707746873095e-08,-2.7454162611469963e-07,4.4325919777588488e-08,-2.6962465677348614e-07
0.0003165,3.1367787235856094e-08,-2.7186710185102271e-07,4.0288443508845258e-08,-2.6684958150544748e-07
0.0003166,2.7145300125556255e-08,-2.6917945677588606e-07,3.624800393417956e-08,-2.6405103200903824e-07
0.0003167,2.2957694890782958e-08,-2.6648659473251529e-07,3.2203886522029362e-08,-2.6123037046912733e-07
0.0003168,1.882330681595291e-08,-2.6379684961103472e-07,2.8155177379159466e-08,-2.5838883013864983e-07
0.00031690000000000001,1.474403482531971e-08,-2.6111872858760893e-07,2.4100809319411331e-08,-2.5552750682416922e-07
0.00031700000000000001,1.0707563266189949e-08,-2.5846058494803199e-07,2.0039607818991855e-08,-2.5264735191879136e-07
0.00031710000000000001,6.6917883294833011e-09,-2.5583023772302022e-07,1.5970335595711536e-08,-2.4974916714720773e-07
0.00031720000000000001,2.6707682440163146e-09,-2.5323455743669087e-07,1.1891734670864723e-08,-2.4683360115377511e-07
0.00031730000000000001,-1.3787308220290957e-09,-2.5067903848288133e-07,7.8025649210294945e-09,-2.4390114802568293e-07
0.00031740000000000002,-5.4711348983360871e-09,-2.4816737946630604e-07,3.7016382971315932e-09,-2.4095214780054037e-07
0.00031750000000000002,-9.6074090130356792e-09,-2.4570109360894176e-07,-4.1215192676212814e-10,-2.3798678896295118e-07
0.00031760000000000002,-1.3772656806284293e-08,-2.4327917212187984e-07,-4.5398073188078515e-09,-2.35005112889483e-07
0.00031770000000000002,-1.7936455937288869e-08,-2.4089782409574293e-07,-8.6822061171718054e-09,-2.3200702015734014e-07
0.00031780000000000003,-2.2056005254305857e-08,-2.385503165290012e-07,-1.2840090777500727e-08,-2.289922785908105e-07
0.00031790000000000003,-2.608172771625161e-08,-2.362269369822221e-07,-1.7014061116541863e-08,-2.2596053288262301e-07
0.00031800000000000003,-2.996458051498413e-08,-2.3391509836820223e-07,-2.120457276354615e-08,-2.229113155956921e-07
0.00031809999999999998,-3.3664031136582742e-08,-2.3159960003319097e-07,-2.5411940486331977e-08,-2.1984405932568287e-07
0.00031819999999999998,-3.7155512357042878e-08,-2.2926305129598061e-07,-2.963634583812934e-08,-2.167581097868905e-07
0.00031829999999999998,-4.043619680558187e-08,-2.26886453125343e-07,-3.3877848477081155e-08,-2.1365273957353204e-07
0.00031839999999999999,-4.3528133883999533e-08,-2.2444992124228843e-07,-3.8136400444034338e-08,-2.1052716234578169e-07
0.00031849999999999999,-4.6478143507597514e-08,-2.2193352066339529e-07,-4.2411862646729056e-08,-2.0738054719454186e-07
0.00031859999999999999,-4.9354314265603831e-08,-2.1931816893596795e-07,-4.6704022788814473e-08,-2.0421203295049904e-07
0.00031869999999999999,-5.2239443664730871e-08,-2.165865546238128e-07,-5.1012613999119434e-08,-2.0102074222053429e-07
0.0003188,-5.5222213396610646e-08,-2.1372401053000455e-07,-5.5337333457644984e-08,-1.9780579495736363e-07
0.0003189,-5.8387244699737667e-08,-2.1071927898417624e-07,-5.967786037689473e-08,-1.9456632139475888e-07
0.000319,-6.1805373180335505e-08,-2.0756511010551711e-07,-6.4033872776434592e-08,-1.9130147421003492e-07
0.0003191,-6.5525486386299992e-08,-2.0425864347982395e-07,-6.8405062581233012e-08,-1.8801043980588168e-07
0.00031920000000000001,-6.9569075983662697e-08,-2.0080153864829318e-07,-7.279114867561844e-08,-1.8469244863419375e-07
0.00031930000000000001,-7.3928293421525631e-08,-1.9719983898482831e-07,-7.7191887650337426e-08,-1.8134678451365531e-07
0.00031940000000000001,-7.8567813264658742e-08,-1.9346357513442176e-07,-8.1607082085986911e-08,-1.7797279291963742e-07
0.00031950000000000001,-8.3430270732770175e-08,-1.8960613600254721e-07,-8.6036586317653037e-08,-1.7456988824835686e-07
0.00031960000000000002,-8.8444527387464211e-08,-1.8564345499927213e-07,-9.0480309719720636e-08,-1.7113756007648927e-07
0.00031970000000000002,-9.3535607065708649e-08,-1.8159307468713561e-07,-9.493821763300484e-08,-1.676753784520731e-07
0.00031980000000000002,-9.8634895221956539e-08,-1.7747316243315184e-07,-9.9410330126505265e-08,-1.6418299826227526e-07
0.00031990000000000002,-1.0368914791628066e-07,-1.7330155206418669e-07,-1.038967188412942e-07,-1.6066016272844414e-07
0.00032000000000000003,-1.0866702163136363e-07,-1.6909488162421483e-07,-1.0839750220334894e-07,-1.5710670607900017e-07
0.00032010000000000003,-1.135621905825445e-07,-1.6486788573442291e-07,-1.1291283931535313e-07,-1.5352255544683179e-07
0.00032020000000000003,-1.1839261435167227e-07,-1.60632884142656e-07,-1.1744292284507845e-07,-1.499077320302809e-07
0.00032030000000000003,-1.2319608413145975e-07,-1.563994877987712e-07,-1.2198797122098012e-07,-1.4626235154671937e-07
0.00032039999999999998,-1.2802272796088873e-07,-1.5217452253617155e-07,-1.2654822042603251e-07,-1.4258662399582486e-07
0.00032049999999999998,-1.3292561227550234e-07,-1.4796215055644554e-07,-1.311239156505485e-07,-1.3888085273716783e-07
0.00032059999999999999,-1.3795087012624885e-07,-1.4376415353335596e-07,-1.3571530302644086e-07,-1.3514543287451791e-07
0.00032069999999999999,-1.4312887018909808e-07,-1.3958032989351646e-07,-1.4032262162211529e-07,-1.3138084892843703e-07
0.00032079999999999999,-1.4846780030213368e-07,-1.3540895361543697e-07,-1.4494609583116969e-07,-1.2758767177023783e-07
0.00032089999999999999,-1.5395069288474052e-07,-1.3124724285134195e-07,-1.495859282429902e-07,-1.2376655478489527e-07
0.000321,-1.5953641612962569e-07,-1.2709179318562304e-07,-1.5424229304110176e-07,-1.1991822922872583e-07
0.0003211,-1.6516456708629156e-07,-1.2293894112382892e-07,-1.5891532993849214e-07,-1.1604349875002998e-07
0.0003212,-1.7076361677788548e-07,-1.1878503674073513e-07,-1.6360513862995321e-07,-1.121432330476508e-07
0.0003213,-1.7626116011648465e-07,-1.1462661840495673e-07,-1.6831177372115758e-07,-1.0821836065337562e-07
0.00032140000000000001,-1.8159478924012834e-07,-1.1046049532413842e-07,-1.7303524008384793e-07,-1.0426986083938155e-07
0.00032150000000000001,-1.8672198926008116e-07,-1.0628375382759476e-07,-1.777754885861169e-07,-1.0029875467063951e-07
0.00032160000000000001,-1.9162757035316597e-07,-1.0209370983736754e-07,-1.8253241215664042e-07,-9.6306095244098249e-08
0.00032170000000000001,-1.9632748526402162e-07,-9.788783249228579e-08,-1.8730584216046166e-07,-9.22929571804142e-08
0.00032180000000000002,-2.0086838954180264e-07,-9.3663662606671204e-08,-1.9209554509072278e-07,-8.8260425459303792e-08
0.00032190000000000002,-2.0532291019406161e-07,-8.9418745307704084e-08,-1.9690121961336395e-07,-8.4209583715006498e-08
0.00032200000000000002,-2.0978120847949413e-07,-8.5150589903322493e-08,-2.0172249403849244e-07,-8.0141502132977341e-08
0.00032210000000000002,-2.143399634327251e-07,-8.0856663041194603e-08,-2.065589243300604e-07,-7.605722511149046e-08
0.00032220000000000003,-2.1909028455280031e-07,-7.6534414726762443e-08,-2.1140999280233201e-07,-7.1957758871551306e-08
0.00032230000000000003,-2.2410622788707414e-07,-7.2181331727556183e-08,-2.1627510768455791e-07,-6.7844059214114481e-08
0.00032240000000000003,-2.2943551392412845e-07,-6.7795009875863645e-08,-2.2115360376187314e-07,-6.3717019634630995e-08
0.00032250000000000003,-2.3509373807917164e-07,-6.3373235926180844e-08,-2.2604474431818484e-07,-5.9577460010466428e-08
0.00032259999999999998,-2.4106286904320868e-07,-5.8914070639597381e-08,-2.3094772461373433e-07,-5.542611607646226e-08
0.00032269999999999998,-2.4729421860469628e-07,-5.4415927035698557e-08,-2.3586167712455592e-07,-5.1263629897532429e-08
0.00032279999999999999,-2.5371542780277532e-07,-4.9877640470008308e-08,-2.4078567875177606e-07,-4.7090541534815813e-08
0.00032289999999999999,-2.6024044175010021e-07,-4.5298529545626139e-08,-2.4571876017552689e-07,-4.2907282083420588e-08
0.00032299999999999999,-2.6678102298093622e-07,-4.0678448192383244e-08,-2.506599174806289e-07,-3.8714168236168303e-08
0.00032309999999999999,-2.7325814264587213e-07,-3.6017829177715672e-08,-2.5560812612033128e-07,-3.4511398499031517e-08
0.0003232,-2.7961162110798262e-07,-3.131771785043292e-08,-2.6056235721123289e-07,-3.0299051151350579e-08
0.0003233,-2.8580665961772625e-07,-2.6579792433767095e-08,-2.6552159606920061e-07,-2.6077084008209324e-08
0.0003234,-2.9183637284359751e-07,-2.1806364353161021e-08,-2.7048486280491257e-07,-2.1845336004637343e-08
0.0003235,-2.977200290206821e-07,-1.7000349756135157e-08,-2.7545123470158794e-07,-1.7603530582684009e-08
0.00032360000000000001,-3.0349734225777137e-07,-1.2165202409377917e-08,-2.8041987000008086e-07,-1.3351280824137574e-08
0.00032370000000000001,-3.0921974602637506e-07,-7.3047992209558826e-09,-2.8539003262082253e-07,-9.088096234741269e-09
0.00032380000000000001,-3.1494002185497278e-07,-2.4232730827489223e-09,-2.9036111726266829e-07,-4.8133910514009143e-09
0.00032390000000000001,-3.2070189721948271e-07,2.4752065239654538e-09,-2.953326742385573e-07,-5.2649391303881368e-10
0.00032400000000000001,-3.2653122632427068e-07,7.3866972172342796e-09,-3.0030443334115586e-07,3.7733412907411702e-09
0.00032410000000000002,-3.3243012718352737e-07,1.2307775467708113e-08,-3.0527632598161881e-07,8.0869236003461407e-09
0.00032420000000000002,-3.3837500385799808e-07,1.7235832365291573e-08,-3.1024850481426441e-07,1.2415112419207728e-08
0.00032430000000000002,-3.443187997240204e-07,2.2169343349269667e-08,-3.1522136005190273e-07,1.6758804431761904e-08
0.00032440000000000002,-3.5019719246546671e-07,2.7108078919635965e-08,-3.2019553169276221e-07,2.1118920242775167e-08
0.00032450000000000003,-3.5593784790810203e-07,3.2053224397291878e-08,-3.2517191692154951e-07,2.5496390971963945e-08
0.00032460000000000003,-3.6147138543283295e-07,3.7007382244812392e-08,-3.301516720147892e-07,2.9892145029679377e-08
0.00032470000000000003,-3.667424409268113e-07,4.1974440096500548e-08,-3.3513620817366439e-07,3.4307095285926286e-08
0.00032479999999999998,-3.7171918328064658e-07,4.6959300642608831e-08,-3.4012718082515589e-07,3.874212682670518e-08
0.00032489999999999998,-3.7639985164179284e-07,5.1967484477418726e-08,-3.4512647207226195e-07,4.3198085469438297e-08
0.00032499999999999999,-3.8081530188931677e-07,5.7004632172241041e-08,-3.5013616613344999e-07,4.7675767183712074e-08
0.00032509999999999999,-3.8502712027882639e-07,6.2075945230946423e-08,-3.5515851778709714e-07,5.217590853603639e-08
0.00032519999999999999,-3.891214965781973e-07,6.7185615393893425e-08,-3.6019591402386215e-07,5.6699178248194002e-08
0.00032529999999999999,-3.9319965575831151e-07,7.2336296513814231e-08,-3.6525082930407584e-07,6.1246169929564935e-08
0.00032539999999999999,-3.9736613835242652e-07,7.7528672063357913e-08,-3.7032577501315356e-07,6.5817396015010992e-08
0.0003255,-4.0171652423220859e-07,8.2761164112171377e-08,-3.7542324390003928e-07,7.0413282912720856e-08
0.0003256,-4.0632626965281769e-07,8.8029816973380216e-08,-3.8054565046608935e-07,7.5034167341366115e-08
0.0003257,-4.112421636128731e-07,9.332837202041986e-08,-3.8569526843905615e-07,7.9680293813869344e-08
0.0003258,-4.1647753233100648e-07,9.8648531318615987e-08,-3.9087416661323547e-07,8.4351813206409617e-08
0.00032590000000000001,-4.2201178627071911e-07,1.0398038890851564e-07,-3.9608414445741757e-07,8.9048782336564024e-08
0.00032600000000000001,-4.2779429128233979e-07,1.0931299204067228e-07,-4.0132666898227932e-07,9.3771164463705288e-08
0.00032610000000000001,-4.3375194330752128e-07,1.1463498233583332e-07,-4.066028144143143e-07,9.8518830618301192e-08
0.00032620000000000001,-4.3979932137376057e-07,1.1993526013589025e-07,-4.1191320624124972e-07,1.0329156166431955e-07
0.00032630000000000002,-4.458499577402593e-07,1.2520361490674082e-07,-4.1725797117173706e-07,1.0808905100035147e-07
0.00032640000000000002,-4.5182714299207469e-07,1.3043127034009843e-07,-4.2263669448883246e-07,1.1291090781014128e-07
0.00032650000000000002,-4.576727916609827e-07,1.3561130388923146e-07,-4.2804838617222096e-07,1.1775666078119986e-07
0.00032660000000000002,-4.6335321107685858e-07,1.4073891533553615e-07,-4.3349145701933542e-07,1.2262576222088461e-07
0.00032670000000000003,-4.6886109289007839e-07,1.458115356699445e-07,-4.3896370581248973e-07,1.275175925117508e-07
0.00032680000000000003,-4.7421361081015337e-07,1.5082878398834212e-07,-4.4446231836146447e-07,1.3243146486182806e-07
0.00032690000000000003,-4.7944707575289709e-07,1.5579229428349981e-07,-4.4998387900262882e-07,1.3736663031968389e-07
0.00032700000000000003,-4.8460908784998689e-07,1.6070544440220222e-07,-4.5552439486237393e-07,1.4232228303836698e-07
0.00032709999999999998,-4.897494637874065e-07,1.6557302504773987e-07,-4.6107933290038079e-07,1.4729756578556139e-07
0.00032719999999999998,-4.9491136096374248e-07,1.7040088725792389e-07,-4.66643669444086e-07,1.5229157570933161e-07
0.00032729999999999999,-5.0012394987703553e-07,1.7519560268219252e-07,-4.722119516172453e-07,1.5730337037856585e-07
0.00032739999999999999,-5.0539771748706707e-07,1.7996416321719351e-07,-4.7777836976058211e-07,1.6233197412494449e-07
0.00032749999999999999,-5.1072306055556557e-07,1.8471373655342612e-07,-4.8333683964935156e-07,1.6737638471774265e-07
0.00032759999999999999,-5.1607231469862183e-07,1.894514835379318e-07,-4.8888109303909779e-07,1.724355804044998e-07
0.0003277,-5.2140483966626688e-07,1.9418443351428121e-07,-4.9440477482516736e-07,1.7750852734891321e-07
0.0003278,-5.2667432213080878e-07,1.9891940622708382e-07,-4.9990154489040152e-07,1.8259418749249176e-07
0.0003279,-5.3183713082152682e-07,2.0366296429439055e-07,-5.0536518254622103e-07,1.87691526858439e-07
0.000328,-5.3686041120971473e-07,2.0842137894423806e-07,-5.1078969134983279e-07,1.927995243052054e-07
0.00032810000000000001,-5.4172865696011366e-07,2.1320059343374637e-07,-5.1616940201024243e-07,1.9791718072346675e-07
0.00032820000000000001,-5.4644773240089795e-07,2.1800617262341955e-07,-5.2149907108047948e-07,2.0304352865419243e-07
0.00032830000000000001,-5.5104570636586486e-07,2.2284323256997768e-07,-5.2677397317574442e-07,2.0817764228765202e-07
0.00032840000000000001,-5.5557033374494026e-07,2.27716349624949e-07,-5.3198998455708471e-07,2.1331864778387605e-07
0.00032850000000000002,-5.6008351565266574e-07,2.3262945336978614e-07,-5.3714365607686748e-07,2.1846573383517219e-07
0.00032860000000000002,-5.6465350961225467e-07,2.3758571102775971e-07,-5.4223227369317687e-07,2.2361816237108028e-07
0.00032870000000000002,-5.6934598419065858e-07,2.4258741239006739e-07,-5.472539050211915e-07,2.2877527928645782e-07
0.00032880000000000002,-5.7421517315381624e-07,2.4763586381839549e-07,-5.5220743069483345e-07,2.3393652505466259e-07
0.00032890000000000003,-5.792963620849692e-07,2.5273129796143847e-07,-5.5709255965495207e-07,2.3910144507092039e-07
0.00032900000000000003,-5.8460074219393415e-07,2.578728031493377e-07,-5.6190982785256422e-07,2.4426969955606529e-07
0.00032910000000000003,-5.9011332383901485e-07,2.6305827383138921e-07,-5.666605802481156e-07,2.4944107283889874e-07
0.00032920000000000003,-5.957941683121129e-07,2.6828438166918766e-07,-5.7134693639067864e-07,2.5461548182660892e-07
0.00032929999999999998,-6.015827349367e-07,2.7354656654130122e-07,-5.7597174026365801e-07,2.597929834674518e-07
0.00032939999999999998,-6.0740471807051821e-07,2.7883904796466492e-07,-5.8053849547534417e-07,2.6497378100867423e-07
0.00032949999999999999,-6.1318042434694294e-07,2.84154860095922e-07,-5.8505128724312749e-07,2.7015822885553404e-07
0.00032959999999999999,-6.1883355777661071e-07,2.8948591695841581e-07,-5.8951469295835834e-07,2.7534683584453605e-07
0.00032969999999999999,-6.2429926086307338e-07,2.9482311796655445e-07,-5.9393368341589513e-07,2.8054026675552645e-07
0.00032979999999999999,-6.2953040122416624e-07,3.0015650616579642e-07,-5.983135170385497e-07,2.8573934190326864e-07
0.0003299,-6.3450136989884279e-07,3.0547549189982815e-07,-6.0265962961518537e-07,2.9094503466922308e-07
0.00033,-6.3920902553927906e-07,3.1076915212896089e-07,-6.0697752219535095e-07,2.961584668583624e-07
0.0003301,-6.4367082248323485e-07,3.160266100415172e-07,-6.1127264983889685e-07,3.0138090179363329e-07
0.0003302,-6.4792054164835761e-07,3.2123749113120878e-07,-6.155503139030853e-07,3.0661373509169922e-07
0.00033030000000000001,-6.5200234821853705e-07,3.2639244131544366e-07,-6.198155604615547e-07,3.1185848309752382e-07
0.00033040000000000001,-6.5596408917778747e-07,3.3148368118472694e-07,-6.2407308729059104e-07,3.1711676899139441e-07
0.00033050000000000001,-6.598507952065358e-07,3.3650555968079688e-07,-6.2832716163117691e-07,3.2239030661985454e-07
0.00033060000000000001,-6.6369926434875827e-07,3.4145506210109621e-07,-6.3258155064606525e-07,3.2768088214079594e-07
0.00033070000000000002,-6.675343982517182e-07,3.4633222289032164e-07,-6.3683946614642838e-07,3.3299033361211107e-07
0.00033080000000000002,-6.7136767110085323e-07,3.5114039439835219e-07,-6.4110352477112626e-07,3.3832052869208387e-07
0.00033090000000000002,-6.7519778252006236e-07,3.558863292627526e-07,-6.4537572437403389e-07,3.4367334065727353e-07
0.00033100000000000002,-6.7901322788317499e-07,3.6058004619609763e-07,-6.4965743692219523e-07,3.4905062297953764e-07
0.00033110000000000002,-6.8279625785740743e-07,3.6523446584681192e-07,-6.5394941774273969e-07,3.5445418273686464e-07
0.00033120000000000003,-6.8652752832102901e-07,3.6986482349050564e-07,-6.5825183049221432e-07,3.5988575316270447e-07
0.00033130000000000003,-6.9019068183429722e-07,3.7448788651111251e-07,-6.6256428677178419e-07,3.6534696566434168e-07
0.00033140000000000003,-6.9377615526574201e-07,3.7912102459290245e-07,-6.6688589888851512e-07,3.7083932166216057e-07
0.00033149999999999998,-6.9728366106651347e-07,3.8378119693877224e-07,-6.7121534387979988e-07,3.7636416461793503e-07
0.00033159999999999998,-7.0072301446625391e-07,3.8848393165983439e-07,-6.7555093658569739e-07,3.8192265263073848e-07
0.00033169999999999999,-7.041132390874063e-07,3.9324237634327935e-07,-6.798907092841154e-07,3.8751573198367142e-07
0.00033179999999999999,-7.0748013965684203e-07,3.9806649508117906e-07,-6.8423249520427118e-07,3.931441120228867e-07
0.00033189999999999999,-7.1085274606065661e-07,4.0296247618624474e-07,-6.8857401311205254e-07,3.988082417421045e-07
0.00033199999999999999,-7.1425917944158372e-07,4.0793239753157108e-07,-6.9291295012165493e-07,4.0450828843101197e-07
0.0003321,-7.1772255160882122e-07,4.1297417473896274e-07,-6.9724703993346549e-07,4.1024411872476777e-07
0.0003322,-7.2125748036040045e-07,4.1808179359352667e-07,-7.0157413382875754e-07,4.1601528236407342e-07
0.0003323,-7.2486769505143963e-07,4.2324580456216789e-07,-7.0589226196493091e-07,4.2182099894185656e-07
0.0003324,-7.2854503920715016e-07,4.2845403650758214e-07,-7.101996828058428e-07,4.2766014787334058e-07
0.0003325,-7.3226997745879e-07,4.3369247058723113e-07,-7.1449491888281722e-07,4.3353126178231514e-07
0.00033260000000000001,-7.3601351231702815e-07,4.38946205260119e-07,-7.1877677750386236e-07,4.3943252344787191e-07
0.00033270000000000001,-7.3974023998671413e-07,4.4420043989483596e-07,-7.2304435549997249e-07,4.4536176640412218e-07
0.00033280000000000001,-7.4341214538190117e-07,4.4944140750624867e-07,-7.2729702760459647e-07,4.5131647923089534e-07
0.00033290000000000001,-7.4699266801568619e-07,4.5465719577305935e-07,-7.3153441859157122e-07,4.5729381351730573e-07
0.00033300000000000002,-7.5045056617310536e-07,4.598384082994017e-07,-7.3575635983195088e-07,4.6329059542350869e-07
0.00033310000000000002,-7.5376316117646542e-07,4.6497863336911953e-07,-7.3996283145568198e-07,4.6930334070982938e-07
0.00033320000000000002,-7.5691864363852454e-07,4.7007470343289137e-07,-7.441538918039946e-07,4.7532827304799002e-07
0.00033330000000000002,-7.599172516690309e-07,4.751267436765811e-07,-7.4832959631698884e-07,4.8136134537746946e-07
0.00033340000000000003,-7.6277126776440614e-07,4.8013802102192442e-07,-7.5248990840371869e-07,4.8739826402222957e-07
0.00033350000000000003,-7.6550390869055198e-07,4.8511461506783801e-07,-7.5663460517599571e-07,4.9343451523996492e-07
0.00033360000000000003,-7.6814728699890607e-07,4.9006493956335479e-07,-7.6076318118033431e-07,4.9946539383916695e-07
0.00033370000000000003,-7.7073969511778849e-07,4.9499914723855857e-07,-7.6487475342596882e-07,5.0548603346857039e-07
0.00033379999999999998,-7.7332250016025488e-07,4.9992845276659462e-07,-7.6896797107357353e-07,5.1149143816094056e-07
0.00033389999999999998,-7.7593694173559159e-07,5.0486440901016364e-07,-7.7304093311542644e-07,5.1747651469795203e-07
0.00033399999999999999,-7.7862110197722132e-07,5.0981817122607069e-07,-7.7709111724137973e-07,5.2343610535653791e-07
0.00033409999999999999,-7.8140727456905226e-07,5.1479978309292056e-07,-7.811153228489875e-07,5.2936502059928123e-07
0.00033419999999999999,-7.8431990588461543e-07,5.1981751753703572e-07,-7.8510963082390768e-07,5.3525807128222104e-07
0.00033429999999999999,-7.8737422337737452e-07,5.248773042808849e-07,-7.8906938229724302e-07,5.4111009997290828e-07
0.0003344,-7.9057560894778067e-07,5.299822744533516e-07,-7.92989178089323e-07,5.469160109990786e-07
0.0003345,-7.9391972079530983e-07,5.351324499138677e-07,-7.9686289998775036e-07,5.5267079888354025e-07
0.0003346,-7.9739331708635838e-07,5.4032460053770204e-07,-8.0068375439689386e-07,5.5836957486281209e-07
0.0003347,-8.0097568858271117e-07,5.4555228609404325e-07,-8.0444433825229817e-07,5.6400759123477533e-07
0.00033480000000000001,-8.0464056529439622e-07,5.5080609030770499e-07,-8.0813672643591308e-07,5.6958026333342043e-07
0.00033490000000000001,-8.0835832543046244e-07,5.5607404341037024e-07,-8.1175257927481469e-07,5.7508318898451921e-07
0.00033500000000000001,-8.1209830616970636e-07,5.613422165855981e-07,-8.1528326807661723e-07,5.8051216535443879e-07
0.00033510000000000001,-8.1583099927765601e-07,5.6659545823914328e-07,-8.1872001606812429e-07,5.8586320316301266e-07
0.00033520000000000002,-8.1952991533335886e-07,5.7181822934037164e-07,-8.2205405157762471e-07,5.9113253828938893e-07
0.00033530000000000002,-8.2317292283448187e-07,5.7699548467975916e-07,-8.2527676985242386e-07,5.9631664085547905e-07
0.00033540000000000002,-8.2674291536849723e-07,5.8211354019730922e-07,-8.2837989954639079e-07,6.0141222192344691e-07
0.00033550000000000002,-8.3022773077300895e-07,5.8716086468976485e-07,-8.3135566965951861e-07,6.0641623799046321e-07
0.00033560000000000003,-8.3361933599575498e-07,5.9212873784648753e-07,-8.3419697257264353e-07,6.113258935041415e-07
0.00033570000000000003,-8.3691239107916882e-07,5.9701172571945351e-07,-8.3689751880160814e-07,6.1613864165491878e-07
0.00033580000000000003,-8.4010240254161726e-07,6.0180793875451185e-07,-8.3945197919934576e-07,6.2085218372580436e-07
0.00033590000000000003,-8.431837555228552e-07,6.0651905512351564e-07,-8.4185611056140366e-07,6.2546446729512051e-07
0.00033599999999999998,-8.4614796070555521e-07,6.1115011153380953e-07,-8.44106860935993e-07,6.2997368359327145e-07
0.00033609999999999998,-8.4898245433033928e-07,6.1570908290805119e-07,-8.4620245139623263e-07,6.3437826431028833e-07
0.00033619999999999999,-8.5167024103210062e-07,6.2020628925944487e-07,-8.4814243158956707e-07,6.3867687813670593e-07
0.00033629999999999999,-8.5419057044140306e-07,6.2465368092135684e-07,-8.499277070225957e-07,6.4286842729709326e-07
0.00033639999999999999,-8.5652069837887814e-07,6.2906406070241478e-07,-8.5156053675307298e-07,6.4695204430315257e-07
0.00033649999999999999,-8.5863861864516724e-07,6.3345030287123806e-07,-8.530445009251119e-07,6.5092708911349172e-07
0.0003366,-8.6052648447182318e-07,6.3782462422276651e-07,-8.5438443837835099e-07,6.5479314684042649e-07
0.0003367,-8.6217429521876088e-07,6.4219795266720473e-07,-8.5558635536511859e-07,6.5855002609239183e-07
0.0003368,-8.6358332859152446e-07,6.4657942525153638e-07,-8.5665730719898161e-07,6.6219775798489508e-07
0.0003369,-8.6476877127455966e-07,6.509760321186568e-07,-8.5760525541138099e-07,6.6573659579527893e-07
0.00033700000000000001,-8.657610525896965e-07,6.5539240762500549e-07,-8.5843890368830257e-07,6.6916701517911218e-07
0.00033710000000000001,-8.6660551652842763e-07,6.5983075654100639e-07,-8.5916751647617775e-07,6.724897148096829e-07
0.00033720000000000001,-8.6736026497372812e-07,6.6429089343623535e-07,-8.5980072466682837e-07,6.7570561724995052e-07
0.00033730000000000001,-8.6809224545995734e-07,6.6877036791656083e-07,-8.6034832317939862e-07,6.7881586981901059e-07
0.00033740000000000002,-8.6887190815785349e-07,6.7326464756873387e-07,-8.6082006553984313e-07,6.8182184517538126e-07
0.00033750000000000002,-8.6976698241153805e-07,6.7776733383176738e-07,-8.6122546070616728e-07,6.8472514130790507e-07
0.00033760000000000002,-8.7083608770030252e-07,6.8227039252042549e-07,-8.6157357739428072e-07,6.8752758060377162e-07
0.00033770000000000002,-8.7212296862391491e-07,6.8676438893455265e-07,-8.6187286102280846e-07,6.9023120765262977e-07
0.00033780000000000003,-8.7365211125307219e-07,6.912387257885068e-07,-8.6213096811792517e-07,6.9283828544722834e-07
0.00033790000000000003,-8.7542635674805991e-07,6.9568188906092498e-07,-8.6235462260640383e-07,6.9535128965440353e-07
0.00033800000000000003,-8.7742689157478236e-07,7.0008171108761033e-07,-8.6254949788736345e-07,6.9777290065608331e-07
0.00033810000000000003,-8.7961569105711646e-07,7.0442566108745488e-07,-8.6272012792290685e-07,7.0010599309781908e-07
0.00033819999999999998,-8.8194016501177777e-07,7.0870117070525233e-07,-8.628698498425635e-07,7.0235362273148129e-07
0.00033829999999999998,-8.8433944736954512e-07,7.1289599655533764e-07,-8.6300077973510168e-07,7.045190103982476e-07
0.00033839999999999999,-8.8675153171962878e-07,7.1699861414216498e-07,-8.6311382242556417e-07,7.0660552306673588e-07
0.00033849999999999999,-8.891203195350885e-07,7.2099862924308804e-07,-8.6320871512918894e-07,7.0861665191707688e-07
0.00033859999999999999,-8.9140164142535493e-07,7.2488718531096775e-07,-8.6328410396114522e-07,7.1055598754326409e-07
0.00033869999999999999,-8.9356743989506697e-07,7.2865734002501071e-07,-8.6333765138708098e-07,7.1242719243112401e-07
0.0003388,-8.9560755067992162e-07,7.3230438180073166e-07,-8.6336617184857112e-07,7.1423397095533412e-07
0.0003389,-8.9752885614089879e-07,7.3582605839889088e-07,-8.6336579201356827e-07,7.1598003722363661e-07
0.000339,-8.9935196144796728e-07,7.3922269472603715e-07,-8.6333213140625091e-07,7.1766908117757781e-07
0.0003391,-9.0110590763030779e-07,7.4249718492577518e-07,-8.6326049858369657e-07,7.1930473343406834e-07
0.0003392,-9.028217305280953e-07,7.4565485389801717e-07,-8.6314609756426061e-07,7.2089052941844582e-07
0.00033930000000000001,-9.0452585530676099e-07,7.487031941440195e-07,-8.6298423888890892e-07,7.2242987339580188e-07
0.00033940000000000001,-9.0623435235597914e-07,7.516514939278265e-07,-8.6277054952120809e-07,7.2392600305051424e-07
0.00033950000000000001,-9.0794896287630595e-07,7.5451038091372853e-07,-8.6250117576977563e-07,7.2538195529303946e-07
0.00033960000000000001,-9.0965554503117022e-07,7.5729131075091584e-07,-8.6217297355137894e-07,7.2680053398655738e-07
0.00033970000000000002,-9.1132522959837774e-07,7.6000603205263261e-07,-8.6178368059945362e-07,7.2818428028296058e-07
0.00033980000000000002,-9.1291815986175543e-07,7.6266605789203351e-07,-8.6133206565631869e-07,7.2953544623748284e-07
0.00033990000000000002,-9.1438928572301237e-07,7.6528216983007091e-07,-8.6081805025592616e-07,7.3085597233383169e-07
0.00034000000000000002,-9.1569534864736043e-07,7.6786397450176703e-07,-8.6024279939406542e-07,7.3214746949728826e-07
0.00034010000000000003,-9.1680198486966593e-07,7.7041952603158307e-07,-8.59608778176033e-07,7.3341120610258959e-07
0.00034020000000000003,-9.1768982456570467e-07,7.7295502116176524e-07,-8.5891977240842858e-07,7.3464810039781434e-07
0.00034030000000000003,-9.183585863346016e-07,7.7547456892064307e-07,-8.5818087203782199e-07,7.3585871866640845e-07
0.00034040000000000003,-9.1882844538804565e-07,7.7798003355730702e-07,-8.5739841731149141e-07,7.3704327933897165e-07
0.00034049999999999998,-9.191383519115864e-07,7.8047094851649628e-07,-8.5657990851811602e-07,7.3820166314677512e-07
0.00034059999999999998,-9.1934143553707002e-07,7.8294450015657151e-07,-8.5573388113330414e-07,7.3933342928282725e-07
0.00034069999999999999,-9.1949808418733921e-07,7.8539558205729373e-07,-8.5486974912188711e-07,7.4043783740628133e-07
0.00034079999999999999,-9.1966766141317099e-07,7.8781692318398231e-07,-8.5399762001039399e-07,7.4151387519554777e-07
0.00034089999999999999,-9.1990006623684651e-07,7.9019929483787065e-07,-8.5312808611770715e-07,7.4256029102696683e-07
0.00034099999999999999,-9.2022840309379535e-07,7.9253180130077376e-07,-8.5227199699851212e-07,7.4357563123323134e-07
0.0003411,-9.2066390216706524e-07,7.9480225673618093e-07,-8.5144021869571051e-07,7.4455828128130335e-07
0.0003412,-9.2119392635284307e-07,7.9699764602770284e-07,-8.506433858001718e-07,7.4550651010673399e-07
0.0003413,-9.2178346163152695e-07,7.9910466010695895e-07,-8.4989165256857384e-07,7.464185167522542e-07
0.0003414,-9.2237997571852719e-07,8.0111028771865853e-07,-8.4919444944554869e-07,7.4729247838650246e-07
0.00034150000000000001,-9.2292102107223349e-07,8.0300243665029369e-07,-8.4856025127288091e-07,7.481265987248115e-07
0.00034160000000000001,-9.2334352957961178e-07,8.0477054959664218e-07,-8.4799636324643218e-07,7.4891915584102374e-07
0.00034170000000000001,-9.235934642134136e-07,8.0640617442116392e-07,-8.4750873030711016e-07,7.4966854834755778e-07
0.00034180000000000001,-9.2363440375874406e-07,8.0790344678544659e-07,-8.471017751341122e-07,7.5037333893201682e-07
0.00034190000000000002,-9.2345375840427125e-07,8.0925944569330735e-07,-8.4677826925941542e-07,7.5103229427243547e-07
0.00034200000000000002,-9.2306563326126356e-07,8.1047438962369288e-07,-8.4653924105843681e-07,7.5164442040977772e-07
0.00034210000000000002,-9.2250983034042554e-07,8.1155165216467373e-07,-8.4638392351110336e-07,7.5220899273487179e-07
0.00034220000000000002,-9.2184703968192576e-07,8.1249759037028945e-07,-8.4630974369126097e-07,7.527255798461578e-07
0.00034230000000000003,-9.2115083526066563e-07,8.1332119492584769e-07,-8.4631235495310781e-07,7.531940606532893e-07
0.00034240000000000003,-9.2049757666699335e-07,8.1403358682588362e-07,-8.4638571176481231e-07,7.5361463423683783e-07
0.00034250000000000003,-9.1995564936311406e-07,8.1464739880200742e-07,-8.4652218611575094e-07,7.5398782212437004e-07
0.00034260000000000003,-9.1957560212014354e-07,8.1517608955770801e-07,-8.4671272341960283e-07,7.5431446280435347e-07
0.00034269999999999998,-9.1938263751732744e-07,8.1563324378685704e-07,-8.4694703487376397e-07,7.5459569846886747e-07
0.00034279999999999998,-9.1937259139172006e-07,8.1603191039408338e-07,-8.4721382233917716e-07,7.5483295415033168e-07
0.00034289999999999999,-9.1951204379125785e-07,8.1638402541247815e-07,-8.4750103099388566e-07,7.5502790959250113e-07
0.00034299999999999999,-9.1974260784184427e-07,8.1669995561945933e-07,-8.4779612430729665e-07,7.5518246436833737e-07
0.00034309999999999999,-9.1998883097046239e-07,8.1698818514529865e-07,-8.4808637529593933e-07,7.5529869692300992e-07
0.00034319999999999999,-9.2016860576818046e-07,8.1725515218917151e-07,-8.4835916756844032e-07,7.5537881837528063e-07
0.0003433,-9.2020460619759487e-07,8.1750522817942044e-07,-8.4860229935777919e-07,7.5542512205164569e-07
0.0003434,-9.2003509751922148e-07,8.177408190912557e-07,-8.4880428357858142e-07,7.5543992985084481e-07
0.0003435,-9.1962254272989219e-07,8.1796255956169758e-07,-8.4895463694001273e-07,7.5542553663908296e-07
0.0003436,-9.189587362929881e-07,8.1816956577547643e-07,-8.4904415129051749e-07,7.5538415395524713e-07
0.00034370000000000001,-9.1806569442806336e-07,8.1835971305743598e-07,-8.4906514066502242e-07,7.5531785435861825e-07
0.00034380000000000001,-9.1699214830001215e-07,8.1852990827671692e-07,-8.4901165794282505e-07,7.5522851777686801e-07
0.00034390000000000001,-9.158061317755532e-07,8.1867633457402778e-07,-8.488796755944113e-07,7.5511778120825014e-07
0.00034400000000000001,-9.1458473356320257e-07,8.1879465520918166e-07,-8.4866722568629779e-07,7.5498699309839655e-07
0.00034410000000000002,-9.1340250819463748e-07,8.1888017296753691e-07,-8.4837449510992584e-07,7.5483717364821305e-07
0.00034420000000000002,-9.1232024720349787e-07,8.1892795010266523e-07,-8.4800387288672876e-07,7.5466898221639678e-07
0.00034430000000000002,-9.1137576865692238e-07,8.1893290005010912e-07,-8.4755994735890154e-07,7.544826928584133e-07
0.00034440000000000002,-9.1057809451893448e-07,8.1888986538794531e-07,-8.4704945208416853e-07,7.5427817889587854e-07
0.00034450000000000003,-9.0990589237167483e-07,8.1879369653902816e-07,-8.4648116029348688e-07,7.5405490723792046e-07
0.00034460000000000003,-9.0931043267546268e-07,8.1863934283449154e-07,-8.4586572882158904e-07,7.5381194298294182e-07
0.00034470000000000003,-9.0872264705357639e-07,8.1842196256548302e-07,-8.4521549346196547e-07,7.5354796461809508e-07
0.00034480000000000003,-9.0806326561939272e-07,8.18137052616734e-07,-8.4454421870944835e-07,7.5326128990943548e-07
0.00034489999999999998,-9.0725455254685852e-07,8.1778059238437925e-07,-8.438668058162694e-07,7.5294991234185215e-07
0.00034499999999999998,-9.0623191764068646e-07,8.1734919201775352e-07,-8.4319896398254083e-07,7.526115477298531e-07
0.00034509999999999999,-9.0495369423284678e-07,8.1684023240054568e-07,-8.4255685031337588e-07,7.5224369038266255e-07
0.00034519999999999999,-9.0340763926302223e-07,8.1625198410605945e-07,-8.4195668488677832e-07,7.5184367797517282e-07
0.00034529999999999999,-9.0161319114799017e-07,8.1558369476940111e-07,-8.4141434787616649e-07,7.5140876405518054e-07
0.00034539999999999999,-8.9961914422799355e-07,8.1483563842436267e-07,-8.4094496614761119e-07,7.5093619691204028e-07
0.0003455,-8.9749707286137327e-07,8.1400912552401103e-07,-8.4056249709595661e-07,7.5042330334732542e-07
0.0003456,-8.9533146347963455e-07,8.131064775867053e-07,-8.4027931768932628e-07,7.4986757572875922e-07
0.0003457,-8.9320799612660228e-07,8.1213097466935947e-07,-8.4010582675385209e-07,7.4926676057888517e-07
0.0003458,-8.9120168628450059e-07,8.1108678633719099e-07,-8.4005006844830811e-07,7.4861894685286882e-07
0.00034590000000000001,-8.8936661311582712e-07,8.099788969792843e-07,-8.4011738465220263e-07,7.4792265199931081e-07
0.00034600000000000001,-8.8772871951779069e-07,8.0881303414616289e-07,-8.4031010362374377e-07,7.471769038752242e-07
0.00034610000000000001,-8.8628270875794715e-07,8.0759560444155091e-07,-8.4062727178140778e-07,7.4638131660403502e-07
0.00034620000000000001,-8.849934509693056e-07,8.0633363615802993e-07,-8.4106443483186453e-07,7.4553615852362304e-07
0.00034630000000000001,-8.8380164199678926e-07,8.050347223404347e-07,-8.4161347371754933e-07,7.4464241047014059e-07
0.00034640000000000002,-8.8263282736998176e-07,8.0370695341363409e-07,-8.4226250000017554e-07,7.4370181278181001e-07
0.00034650000000000002,-8.8140840963139917e-07,8.0235882593607895e-07,-8.4299581434581399e-07,7.4271689958308329e-07
0.00034660000000000002,-8.8005697158809067e-07,8.0099911415852592e-07,-8.4379393074675598e-07,7.416910191206868e-07
0.00034670000000000002,-8.7852421354204083e-07,7.9963669416842377e-07,-8.4463366802210648e-07,7.4062833916577519e-07
0.00034680000000000003,-8.7678002368176218e-07,7.9828031627078638e-07,-8.4548830899949563e-07,7.395338367664691e-07
0.00034690000000000003,-8.7482164365935016e-07,7.9693832918789453e-07,-8.4632782661319847e-07,7.3841327192709721e-07
0.00034700000000000003,-8.7267248873815731e-07,7.956183685416333e-07,-8.4711917497770874e-07,7.3727314509939382e-07
0.00034709999999999998,-8.7037684345714964e-07,7.9432703055935702e-07,-8.4782664233009534e-07,7.3612063869043661e-07
0.00034719999999999998,-8.6799127969904222e-07,7.9306955862454077e-07,-8.4841226159849147e-07,7.3496354311568633e-07
0.00034729999999999999,-8.6557414008925591e-07,7.9184957396506585e-07,-8.4883627326734414e-07,7.3381016824692144e-07
0.00034739999999999999,-8.6317472123697572e-07,7.9066888160056128e-07,-8.4905763419153755e-07,7.3266924141684514e-07
0.00034749999999999999,-8.6082383482779846e-07,7.8952737834468727e-07,-8.4903456507954186e-07,7.3154979343861282e-07
0.00034759999999999999,-8.5852721380610384e-07,7.8842308146004416e-07,-8.4872512853764941e-07,7.3046103437233518e-07
0.00034769999999999999,-8.5626279797793755e-07,7.8735228534800708e-07,-8.4808782885934973e-07,7.2941222101640706e-07
0.0003478,-8.5398234386892568e-07,7.8630984074705257e-07,-8.4708222417062325e-07,7.2841251831293534e-07
0.0003479,-8.5161714661951754e-07,7.8528953792517902e-07,-8.4566954111587903e-07,7.2747085702907893e-07
0.000348,-8.4908703616625566e-07,7.8428456396424289e-07,-8.4381328200173407e-07,7.2659579020523051e-07
0.0003481,-8.4631131013241158e-07,7.8328799595238071e-07,-8.4147981421453783e-07,7.2579535094336703e-07
0.00034820000000000001,-8.432199668832519e-07,7.822932878408673e-07,-8.3863893179886291e-07,7.2507691414180185e-07
0.00034830000000000001,-8.397635489447291e-07,7.8129470944693292e-07,-8.3526437933104073e-07,7.2444706476499013e-07
0.00034840000000000001,-8.3592010733289655e-07,7.8028770152171918e-07,-8.3133432864437078e-07,7.2391147516766952e-07
0.00034850000000000001,-8.3169822113795734e-07,7.79269120253388e-07,-8.2683179955801854e-07,7.2347479387294557e-07
0.00034860000000000002,-8.2713559037673879e-07,7.7823735681267422e-07,-8.2174501652417685e-07,7.2314054803478757e-07
0.00034870000000000002,-8.2229337631320859e-07,7.7719233099294207e-07,-8.1606769402844932e-07,7.2291106160007328e-07
0.00034880000000000002,-8.1724709417767017e-07,7.7613537094225782e-07,-8.09799244644584e-07,7.2278739092713017e-07
0.00034890000000000002,-8.1207537461441626e-07,7.7506900183638648e-07,-8.0294490484163599e-07,7.2276927932124194e-07
0.00034900000000000003,-8.068482264982437e-07,7.7399667383610434e-07,-7.955157749512398e-07,7.2285513161871159e-07
0.00034910000000000003,-8.0161650858797611e-07,7.7292246304616002e-07,-7.8752877110440925e-07,7.2304200959528271e-07
0.00034920000000000003,-7.9640414058059799e-07,7.7185077827331576e-07,-7.7900648841818112e-07,7.2332564859941779e-07
0.00034930000000000003,-7.9120418271869874e-07,7.7078610158692435e-07,-7.6997697622762227e-07,7.2370049542312159e-07
0.00034939999999999998,-7.859793476001488e-07,7.6973278294620021e-07,-7.6047342769150205e-07,7.2415976703009047e-07
0.00034949999999999998,-7.8066686261827536e-07,7.6869489975507182e-07,-7.5053378762284737e-07,7.2469552937126545e-07
0.00034959999999999999,-7.7518697211932182e-07,7.6767618256885586e-07,-7.4020028388012429e-07,7.2529879513840501e-07
0.00034969999999999999,-7.694538473966906e-07,7.6667999966845233e-07,-7.2951888907222351e-07,7.2595963894555625e-07
0.00034979999999999999,-7.6338733570413751e-07,7.6570938693003878e-07,-7.1853872065343599e-07,7.2666732809275046e-07
0.00034989999999999999,-7.5692387427980209e-07,7.6476710602462237e-07,-7.0731138868513732e-07,7.2741046676356184e-07
0.00035,-7.5002503488833341e-07,7.6385571365642467e-07,-6.9589030159431225e-07,7.2817715124390641e-07
0.0003501,-7.4268252525154129e-07,7.6297762696862017e-07,-6.8432994114171003e-07,7.28955133529745e-07
0.0003502,-7.3491900015864032e-07,7.6213517466938228e-07,-6.7268511850350883e-07,7.2973199052058261e-07
0.0003503,-7.2678464748849721e-07,7.6133062884805251e-07,-6.6101022385314517e-07,7.3049529587737284e-07
0.00035040000000000001,-7.1835012168622045e-07,7.6056621775901524e-07,-6.4935848208985668e-07,7.3123279156098423e-07
0.00035050000000000001,-7.096969103632006e-07,7.5984412405021453e-07,-6.3778122738880659e-07,7.3193255606164703e-07
0.00035060000000000001,-7.0090656490366718e-07,7.5916647527522442e-07,-6.2632720903832248e-07,7.3258316638171562e-07
0.00035070000000000001,-6.9205035560259207e-07,7.5853533371134745e-07,-6.150419405831064e-07,7.3317385094279673e-07
0.00035080000000000002,-6.8318081103214801e-07,7.5795269060710705e-07,-6.0396710361170988e-07,7.3369463075217665e-07
0.00035090000000000002,-6.7432628958658907e-07,7.5742046650602655e-07,-5.9314001662204171e-07,7.3413644637913423e-07
0.00035100000000000002,-6.6548925897983482e-07,7.5694051505711894e-07,-5.8259317828322385e-07,7.3449126855589756e-07
0.00035110000000000002,-6.5664840020808297e-07,7.5651462370412534e-07,-5.7235389310535613e-07,7.3475219052493272e-07
0.00035120000000000003,-6.477640909449555e-07,7.5614450180495681e-07,-5.6244398605252092e-07,7.3491350059854334e-07
0.00035130000000000003,-6.3878634285643208e-07,7.5583174583413294e-07,-5.5287961101639631e-07,7.3497073377172058e-07
0.00035140000000000003,-6.2966393732673886e-07,7.5557777278776527e-07,-5.4367115633817214e-07,7.3492070162713374e-07
0.00035150000000000003,-6.2035336991718926e-07,7.5538371673718877e-07,-5.3482324875832117e-07,7.347615001846924e-07
0.00035159999999999998,-6.1082629047358439e-07,7.5525028921278175e-07,-5.2633485532313424e-07,7.3449249576888209e-07
0.00035169999999999998,-6.0107439606549908e-07,7.5517761090738582e-07,-5.1819948092041405e-07,7.3411428938648191e-07
0.00035179999999999999,-5.9111115202704529e-07,7.5516502897416473e-07,-5.1040545729280797e-07,7.3362866051737645e-07
0.00035189999999999999,-5.8097021520439591e-07,7.5521093977780057e-07,-5.0293631762305775e-07,7.3303849161318206e-07
0.00035199999999999999,-5.7070093544207634e-07,7.5531264027171864e-07,-4.9577124913881216e-07,7.3234767496482622e-07
0.00035209999999999999,-5.6036174013414639e-07,7.5546623144074006e-07,-4.8888561467983669e-07,7.3156100393333291e-07
0.0003522,-5.5001249910592544e-07,7.5566659412397552e-07,-4.8225153284094391e-07,7.306840508310254e-07
0.0003523,-5.3970708231018099e-07,7.5590745118066955e-07,-4.7583850517866946e-07,7.297230339874512e-07
0.0003524,-5.2948724806013339e-07,7.5618152105076157e-07,-4.6961407807402915e-07,7.28684676729811e-07
0.0003525,-5.1937875146787745e-07,7.5648075738339173e-07,-4.6354452619852439e-07,7.2757606114835699e-07
0.00035260000000000001,-5.0939018434477673e-07,7.5679665892386154e-07,-4.5759554415108453e-07,7.2640447959902211e-07
0.00035270000000000001,-4.9951461106626762e-07,7.5712062470233598e-07,-4.5173293272991304e-07,7.2517728691780916e-07
0.00035280000000000001,-4.8973362095054634e-07,7.5744432305981566e-07,-4.4592326647902831e-07,7.239017562827094e-07
0.00035290000000000001,-4.800230456536763e-07,7.5776004015120392e-07,-4.401345296027023e-07,7.2258494156062906e-07
0.00035300000000000002,-4.7035934637344999e-07,7.5806097477372986e-07,-4.3433670806319769e-07,7.2123354882026502e-07
0.00035310000000000002,-4.6072559555949393e-07,7.5834145161372484e-07,-4.2850232665470504e-07,7.1985381948106724e-07
0.00035320000000000002,-4.5111607042184439e-07,7.5859703366090515e-07,-4.2260692105802117e-07,7.1845142730687227e-07
0.00035330000000000002,-4.4153872277548571e-07,7.588245255104126e-07,-4.1662943630195868e-07,7.1703139114675335e-07
0.00035340000000000002,-4.3201514980324103e-07,7.5902187114600613e-07,-4.1055254465749598e-07,7.1559800498097664e-07
0.00035350000000000003,-4.2257810442916631e-07,7.5918796104538087e-07,-4.0436287773550566e-07,7.1415478645418041e-07
0.00035360000000000003,-4.1326698597177619e-07,7.5932237264608669e-07,-3.9805116941018666e-07,7.1270444467891681e-07
0.00035370000000000003,-4.0412207834641643e-07,7.5942507423739548e-07,-3.9161230810790417e-07,7.1124886767906693e-07
0.00035379999999999998,-3.9517850380009456e-07,7.5949612453725999e-07,-3.8504529894257579e-07,7.0978912942286926e-07
0.00035389999999999998,-3.8646090486549914e-07,7.5953539845424563e-07,-3.7835313810146216e-07,7.0832551597886545e-07
0.00035399999999999999,-3.7797975054047726e-07,7.5954236424756045e-07,-3.7154260374648264e-07,7.0685756992328051e-07
0.00035409999999999999,-3.6972990447777093e-07,7.5951592937741e-07,-3.6462396945459982e-07,7.0538415174332695e-07
0.00035419999999999999,-3.6169173482187395e-07,7.5945436299882076e-07,-3.5761064783775026e-07,7.0390351662564489e-07
0.00035429999999999999,-3.5383464388462987e-07,7.59355293643708e-07,-3.5051877342173833e-07,7.0241340470015485e-07
0.00035439999999999999,-3.4612251378172775e-07,7.5921577243627703e-07,-3.4336673509318966e-07,7.0091114253403872e-07
0.0003545,-3.3852026041348896e-07,7.5903238621583057e-07,-3.3617466941644785e-07,6.9939375344372808e-07
0.0003546,-3.3100050896867654e-07,7.588014018194122e-07,-3.2896392685695568e-07,6.9785807402022088e-07
0.0003547,-3.2354937598804288e-07,7.5851892265100088e-07,-3.2175652340794396e-07,6.9630087414736754e-07
0.0003548,-3.161704690163595e-07,7.5818104120827412e-07,-3.145745902941645e-07,6.9471897773735617e-07
0.00035490000000000001,-3.0888647449848368e-07,7.5778397573029441e-07,-3.0743983431670767e-07,6.9310938141239241e-07
0.00035500000000000001,-3.0173805727382923e-07,7.5732418458875671e-07,-3.0037302101043649e-07,6.9146936842726112e-07
0.00035510000000000001,-2.9478018669018895e-07,7.5679845740591112e-07,-2.9339349212060852e-07,6.8979661525134628e-07
0.00035520000000000001,-2.8807637582427624e-07,7.5620398617626238e-07,-2.8651872798403469e-07,6.8808928840863456e-07
0.00035530000000000002,-2.8169161642400348e-07,7.5553842218827366e-07,-2.797639642453091e-07,6.8634612940560886e-07
0.00035540000000000002,-2.7568497016673957e-07,7.547999249510146e-07,-2.7314187097785282e-07,6.8456652585446078e-07
0.00035550000000000002,-2.7010281242594137e-07,7.5398720771420672e-07,-2.6666230074499704e-07,6.8275056721664497e-07
0.00035560000000000002,-2.6497361558054914e-07,7.5309958100935972e-07,-2.6033211046464117e-07,6.8089908394200935e-07
0.00035570000000000003,-2.6030492434360468e-07,7.5213699171836557e-07,-2.5415506017129518e-07,6.7901366915374528e-07
0.00035580000000000003,-2.5608285327865428e-07,7.5110005143537205e-07,-2.4813178994308121e-07,6.7709668242134953e-07
0.00035590000000000003,-2.5227407641323935e-07,7.4999004525427856e-07,-2.4225987442082695e-07,6.7515123556299595e-07
0.00035600000000000003,-2.4882993475056363e-07,7.4880891132769626e-07,-2.3653395253486552e-07,6.7318116081752615e-07
0.00035609999999999998,-2.4569200963116523e-07,7.4755918301617706e-07,-2.309459283136128e-07,6.7119096211512825e-07
0.00035619999999999998,-2.4279833695394029e-07,7.4624388917724177e-07,-2.2548523701685169e-07,6.6918575054671907e-07
0.00035629999999999999,-2.4008939091046008e-07,7.4486641369927333e-07,-2.20139169352635e-07,6.6717116547677118e-07
0.00035639999999999999,-2.3751304807552655e-07,7.4343032195788895e-07,-2.1489324523323527e-07,6.651532830558876e-07
0.00035649999999999999,-2.3502793600837563e-07,7.4193916840142155e-07,-2.0973162743174475e-07,6.6313851416076177e-07
0.00035659999999999999,-2.326048414519849e-07,7.403963048131029e-07,-2.0463756464038342e-07,6.6113349401514396e-07
0.0003567,-2.3022615785315565e-07,7.3880471191066202e-07,-1.995938528229185e-07,6.5914496592106608e-07
0.0003568,-2.2788364299951778e-07,7.3716687707269049e-07,-1.9458330340885682e-07,6.5717966165150127e-07
0.0003569,-2.2557499182235925e-07,7.3548473779054008e-07,-1.8958920680264514e-07,6.5524418112184956e-07
0.000357,-2.2329987406926206e-07,7.3375970409794391e-07,-1.8459577987653083e-07,6.5334487396641811e-07
0.00035710000000000001,-2.2105612394105428e-07,7.3199276438868431e-07,-1.7958858657489949e-07,6.5148772559844325e-07
0.00035720000000000001,-2.188366984776521e-07,7.3018466877515456e-07,-1.745549214679858e-07,6.496782502285516e-07
0.00035730000000000001,-2.1662785963070959e-07,7.2833617382004183e-07,-1.694841470359532e-07,6.4792139316044897e-07
0.00035740000000000001,-2.1440881115161935e-07,7.2644832352237888e-07,-1.6436797661707957e-07,6.4622144447676363e-07
0.00035750000000000002,-2.1215277347796651e-07,7.2452273516099428e-07,-1.5920069628783639e-07,6.4458196597769101e-07
0.00035760000000000002,-2.0982924755376183e-07,7.2256185597067634e-07,-1.5397932042657273e-07,6.4300573294541864e-07
0.00035770000000000002,-2.0740703749856463e-07,7.2056915815020019e-07,-1.4870367731076045e-07,6.4149469198489786e-07
0.00035780000000000002,-2.0485749809587277e-07,7.1854924531762783e-07,-1.4337642277313988e-07,6.4004993584315226e-07
0.00035790000000000003,-2.0215745873816046e-07,7.1650785261557732e-07,-1.3800298165556565e-07,6.3867169574236937e-07
0.00035800000000000003,-1.9929134859682566e-07,7.1445173412402271e-07,-1.3259141851166993e-07,6.3735935138433777e-07
0.00035810000000000003,-1.962521925634328e-07,7.1238844362638283e-07,-1.2715224068135303e-07,6.3611145840328953e-07
0.00035820000000000003,-1.9304133759516928e-07,7.1032602653114203e-07,-1.2169813845380685e-07,6.3492579266858038e-07
0.00035829999999999998,-1.8966697231961058e-07,7.082726503992574e-07,-1.1624366851541794e-07,6.3379941047621299e-07
0.00035839999999999998,-1.8614168651858938e-07,7.0623620788432046e-07,-1.1080488821188664e-07,6.3272872332573129e-07
0.00035849999999999999,-1.8247945363979443e-07,7.042239282307206e-07,-1.0539894931020599e-07,6.3170958566417406e-07
0.00035859999999999999,-1.7869249002957373e-07,7.022420316176356e-07,-1.0004366090134842e-07,6.3073739369772683e-07
0.00035869999999999999,-1.747884419756895e-07,7.0029545496948375e-07,-9.4757031817518666e-08,6.2980719313023908e-07
0.00035879999999999999,-1.7076828085297014e-07,6.9838766925700876e-07,-8.9556803433581884e-08,6.2891379349107559e-07
0.0003589,-1.6662516328774618e-07,6.9652059802344142e-07,-8.4459983970543382e-08,6.2805188656662251e-07
0.000359,-1.6234436040173682e-07,6.9469463629100433e-07,-7.9482395415387988e-08,6.2721616635365012e-07
0.0003591,-1.5790420421289147e-07,6.9290875949882837e-07,-7.4638243917328441e-08,6.2640144791040203e-07
0.0003592,-1.5327786517936652e-07,6.9116070482393173e-07,-6.9939724021825267e-08,6.2560278249415481e-07
0.00035930000000000001,-1.4843568223899226e-07,6.8944720288358277e-07,-6.5396666373214978e-08,6.2481556644150445e-07
0.00035940000000000001,-1.433477266428045e-07,6.8776423667271185e-07,-6.1016237570512273e-08,6.2403564136936755e-07
0.00035950000000000001,-1.3798629469704971e-07,6.8610730642388622e-07,-5.6802699721155152e-08,6.2325938344754476e-07
0.00035960000000000001,-1.3232808405519585e-07,6.8447168322902548e-07,-5.2757235929128141e-08,6.2248377971545336e-07
0.00035970000000000002,-1.2635589785824972e-07,6.8285263976740189e-07,-4.8877846506532055e-08,6.2170648968078711e-07
0.00035980000000000002,-1.2005982105243289e-07,6.8124565224652973e-07,-4.5159319142890686e-08,6.2092589074278358e-07
0.00035990000000000002,-1.1343790354583288e-07,6.7964657263732716e-07,-4.1593274638205698e-08,6.2014110631986975e-07
0.00036000000000000002,-1.0649644887058307e-07,6.7805177365305032e-07,-3.8168288139916132e-08,6.1935201592547185e-07
0.00036010000000000003,-9.9250034496236644e-08,6.7645827021801657e-07,-3.4870084155769909e-08,6.1855924681823104e-07
0.00036020000000000003,-9.1721378822893858e-08,6.7486382035486004e-07,-3.1681801980794258e-08,6.1776414724688946e-07
0.00036030000000000003,-8.3941126349649501e-08,6.7326700586462533e-07,-2.8584326611373185e-08,6.1696874170692849e-07
0.00036040000000000003,-7.5947559549819146e-08,6.7166728960391542e-07,-2.5556678756911704e-08,6.1617566901798649e-07
0.00036049999999999998,-6.7786180649233496e-08,6.7006504251210837e-07,-2.2576456230168263e-08,6.1538810440920692e-07
0.00036059999999999998,-5.9509056436381109e-08,6.684615307895331e-07,-1.9620317829469323e-08,6.1460966715684798e-07
0.00036069999999999999,-5.1173799038492212e-08,6.6685885262460479e-07,-1.666449984421466e-08,6.1384431564580776e-07
0.00036079999999999999,-4.2842073791898826e-08,6.6525981517920277e-07,-1.3685354539653762e-08,6.1309623201799277e-07
0.00036089999999999999,-3.4577582419892271e-08,6.6366774633751202e-07,-1.0659899424385587e-08,6.1236969881845981e-07
0.00036099999999999999,-2.6443557771443286e-08,6.6208624173463902e-07,-7.5663657852745925e-09,6.116689702495612e-07
0.0003611,-1.8499910181188035e-08,6.6051885512429199e-07,-4.3847348963702148e-09,6.1099814078880937e-07
0.0003612,-1.0800265250022438e-08,6.5896874821681448e-07,-1.0972504721088967e-09,6.1036101401470719e-07
0.0003613,-3.3892076195449322e-09,6.5743832354518666e-07,2.3111036631709681e-09,6.0976097451314544e-07
0.0003614,3.699922901421372e-09,6.5592886952924318e-07,5.8521710859462974e-09,6.0920086570448259e-07
0.0003615,1.0446359273568329e-08,6.5444024972735167e-07,9.5342450136107705e-09,6.0868287633789248e-07
0.00036160000000000001,1.6842115520848973e-08,6.5297066765433246e-07,1.3361753777324667e-08,6.0820843824636701e-07
0.00036170000000000001,2.2890961119675052e-08,6.5151653431911148e-07,1.7335016808914232e-08,6.0777813774587829e-07
0.00036180000000000001,2.8606209299871533e-08,6.5007245810058545e-07,2.1450077050063331e-08,6.0739164279938265e-07
0.00036190000000000001,3.4007537842925979e-08,6.4863136649820009e-07,2.5698614196691453e-08,6.0704764775613891e-07
0.00036200000000000002,3.9117213202244922e-08,6.4718475778457867e-07,3.0067941604588625e-08,6.0674383712531465e-07
0.00036210000000000002,4.3956196454594804e-08,6.4572306897459108e-07,3.454108803671097e-08,6.064768694577944e-07
0.00036220000000000002,4.8540652375269867e-08,6.4423613615268088e-07,3.9096963762027183e-08,6.0624238199926914e-07
0.00036230000000000002,5.2879349864365798e-08,6.4271371524824322e-07,4.37106088542652e-08,6.0603501635030241e-07
0.00036240000000000003,5.6972333789592559e-08,6.4114602667433307e-07,4.8353519920250607e-08,6.0584846493420622e-07
0.00036250000000000003,6.0811077943725308e-08,6.3952428627156404e-07,5.2994049944484224e-08,6.0567553764086615e-07
0.00036260000000000003,6.43801197145678e-08,6.3784118767130057e-07,5.759787449977079e-08,6.0550824759343607e-07
0.00036270000000000003,6.7659959919807406e-08,6.3609130699996872e-07,6.2128516272135173e-08,6.0533791458472447e-07
0.00036279999999999998,7.06308192960648e-08,6.3427140891367861e-07,6.6547918706930351e-08,6.0515528435951249e-07
0.00036289999999999998,7.3276706864115094e-08,6.3238064217649747e-07,7.0817058624398136e-08,6.0495066158662896e-07
0.00036299999999999999,7.5589197631157259e-08,6.3042062221276217e-07,7.4896586894946351e-08,6.047140540770429e-07
0.00036309999999999999,7.7570349045060837e-08,6.2839540621621527e-07,7.8747485721041597e-08,6.0443532556844457e-07
0.00036319999999999999,7.9234304749373527e-08,6.2631137267861876e-07,8.233173075284905e-08,6.0410435421716949e-07
0.00036329999999999999,8.060732423055665e-08,6.2417702114777344e-07,8.5612946173841273e-08,6.0371119381903712e-07
0.0003634,8.172621010789247e-08,6.2200270956701594e-07,8.8557041029781566e-08,6.0324623472374296e-07
0.0003635,8.2635345893672983e-08,6.198003459777051e-07,9.1132815435461494e-08,6.0270036141387968e-07
0.0003636,8.3382768841970858e-08,6.175830492615166e-07,9.3312525868941435e-08,6.0206510378871882e-07
0.0003637,8.4015851639374236e-08,6.1536479070531993e-07,9.5072399539190864e-08,6.0133277932248225e-07
0.00036380000000000001,8.4577228993140648e-08,6.1316002525881627e-07,9.639308877272768e-08,6.0049662345378746e-07
0.00036390000000000001,8.5101569656979997e-08,6.1098331908432711e-07,9.7260057486866472e-08,5.9955090580204305e-07
0.00036400000000000001,8.5613665290061169e-08,6.088489788086397e-07,9.7663893078149989e-08,5.9849103009258709e-07
0.00036410000000000001,8.6128103733844654e-08,6.0677068793063746e-07,9.7600538427458744e-08,5.9731361599805196e-07
0.00036420000000000002,8.6650546799765353e-08,6.047611569670638e-07,9.7071440180689827e-08,5.9601656146130084e-07
0.00036430000000000002,8.7180379789548966e-08,6.0283179572442938e-07,9.6083610975895726e-08,5.945990844474738e-07
0.00036440000000000002,8.7714281391525152e-08,6.0099241798792954e-07,9.4649604824900635e-08,5.9306174347020653e-07
0.00036450000000000002,8.8250113103770522e-08,5.9925099028318716e-07,9.2787406389352312e-08,5.9140643664165521e-07
0.00036460000000000003,8.8790471275009593e-08,5.9761343662917749e-07,9.0520236389419191e-08,5.8963637939895937e-07
0.00036470000000000003,8.9345292140704439e-08,5.9608350997926082e-07,8.7876276819366754e-08,5.8775606145264231e-07
0.00036480000000000003,8.9933044595256086e-08,5.9466273822297532e-07,8.4888320992593741e-08,5.8577118387769071e-07
0.00036490000000000003,9.0580265223029853e-08,5.9335044837042692e-07,8.1593354675431995e-08,5.8368857761823567e-07
0.00036499999999999998,9.1319451506926462e-08,5.9214386731544545e-07,7.8032075673105717e-08,5.8151610499570643e-07
0.00036509999999999998,9.2185591401856241e-08,5.9103829203053313e-07,7.4248360185027544e-08,5.7926254609207564e-07
0.00036519999999999999,9.321182928957427e-08,5.9002731694180371e-07,7.0288685035636354e-08,5.7693747212069342e-07
0.00036529999999999999,9.4424914365341595e-08,5.8910310229270709e-07,6.6201515499873781e-08,5.7455110809268601e-07
0.00036539999999999999,9.5841123998614973e-08,5.8825666510483047e-07,6.2036668872654054e-08,5.7211418723553731e-07
0.00036549999999999999,9.7463293289594379e-08,5.874781742010346e-07,5.7844664174859594e-08,5.6963779972033484e-07
0.0003656,9.9279421571539786e-08,5.8675723267450103e-07,5.3676068445300267e-08,5.6713323830525904e-07
0.0003657,1.0126309135864396e-07,5.8608313484880399e-07,4.9580849941625412e-08,5.6461184350570719e-07
0.0003658,1.033756615765908e-07,5.8544508958621818e-07,4.560774827060681e-08,5.6208485085780803e-07
0.0003659,1.0556992754054996e-07,5.8483240699195946e-07,4.1803670999281669e-08,5.5956324275404056e-07
0.00036600000000000001,1.0779471739454322e-07,5.8423465030676629e-07,3.8213125675691115e-08,5.5705760720055124e-07
0.00036610000000000001,1.0999975385154808e-07,5.8364175834184468e-07,3.4877695426462873e-08,5.5457800567925054e-07
0.00036620000000000001,1.1214007361764485e-07,5.8304414566508478e-07,3.1835565415439847e-08,5.5213385209764104e-07
0.00036630000000000001,1.1417937101396488e-07,5.824327876786977e-07,2.9121106461286461e-08,5.497338045805348e-07
0.00036640000000000002,1.1609180573099998e-07,5.8179929586842229e-07,2.6764521042686273e-08,5.4738567160468756e-07
0.00036650000000000002,1.1786206027633349e-07,5.8113598531853566e-07,2.4791555788045131e-08,5.4509633370501593e-07
0.00036660000000000002,1.1948371183210611e-07,5.8043593279907817e-07,2.3223283373447062e-08,5.4287168169427744e-07
0.00036670000000000002,1.2095625172193491e-07,5.796930202033738e-07,2.2075955559393308e-08,5.4071657204189705e-07
0.00036680000000000003,1.2228130076420317e-07,5.7890195569443104e-07,2.13609279042322e-08,5.3863479975670815e-07
0.00036690000000000003,1.2345869599750343e-07,5.7805826429210548e-07,2.1084655520488097e-08,5.3662908881767143e-07
0.00036700000000000003,1.2448314295234583e-07,5.771582411858406e-07,2.1248758108528637e-08,5.3470109990052594e-07
0.00036710000000000003,1.2534203434741795e-07,5.7619886479295296e-07,2.1850151428335574e-08,5.328514548611138e-07
0.00036719999999999998,1.2601484519944529e-07,5.7517767209177805e-07,2.2881241370950045e-08,5.3107977716238395e-07
0.00036729999999999998,1.2647425592494356e-07,5.7409260526548321e-07,2.4330175881248876e-08,5.2938474717507282e-07
0.00036739999999999999,1.2668887014565135e-07,5.7294184515546137e-07,2.6181149175948992e-08,5.2776417104611268e-07
0.00036749999999999999,1.2662712817312427e-07,5.7172365229421975e-07,2.8414752006391906e-08,5.2621506161707371e-07
0.00036759999999999999,1.2626181340535715e-07,5.7043623929193195e-07,3.1008361143036695e-08,5.2473372969036943e-07
0.00036769999999999999,1.2557444039654837e-07,5.6907769826892764e-07,3.3936560814901864e-08,5.2331588378701669e-07
0.0003678,1.2455881846188063e-07,5.6764600344556801e-07,3.7171588526497983e-08,5.2195673641814418e-07
0.0003679,1.2322320363377045e-07,5.6613910201136648e-07,4.0683797499463347e-08,5.2065111480623758e-07
0.000368,1.2159066665800794e-07,5.6455509661385062e-07,4.4442127946017859e-08,5.1939357394207951e-07
0.0003681,1.1969758205752734e-07,5.628925113226648e-07,4.8414579474342932e-08,5.1817850985168733e-07
0.00036820000000000001,1.1759043933305285e-07,5.6115062116515623e-07,5.2568677147414939e-08,5.1700027097422173e-07
0.00036830000000000001,1.1532144491926209e-07,5.5932981487887231e-07,5.6871924060560265e-08,5.1585326561738992e-07
0.00036840000000000001,1.1294357944115352e-07,5.5743195290021425e-07,6.1292233760328897e-08,5.1473206356058257e-07
0.00036850000000000001,1.1050586696193477e-07,5.5546067903614703e-07,6.5798336387950281e-08,5.136314900167625e-07
0.00036860000000000001,1.0804958532896886e-07,5.534216455009802e-07,7.036015308308635e-08,5.1254671033967577e-07
0.00036870000000000002,1.0560600236101168e-07,5.5132261719289895e-07,7.4949133913850835e-08,5.1147330407100765e-07
0.00036880000000000002,1.0319598305852616e-07,5.4917343173451441e-07,7.9538555393091244e-08,5.1040732715827681e-07
0.00036890000000000002,1.0083151523017381e-07,5.4698580580013081e-07,8.4103774482601506e-08,5.0934536143539955e-07
0.00036900000000000002,9.8518891565587734e-08,5.4477299401320761e-07,8.8622436860109962e-08,5.0828455073737515e-07
0.00036910000000000003,9.6263014285535737e-08,5.4254932235493875e-07,9.307463811164306e-08,5.072226233143047e-07
0.00036920000000000003,9.4072097746401123e-08,5.4032963167596666e-07,9.7443037397126086e-08,5.0615790051024659e-07
0.00036930000000000003,9.1961966121977875e-08,5.38128676859269e-07,1.0171292400303093e-07,5.05089291973419e-07
0.00036940000000000003,8.99591914772603e-08,5.3596053219488737e-07,1.0587223802634804e-07,5.040162779586932e-07
0.00036949999999999998,8.8102486338829557e-08,5.3383805295724066e-07,1.099115472132306e-07,5.0293887956372434e-07
0.00036959999999999998,8.6442029332189209e-08,5.3177243708099605e-07,1.1382398268950261e-07,5.0185761799996232e-07
0.00036969999999999999,8.50367223304526e-08,5.2977291996045258e-07,1.1760513695557777e-07,5.0077346423197207e-07
0.00036979999999999999,8.3949703406871669e-08,5.278466210907891e-07,1.2125292806436565e-07,4.9968778051707242e-07
0.00036989999999999999,8.3242720777960802e-08,5.2599854528205809e-07,1.2476743434822984e-07,4.9860225553651914e-07
0.00036999999999999999,8.2970164415285491e-08,5.2423172544503385e-07,1.2815070440339222e-07,4.9751883492506197e-07
0.0003701,8.3173623142749453e-08,5.2254748033613671e-07,1.3140654727289586e-07,4.9643964907386843e-07
0.0003702,8.3877773332468216e-08,5.2094575070750788e-07,1.3454030789050415e-07,4.9536694010111274e-07
0.0003703,8.5088218842897624e-08,5.1942547208058706e-07,1.3755863285873173e-07,4.9430298985304785e-07
0.0003704,8.6791618156562041e-08,5.1798494225914567e-07,1.4046923153765708e-07,4.9325005071824039e-07
0.00037050000000000001,8.8958096646682907e-08,5.1662214646681863e-07,1.4328063722356712e-07,4.9221028090991206e-07
0.00037060000000000001,9.1545601168239047e-08,5.1533501177100381e-07,1.460019729056617e-07,4.9118568570036137e-07
0.00037070000000000001,9.4505563153743629e-08,5.1412157390231264e-07,1.4864272571574474e-07,4.9017806588212534e-07
0.00037080000000000001,9.7789040168769398e-08,5.1298005208227714e-07,1.5121253374215999e-07,4.8918897448934643e-07
0.00037090000000000002,1.0135243512688269e-07,5.1190883936751786e-07,1.5372098837877592e-07,4.8821968254699881e-07
0.00037100000000000002,1.0516195853376155e-07,5.1090642581757173e-07,1.561774548378755e-07,4.8727115433391643e-07
0.00037110000000000002,1.0919619259397388e-07,5.0997127837594497e-07,1.5859091288722359e-07,4.863440323563518e-07
0.00037120000000000002,1.1344640746032445e-07,5.0910170410181046e-07,1.6096981929274694e-07,4.8543863194174266e-07
0.00037130000000000003,1.1791462481732832e-07,5.0829572224614577e-07,1.6332199287430543e-07,4.84554945086367e-07
0.00037140000000000003,1.2260976949199035e-07,5.0755096611267499e-07,1.6565452252757198e-07,4.8369265293441514e-07
0.00037150000000000003,1.2754254280901173e-07,5.0686462860451702e-07,1.67973698044248e-07,4.8285114603791826e-07
0.00037160000000000003,1.3271984690698595e-07,5.0623345704339619e-07,1.7028496308708636e-07,4.8202955135412472e-07
0.00037169999999999998,1.381396571636813e-07,5.0565379457103888e-07,1.7259288925620066e-07,4.812267647847928e-07
0.00037179999999999998,1.4378716986502498e-07,5.0512165842024517e-07,1.7490116982646711e-07,4.8044148795537918e-07
0.00037189999999999999,1.4963285519765607e-07,5.0463284053118645e-07,1.7721263144829666e-07,4.7967226787331672e-07
0.00037199999999999999,1.5563275204578388e-07,5.0418301395451103e-07,1.795292618885988e-07,4.7891753809495204e-07
0.00037209999999999999,1.6173099629034918e-07,5.0376782934542843e-07,1.8185225174577137e-07,4.7817566006876154e-07
0.00037219999999999999,1.6786423153142028e-07,5.0338298928772771e-07,1.8418204800014994e-07,4.7744496340585829e-07
0.0003723,1.7396726315461542e-07,5.0302429349671825e-07,1.8651841725514274e-07,4.7672378395270921e-07
0.0003724,1.7997912761849526e-07,5.0268765418728817e-07,1.8886051657765292e-07,4.7601049869967573e-07
0.0003725,1.8584868751072907e-07,5.0236908701057948e-07,1.9120696995123009e-07,4.7530355674491313e-07
0.0003726,1.9153893822124391e-07,5.0206468797375558e-07,1.9355594850193265e-07,4.7460150573799411e-07
0.00037270000000000001,1.9702941175125681e-07,5.0177060987943546e-07,1.9590525283445503e-07,4.7390301344277382e-07
0.00037280000000000001,2.0231635574890618e-07,5.0148305258297521e-07,1.9825239601353651e-07,4.7320688427431015e-07
0.00037290000000000001,2.0741070560356886e-07,5.0119827966318971e-07,2.0059468593181761e-07,4.725120708720826e-07
0.00037300000000000001,2.1233420150200915e-07,5.0091267020082077e-07,2.0292930600940969e-07,4.7181768096145492e-07
0.00037310000000000002,2.1711427904318841e-07,5.0062280884190995e-07,2.0525339336268565e-07,4.7112297992047923e-07
0.00037320000000000002,2.2177853879110588e-07,5.0032561099575578e-07,2.0756411375171395e-07,4.7042738960221889e-07
0.00037330000000000002,2.2634965024234951e-07,5.000184737857577e-07,2.0985873276054004e-07,4.6973048405981902e-07
0.00037340000000000002,2.3084146219097811e-07,4.9969943811382644e-07,2.1213468277736793e-07,4.6903198287780698e-07
0.00037350000000000003,2.3525688834580034e-07,4.993673436447268e-07,2.1438962541996128e-07,4.6833174282873077e-07
0.00037360000000000003,2.3958784685314213e-07,4.990219571550473e-07,2.1662150909478861e-07,4.6762974854843832e-07
0.00037370000000000003,2.4381720110397147e-07,4.9866405571705176e-07,2.1882862138851486e-07,4.6692610285960864e-07
0.00037380000000000003,2.4792232906417338e-07,4.9829544948886058e-07,2.2100963597121652e-07,4.6622101727541338e-07
0.00037389999999999998,2.5187968958962137e-07,4.9791893407094081e-07,2.2316365364812588e-07,4.6551480308987067e-07
0.00037399999999999998,2.5566959718116016e-07,4.975381688631906e-07,2.2529023713809034e-07,4.6480786331604596e-07
0.00037409999999999999,2.5928038570463194e-07,4.9715748488765582e-07,2.2738943909105464e-07,4.6410068557617857e-07
0.00037419999999999999,2.6271124120993453e-07,4.9678163236615331e-07,2.2946182279302264e-07,4.6339383588886003e-07
0.00037429999999999999,2.6597319812203214e-07,4.9641548425280278e-07,2.3150847495476512e-07,4.6268795314654618e-07
0.00037439999999999999,2.6908808783980048e-07,4.9606371634113711e-07,2.3353100994944154e-07,4.6198374394187463e-07
0.0003745,2.7208555772314032e-07,4.9573048709655352e-07,2.3553156486282328e-07,4.6128197729158292e-07
0.0003746,2.7499858989564822e-07,4.9541914081392214e-07,2.3751278475525883e-07,4.6058347873037536e-07
0.0003747,2.7785819441331919e-07,4.9513195607702591e-07,2.394777976125049e-07,4.5988912320932288e-07
0.0003748,2.8068809178983119e-07,4.9486995799289381e-07,2.4143017858638606e-07,4.5919982623884607e-07
0.00037490000000000001,2.8350021368227053e-07,4.9463280762883725e-07,2.4337390329728248e-07,4.585165327667577e-07
0.00037500000000000001,2.8629173556271046e-07,4.9441877593759825e-07,2.4531329018686059e-07,4.5784020337692328e-07
0.00037510000000000001,2.8904412930794523e-07,4.9422480272524998e-07,2.4725293216725591e-07,4.5717179753108682e-07
0.00037520000000000001,2.9172442188856633e-07,4.9404663443320973e-07,2.4919761810535864e-07,4.5651225375038529e-07
0.00037530000000000002,2.9428851543978023e-07,4.938790282015086e-07,2.5115224499887129e-07,4.558624668362858e-07
0.00037540000000000002,2.9668611500113485e-07,4.9371600435664128e-07,2.5312172203270779e-07,4.552232624544715e-07
0.00037550000000000002,2.9886657056382449e-07,4.9355112557166113e-07,2.5511086803793372e-07,4.5459536963825213e-07
0.00037560000000000002,3.0078480625616123e-07,4.9337777884961171e-07,2.5712430419586468e-07,4.539793919987769e-07
0.00037570000000000002,3.0240650148129336e-07,4.9318943645198187e-07,2.5916634412294835e-07,4.5337577864483346e-07
0.00037580000000000003,3.0371180702108313e-07,4.9297987406792921e-07,2.6124088372287142e-07,4.5278479600307234e-07
0.00037590000000000003,3.0469710450701889e-07,4.9274332887185938e-07,2.6335129338683573e-07,4.5220650187774611e-07
0.00037600000000000003,3.0537461484550918e-07,4.9247458643207445e-07,2.6550031524888117e-07,4.5164072318673166e-07
0.00037610000000000003,3.0576998403799029e-07,4.921689932913951e-07,2.6768996824955901e-07,4.5108703884880002e-07
0.00037619999999999998,3.0591827371365873e-07,4.9182240081637262e-07,2.6992146372061337e-07,4.5054476926834819e-07
0.00037629999999999999,3.0585901315939776e-07,4.9143105479857542e-07,2.7219513407045063e-07,4.5001297376463181e-07
0.00037639999999999999,3.0563109545039497e-07,4.9099145335497664e-07,2.7451037692369994e-07,4.4949045712097049e-07
0.00037649999999999999,3.0526830459671573e-07,4.9050020193345836e-07,2.768656167504787e-07,4.4897578618809658e-07
0.00037659999999999999,3.047961445233857e-07,4.899538977609237e-07,2.7925828561803875e-07,4.484673171696328e-07
0.00037669999999999999,3.0423042385081195e-07,4.8934907612977906e-07,2.8168482421899327e-07,4.4796323385562665e-07
0.0003768,3.0357776777177393e-07,4.8868224705357913e-07,2.8414070378981689e-07,4.4746159666327638e-07
0.0003769,3.0283792441895723e-07,4.87950042980754e-07,2.8662046894699455e-07,4.4696040190728738e-07
0.000377,3.0200745517095181e-07,4.871494868448654e-07,2.8911780085517997e-07,4.4645765027161233e-07
0.0003771,3.0108418877369661e-07,4.8627837563625051e-07,2.9162559952290477e-07,4.4595142300835828e-07
0.00037720000000000001,3.0007170908423019e-07,4.8533575922115665e-07,2.9413608341892237e-07,4.4543996396665864e-07
0.00037730000000000001,2.9898315083847261e-07,4.8432247895372456e-07,2.9664090403863607e-07,4.4492176517407489e-07
0.00037740000000000001,2.9784369420270095e-07,4.8324171752865043e-07,2.9913127254710918e-07,4.4439565337334543e-07
0.00037750000000000001,2.9669135677662491e-07,4.8209950227150212e-07,3.0159809520341303e-07,4.438608746755074e-07
0.00037760000000000002,2.9557594710768522e-07,4.8090510015950297e-07,3.0403211394863703e-07,4.43317174340602e-07
0.00037770000000000002,2.9455632430682892e-07,4.7967124533318001e-07,3.0642404833181587e-07,4.4276486865132694e-07
0.00037780000000000002,2.9369636018976028e-07,4.7841414907641743e-07,3.0876473486561869e-07,4.4220490591082589e-07
0.00037790000000000002,2.9306018508556292e-07,4.771532578332978e-07,3.1104525995343641e-07,4.4163891377702795e-07
0.00037800000000000003,2.9270738899053338e-07,4.7591074564458295e-07,3.1325708271396692e-07,4.4106923044220216e-07
0.00037810000000000003,2.9268883442497688e-07,4.7471075157544794e-07,3.1539214434490241e-07,4.4049891757181256e-07
0.00037820000000000003,2.9304362142375564e-07,4.7357839788897727e-07,3.1744296110640852e-07,4.3993175342199441e-07
0.00037830000000000003,2.9379754954918482e-07,4.7253864823268163e-07,3.1940269855405003e-07,4.393722051449834e-07
0.00037839999999999998,2.9496317972967392e-07,4.7161508429803949e-07,3.2126522529279177e-07,4.3882537994889134e-07
0.00037849999999999998,2.9654134973267112e-07,4.7082869196570195e-07,3.2302514523631851e-07,4.382969554797346e-07
0.00037859999999999999,2.9852378090511273e-07,4.7019675216378233e-07,3.2467780811528834e-07,4.3779309051589848e-07
0.00037869999999999999,3.0089626392290359e-07,4.6973192669974171e-07,3.2621929875612356e-07,4.3732031778099015e-07
0.00037879999999999999,3.036418496453936e-07,4.6944161532561358e-07,3.2764640642082665e-07,4.3688542136400992e-07
0.00037889999999999999,3.0674350494347804e-07,4.6932763842380874e-07,3.2895657622870114e-07,4.364953018582875e-07
0.000379,3.10185814102013e-07,4.6938627203259211e-07,3.3014784534495151e-07,4.3615683286753523e-07
0.0003791,3.1395549170411773e-07,4.6960863124173864e-07,3.3121876719306766e-07,4.3587671295513086e-07
0.0003792,3.180406904123544e-07,4.6998136744811914e-07,3.3216832740407686e-07,4.3566131741160299e-07
0.0003793,3.2242929990046925e-07,4.7048761776801352e-07,3.3299585553783874e-07,4.3551655436965224e-07
0.00037940000000000001,3.2710660613143441e-07,4.7110812391692546e-07,3.3370093678454636e-07,4.3544772979515019e-07
0.00037950000000000001,3.3205278540396627e-07,4.7182242526964712e-07,3.3428332787010231e-07,4.354594257218313e-07
0.00037960000000000001,3.3724072915040501e-07,4.7261002784716444e-07,3.3474288124402624e-07,4.3555539577724181e-07
0.00037970000000000001,3.4263463171968335e-07,4.7345145780201303e-07,3.3507948132607415e-07,4.357384815757896e-07
0.00037980000000000002,3.481896370193087e-07,4.7432912364837882e-07,3.3529299613714797e-07,4.360105529437623e-07
0.00037990000000000002,3.538526556201393e-07,4.7522793408314001e-07,3.3538324705675703e-07,4.3637247421054212e-07
0.00038000000000000002,3.5956426413767481e-07,4.7613564509928487e-07,3.3534999875322928e-07,4.3682409797306123e-07
0.00038010000000000002,3.652614179260926e-07,4.7704293811568814e-07,3.3519297054963206e-07,4.3736428684558148e-07
0.00038020000000000003,3.7088057717641354e-07,4.7794325690644544e-07,3.3491186964675082e-07,4.3799096277520981e-07
0.00038030000000000003,3.7636078732017354e-07,4.7883245241157051e-07,3.3450644575564674e-07,4.3870118256886196e-07
0.00038040000000000003,3.8164627657285253e-07,4.7970829891376598e-07,3.3397656582969435e-07,4.3949123737419858e-07
0.00038050000000000003,3.8668823179715818e-07,4.8056995134054319e-07,3.3332230676223375e-07,4.4035677301946344e-07
0.00038059999999999998,3.9144557069412021e-07,4.8141741138938656e-07,3.32544063163432e-07,4.4129292737702911e-07
0.00038069999999999998,3.9588471557815803e-07,4.8225106058346345e-07,3.3164266667780234e-07,4.4229448030270832e-07
0.00038079999999999999,3.9997855827430402e-07,4.8307130293183001e-07,3.3061951277838851e-07,4.4335601124157481e-07
0.00038089999999999999,4.0370495399830484e-07,4.838783409085821e-07,3.2947669059574995e-07,4.4447205930140091e-07
0.00038099999999999999,4.0704516751785744e-07,4.8467208861009927e-07,3.2821711112575651e-07,4.4563728048979595e-07
0.00038109999999999999,4.0998270126736079e-07,4.8545220779145934e-07,3.2684462911882077e-07,4.4684659689748895e-07
0.0003812,4.1250285986267888e-07,4.8621823824402679e-07,3.2536415408740441e-07,4.480953328869695e-07
0.0003813,4.1459326035433392e-07,4.8696978523193725e-07,3.2378174617477888e-07,4.4937933380499087e-07
0.0003814,4.1624530674869391e-07,4.8770672420471054e-07,3.2210469309424595e-07,4.5069506336407161e-07
0.0003815,4.1745644354393983e-07,4.8842938660337538e-07,3.2034156495824465e-07,4.5203967661006289e-07
0.00038160000000000001,4.1823282212865713e-07,4.8913869929880187e-07,3.1850224454681984e-07,4.5341106628250787e-07
0.00038170000000000001,4.185918888372924e-07,4.8983626239388842e-07,3.1659793138779956e-07,4.5480788134911588e-07
0.00038180000000000001,4.1856435866791369e-07,4.9052436371809788e-07,3.1464111890445082e-07,4.5622951751883087e-07
0.00038190000000000001,4.181950856979392e-07,4.9120594115875717e-07,3.1264554479632878e-07,4.5767608057103343e-07
0.00038200000000000002,4.1754247650567809e-07,4.9188451401567905e-07,3.1062611572017696e-07,4.5914832434192755e-07
0.00038210000000000002,4.1667629790746484e-07,4.9256411030783347e-07,3.0859880819461531e-07,4.606475661440361e-07
0.00038220000000000002,4.1567397427004933e-07,4.9324921754794743e-07,3.0658054843185828e-07,4.621755832249181e-07
0.00038230000000000002,4.1461571424232819e-07,4.9394477985714288e-07,3.045890744709494e-07,4.6373449456358622e-07
0.00038240000000000003,4.13579012195489e-07,4.946562551196446e-07,3.026427845243612e-07,4.6532663283005958e-07
0.00038250000000000003,4.1263320116918094e-07,4.9538973355125315e-07,3.0076057583197421e-07,4.6695441167377617e-07
0.00038260000000000003,4.1183476763884679e-07,4.9615210542355715e-07,2.9896167852948879e-07,4.6862019364582422e-07
0.00038270000000000003,4.1122406478334536e-07,4.9695125281392778e-07,2.9726548907446876e-07,4.7032616399182032e-07
0.00038280000000000003,4.1082388771017062e-07,4.9779623013618967e-07,2.9569140763195534e-07,4.7207421527855828e-07
0.00038289999999999998,4.1064012478028093e-07,4.9869739250461432e-07,2.9425868351062617e-07,4.738658473482285e-07
0.00038299999999999999,4.1066440982093656e-07,4.9966643078452186e-07,2.9298627227294176e-07,4.7570208644702842e-07
0.00038309999999999999,4.1087841382138034e-07,5.0071627786096621e-07,2.9189270754019979e-07,4.7758342657529451e-07
0.00038319999999999999,4.1125917536984091e-07,5.0186086181663613e-07,2.909959898014224e-07,4.7950979518551534e-07
0.00038329999999999999,4.117847139758306e-07,5.0311469722860038e-07,2.9031349374472812e-07,4.8148054434911004e-07
0.0003834,4.1243912462229245e-07,5.0449232395775529e-07,2.8986189479561664e-07,4.8349446746291563e-07
0.0003835,4.1321642413206259e-07,5.0600762152066566e-07,2.8965711470422227e-07,4.8554984051430443e-07
0.0003836,4.1412260097857834e-07,5.0767304418083346e-07,2.8971428520995289e-07,4.8764448591226381e-07
0.0003837,4.1517558402617915e-07,5.0949883519747362e-07,2.9004772806209768e-07,4.8977585596214942e-07
0.0003838,4.1640315341486657e-07,5.1149228653756826e-07,2.9067094902186319e-07,4.9194113225235623e-07
0.00038390000000000001,4.1783912240395555e-07,5.1365711169383021e-07,2.9159664294353227e-07,4.9413733656552417e-07
0.00038400000000000001,4.1951837640738327e-07,5.1599299367649536e-07,2.928367066530482e-07,4.9636144845290951e-07
0.00038410000000000001,4.2147152567367707e-07,5.1849535813860147e-07,2.9440225612860524e-07,4.986105243383681e-07
0.00038420000000000001,4.2371998514135295e-07,5.2115540404443227e-07,2.9630364444915072e-07,5.0088181296054259e-07
0.00038430000000000002,4.2627223011161465e-07,5.2396040298037713e-07,2.9855047711546056e-07,5.0317286212164984e-07
0.00038440000000000002,4.2912179923851514e-07,5.2689425522047739e-07,3.0115162165856523e-07,5.0548161208348904e-07
0.00038450000000000002,4.3224735375192518e-07,5.2993826825546684e-07,3.0411520891870282e-07,5.0780647152177526e-07
0.00038460000000000002,4.356147936199001e-07,5.3307210387068608e-07,3.0744862398380293e-07,5.1014637269557125e-07
0.00038470000000000003,4.3918112425245086e-07,5.3627482492108353e-07,3.1115848549301245e-07,5.1250080338056991e-07
0.00038480000000000003,4.4289950781591024e-07,5.3952596412651436e-07,3.1525061280551744e-07,5.1486981411532938e-07
0.00038490000000000003,4.4672476034789785e-07,5.4280653530821094e-07,3.1972998137203477e-07,5.1725400037872337e-07
0.00038500000000000003,4.5061849535844437e-07,5.4609991263464023e-07,3.2460066748678832e-07,5.1965446040927738e-07
0.00038509999999999998,4.5455317493480894e-07,5.4939251508826342e-07,3.2986578440247494e-07,5.2207273044698089e-07
0.00038519999999999998,4.5851450051616606e-07,5.5267425034001628e-07,3.3552741252095604e-07,5.2451070018106703e-07
0.00038529999999999999,4.6250183060539137e-07,5.5593869287981302e-07,3.4158652699218133e-07,5.2697051207859986e-07
0.00038539999999999999,4.665266122605535e-07,5.5918299364221383e-07,3.4804292653157576e-07,5.2945444901117206e-07
0.00038549999999999999,4.7060911132259325e-07,5.6240754041417649e-07,3.5489516757521544e-07,5.3196481515602188e-07
0.00038559999999999999,4.7477397770897752e-07,5.6561540802828404e-07,3.621405080139154e-07,5.3450381549893014e-07
0.0003857,4.7904534907445743e-07,5.6881165301154261e-07,3.6977486466971366e-07,5.3707343939063805e-07
0.0003858,4.8344225439043567e-07,5.7200251768238521e-07,3.7779278839855092e-07,5.396753534992453e-07
0.0003859,4.8797502115274423e-07,5.7519461290689738e-07,3.8618746022701821e-07,5.4231080915851122e-07
0.000386,4.9264322651128862e-07,5.7839414667127529e-07,3.9495071127287194e-07,5.4498056854826664e-07
0.00038610000000000001,4.9743549018170327e-07,5.8160625772559892e-07,4.0407306838201896e-07,5.4768485337825958e-07
0.00038620000000000001,5.0233112382416673e-07,5.8483450076676799e-07,4.1354382646840958e-07,5.5042331881050364e-07
0.00038630000000000001,5.073033715551248e-07,5.8808051335274398e-07,4.2335114750486713e-07,5.5319505428402074e-07
0.00038640000000000001,5.1232374201880878e-07,5.9134387666349963e-07,4.3348218502333367e-07,5.5599861174307923e-07
0.00038650000000000002,5.1736677873887414e-07,5.9462216415485099e-07,4.4392323188776347e-07,5.5883206056309881e-07
0.00038660000000000002,5.2241456390233209e-07,5.97911155839525e-07,4.5465988804774062e-07,5.6169306726701073e-07
0.00038670000000000002,5.2746030663020102e-07,6.0120518289355995e-07,4.6567724401221573e-07,5.6457899698010257e-07
0.00038680000000000002,5.3251051870214152e-07,6.0449755866255312e-07,4.769600749438512e-07,5.6748703253177103e-07
0.00038690000000000003,5.3758550251526197e-07,6.0778104857643662e-07,4.8849303960525927e-07,5.7041430622391431e-07
0.00038700000000000003,5.4271813143296494e-07,6.1104833306586787e-07,5.0026087792168986e-07,5.7335803858755883e-07
0.00038710000000000003,5.4795115102493593e-07,6.14292423844739e-07,5.1224860068753733e-07,5.763156779747148e-07
0.00038720000000000003,5.5333343270744912e-07,6.1750700391871016e-07,5.2444166495293457e-07,5.7928503460530407e-07
0.00038729999999999998,5.5891573900132876e-07,6.2068667404684281e-07,5.3682612889016726e-07,5.8226440272355286e-07
0.00038739999999999998,5.647465950192321e-07,6.2382710153559589e-07,5.4938878045516601e-07,5.8525266481853839e-07
0.00038749999999999999,5.7086880223813889e-07,6.2692507954352802e-07,5.6211723491438883e-07,5.8824937242239076e-07
0.00038759999999999999,5.7731699173668602e-07,6.299785150233114e-07,5.7499999727992447e-07,5.9125479879990837e-07
0.00038769999999999999,5.8411642117466476e-07,6.3298636984667912e-07,5.8802648685328857e-07,5.9426995985641177e-07
0.00038779999999999999,5.9128300718775262e-07,6.3594858183339928e-07,6.0118702238220974e-07,5.9729660078127009e-07
0.0003879,5.9882438903361794e-07,6.3886599017920625e-07,6.1447276773704773e-07,6.0033714726644445e-07
0.000388,6.0674167271870176e-07,6.4174028357484002e-07,6.278756394637896e-07,6.033946215437944e-07
0.0003881,6.1503143051691882e-07,6.4457398009237603e-07,6.4138817901317762e-07,6.0647252491567639e-07
0.0003882,6.2368753866360591e-07,6.4737043707458967e-07,6.5500339382563806e-07,6.095746898551339e-07
0.00038830000000000001,6.327025213211764e-07,6.5013387844152894e-07,6.6871457271414171e-07,6.127051060675824e-07
0.00038840000000000001,6.4206821327356259e-07,6.528694177148497e-07,6.8251508208158823e-07,6.1586772608227838e-07
0.00038850000000000001,6.5177572850548406e-07,6.5558304916694685e-07,6.9639815038963301e-07,6.1906625692946346e-07
0.00038860000000000001,6.6181489292420525e-07,6.5828157795539789e-07,7.1035664892437042e-07,6.2230394521603181e-07
0.00038870000000000002,6.7217343381528094e-07,6.6097246347828272e-07,7.2438287725131651e-07,6.2558336340495247e-07
0.00038880000000000002,6.8283628966818795e-07,6.6366355840251232e-07,7.3846836179905679e-07,6.2890620530737363e-07
0.00038890000000000002,6.937853966666559e-07,6.6636273811918942e-07,7.5260367574955226e-07,6.3227309869926413e-07
0.00038900000000000002,7.0500022159107863e-07,6.6907743040032286e-07,7.6677828784772468e-07,6.3568344257406597e-07
0.00038910000000000003,7.1645915899793781e-07,6.7181407094034419e-07,7.8098044688848507e-07,6.3913527585128326e-07
0.00038920000000000003,7.281417197670994e-07,6.7457752518632445e-07,7.9519710752286996e-07,6.4262518339859854e-07
0.00038930000000000003,7.4003124311959962e-07,6.7737052832408782e-07,8.0941390168337597e-07,6.4614824402611777e-07
0.00038940000000000003,7.521177020550291e-07,6.8019320170151499e-07,8.236151584078168e-07,6.496980237170905e-07
0.00038950000000000003,7.6440007583155945e-07,6.8304270406393497e-07,8.377839731945741e-07,6.5326661582047283e-07
0.00038959999999999998,7.7688775562709256e-07,6.8591306918757909e-07,8.519023263091338e-07,6.5684472830365787e-07
0.00038969999999999999,7.8960053950194333e-07,6.8879526807981376e-07,8.6595124774371612e-07,6.6042181650825122e-07
0.00038979999999999999,8.0256695234656409e-07,6.9167751494802251e-07,8.7991102487214335e-07,6.639862582302345e-07
0.00038989999999999999,8.1582087182999e-07,6.9454581343144665e-07,8.9376144730233066e-07,6.6752556641919995e-07
0.00038999999999999999,8.2939671599555022e-07,6.9738471549221086e-07,9.0748208206564919e-07,6.7102663341725156e-07
0.0003901,8.4332370844385507e-07,7.0017824250242833e-07,9.2105257114848515e-07,6.7447599948934505e-07
0.0003902,8.5761993907936716e-07,7.0291089904738304e-07,9.3445294250903566e-07,6.7786013747821461e-07
0.0003903,8.7228704516244261e-07,7.0556869705819447e-07,9.4766392516564211e-07,6.8116574478383717e-07
0.0003904,8.8730632513634449e-07,7.0814010274609133e-07,9.6066725871399689e-07,6.8438003354541654e-07
0.00039050000000000001,9.0263696030752841e-07,7.1061682226755829e-07,9.7344598773961617e-07,6.8749100990554458e-07
0.00039060000000000001,9.1821677032202065e-07,7.1299435400251394e-07,9.8598473203655228e-07,6.9048773356308651e-07
0.00039070000000000001,9.3396559906499465e-07,7.1527225473405209e-07,9.9826992430919751e-07,6.9336054946199638e-07
0.00039080000000000001,9.4979106367789887e-07,7.1745409200419761e-07,1.0102900080934007e-06,6.9610128439456191e-07
0.00039090000000000001,9.6559605386181462e-07,7.1954708298677037e-07,1.0220355899491969e-06,6.9870340248522635e-07
0.00039100000000000002,9.8128709407718822e-07,7.2156144852286171e-07,1.0334995415019399e-06,7.011621149213665e-07
0.00039110000000000002,9.9678252164508478e-07,7.2350953663981789e-07,1.0446770485866346e-06,7.0347444085835772e-07
0.00039120000000000002,1.0120194174810072e-06,7.254047903512907e-07,1.0555656065205679e-06,7.0563921808989384e-07
0.00039130000000000002,1.0269583611755371e-06,7.272606478237967e-07,1.0661649623272321e-06,7.0765706377929404e-07
0.00039140000000000003,1.0415853540067175e-06,7.2908946789456055e-07,1.0764770064949307e-06,7.0953028723050425e-07
0.00039150000000000003,1.0559106270671564e-06,7.309015701412196e-07,1.086505618511682e-06,7.112627582765989e-07
0.00039160000000000003,1.0699644757666225e-06,7.3270446685251525e-07,1.0962564719142469e-06,7.1285973632031667e-07
0.00039170000000000003,1.083790676442268e-06,7.3450234575848217e-07,1.1057368058695615e-06,7.1432766632288353e-07
0.00039179999999999998,1.0974383854921228e-06,7.3629583929861743e-07,1.1149551713253744e-06,7.1567394905881122e-07
0.00039189999999999998,1.1109536450056786e-06,7.3808209095410237e-07,1.1239211604880045e-06,7.1690669370002127e-07
0.00039199999999999999,1.124371686590624e-06,7.3985510424474645e-07,1.1326451287843857e-06,7.1803446123766835e-07
0.00039209999999999999,1.1377111243492908e-06,7.4160633769577513e-07,1.1411379185306827e-06,7.1906600738073206e-07
0.00039219999999999999,1.15097087041384e-06,7.4332549128132079e-07,1.1494105932609464e-06,7.2001003338669327e-07
0.00039229999999999999,1.1641302267467342e-06,7.4500141781141851e-07,1.157474191079824e-06,7.2087495279084696e-07
0.0003924,1.1771521578989124e-06,7.4662308701537701e-07,1.1653395045177513e-06,7.2166868123111951e-07
0.0003925,1.1899892946292298e-06,7.4818053056524752e-07,1.1730168932215067e-06,7.2239845554618195e-07
0.0003926,1.2025918227809116e-06,7.4966570225459935e-07,1.1805161344532408e-06,7.2307068709955176e-07
0.0003927,1.2149161326808316e-06,7.5107319782500487e-07,1.1878463148494332e-06,7.2369085290016066e-07
0.00039280000000000001,1.2269329823353459e-06,7.5240079208171295e-07,1.1950157652680363e-06,7.2426342660623343e-07
0.00039290000000000001,1.2386339812373126e-06,7.5364976547130657e-07,1.2020320388880152e-06,7.247918499720169e-07
0.00039300000000000001,1.2500354239295138e-06,7.5482500684780971e-07,1.2089019310853173e-06,7.2527854378586441e-07
0.00039310000000000001,1.2611788626102026e-06,7.559348926434853e-07,1.2156315380534555e-06,7.257249559106106e-07
0.00039320000000000002,1.2721282552535788e-06,7.569909543597202e-07,1.2222263497242025e-06,7.2613164272761097e-07
0.00039330000000000002,1.2829639967527629e-06,7.5800735585530336e-07,1.2286913713257415e-06,7.2649837915213273e-07
0.00039340000000000002,1.2937745689989799e-06,7.5900020932651773e-07,1.2350312669355252e-06,7.2682429147126424e-07
0.00039350000000000002,1.3046468714481904e-06,7.5998676438657025e-07,1.2412505176780883e-06,7.2710800658668977e-07
0.00039360000000000003,1.3156564714430104e-06,7.6098450862980639e-07,1.2473535868062073e-06,7.2734781084571031e-07
0.00039370000000000003,1.3268590196067211e-06,7.6201022087836913e-07,1.253345083799852e-06,7.2754181152398228e-07
0.00039380000000000003,1.3382839109187074e-06,7.6307902021500626e-07,1.2592299198199285e-06,7.2768809418217047e-07
0.00039390000000000003,1.3499309618147423e-06,7.6420345497998362e-07,1.2650134473513843e-06,7.2778486954302796e-07
0.00039399999999999998,1.3617704634055909e-06,7.6539267601528494e-07,1.2707015776386326e-06,7.2783060420346483e-07
0.00039409999999999998,1.3737465197841886e-06,7.6665173725202825e-07,1.2763008705219194e-06,7.2782413037468303e-07
0.00039419999999999999,1.3857831523104552e-06,7.6798106382050421e-07,1.2818185924839621e-06,7.2776473089359393e-07
0.00039429999999999999,1.3977923051306556e-06,7.6937612277267668e-07,1.2872627400612505e-06,7.2765219692277882e-07
0.00039439999999999999,1.4096826703912164e-06,7.7082732391505192e-07,1.2926420272108864e-06,7.2748685700473342e-07
0.00039449999999999999,1.4213681905437728e-06,7.7232016805496492e-07,1.2979658366924218e-06,7.272695774054414e-07
0.0003946,1.4327751937258047e-06,7.7383564738036167e-07,1.3032441369687254e-06,7.2700173492004097e-07
0.0003947,1.443847357320207e-06,7.7535088829408471e-07,1.3084873674930103e-06,7.2668516446893463e-07
0.0003948,1.4545480356275471e-06,7.7684001172481456e-07,1.3137062964795149e-06,7.2632208483957715e-07
0.0003949,1.4648598777728661e-06,7.78275170929188e-07,1.3189118563064771e-06,7.2591500678742091e-07
0.00039500000000000001,1.474782043655151e-06,7.7962771342960967e-07,1.3241149625337879e-06,7.2546662836617895e-07
0.00039510000000000001,1.4843256442201313e-06,7.8086940334744866e-07,1.3293263231043559e-06,7.2497972278942758e-07
0.00039520000000000001,1.493508244006814e-06,7.8197363417163541e-07,1.3345562446199841e-06,7.2445702431823734e-07
0.00039530000000000001,1.5023483424360924e-06,7.8291656080095964e-07,1.3398144426293965e-06,7.2390111761976034e-07
0.00039540000000000002,1.5108606899506069e-06,7.8367808391275775e-07,1.3451098626429709e-06,7.2331433575558921e-07
0.00039550000000000002,1.5190531109822731e-06,7.8424262920815813e-07,1.3504505181073293e-06,7.2269867145325286e-07
0.00039560000000000002,1.5269252308200988e-06,7.8459967818785483e-07,1.3558433508580892e-06,7.2205570561396239e-07
0.00039570000000000002,1.534469183132391e-06,7.8474402465636288e-07,1.3612941186529983e-06,7.2138655614893659e-07
0.00039580000000000003,1.5416720596177398e-06,7.8467575059813073e-07,1.3668073133099329e-06,7.2069184925391159e-07
0.00039590000000000003,1.5485196007476972e-06,7.8439993466874028e-07,1.3723861117816394e-06,7.1997171417195614e-07
0.00039600000000000003,1.5550004546460887e-06,7.8392612453553036e-07,1.3780323612402782e-06,7.1922580140454826e-07
0.00039610000000000003,1.5611102722900575e-06,7.8326761910008959e-07,1.3837465979720443e-06,7.1845332325848985e-07
0.00039620000000000004,1.5668549655804837e-06,7.8244061700845135e-07,1.3895280986462674e-06,7.1765311460722849e-07
0.00039629999999999998,1.5722526162437477e-06,7.8146329305483955e-07,1.3953749613730866e-06,7.1682371084319673e-07
0.00039639999999999999,1.577333758289962e-06,7.8035486391714698e-07,1.4012842129435167e-06,7.1596343924050859e-07
0.00039649999999999999,1.5821400247643274e-06,7.7913469949131645e-07,1.4072519377939734e-06,7.1507051936656244e-07
0.00039659999999999999,1.5867214069014774e-06,7.7782152677827456e-07,1.4132734235847254e-06,7.1414316779999579e-07
0.00039669999999999999,1.5911325798771736e-06,7.7643276105907222e-07,1.4193433178499457e-06,7.1317970224614329e-07
0.0003968,1.5954288730599589e-06,7.7498398542676169e-07,1.4254557899796016e-06,7.1217864019516577e-07
0.0003969,1.5996624871289861e-06,7.7348858612049147e-07,1.4316046928320018e-06,7.1113878753789053e-07
0.000397,1.6038794852868791e-06,7.7195753888381048e-07,1.4377837185438644e-06,7.1005931302758891e-07
0.0003971,1.6081179268344817e-06,7.7039933181312915e-07,1.4439865435860319e-06,7.0893980512987871e-07
0.00039720000000000001,1.612407297561731e-06,7.6882000354787519e-07,1.450206958781844e-06,7.0778030860897239e-07
0.00039730000000000001,1.6167691599430638e-06,7.6722327241083721e-07,1.4564389808297525e-06,7.0658133911994707e-07
0.00039740000000000001,1.621218736240907e-06,7.6561073202935212e-07,1.462676942813637e-06,7.0534387507417792e-07
0.00039750000000000001,1.6257669841932657e-06,7.6398209147725654e-07,1.4689155622009748e-06,7.040693270741918e-07
0.00039760000000000002,1.630422652925967e-06,7.6233544223202204e-07,1.4751499858750196e-06,7.0275948623067721e-07
0.00039770000000000002,1.6351938271817235e-06,7.6066753927158541e-07,1.4813758127782527e-06,7.0141645363445631e-07
0.00039780000000000002,1.6400885765336954e-06,7.5897408848805793e-07,1.4875890957152157e-06,7.0004255411846398e-07
0.00039790000000000002,1.6451145040154539e-06,7.5725003646732698e-07,1.493786324733457e-06,6.98640238172113e-07
0.00039800000000000002,1.6502772052608926e-06,7.5548986102514732e-07,1.4999643952358918e-06,6.9721197643203879e-07
0.00039810000000000003,1.6555778681639647e-06,7.5368786146898816e-07,1.5061205645466843e-06,6.9576015154476325e-07
0.00039820000000000003,1.6610104272215934e-06,7.5183844646952081e-07,1.5122524010339031e-06,6.9428695236277252e-07
0.00039830000000000003,1.6665588047089286e-06,7.4993641507294645e-07,1.518357730072636e-06,6.9279427538830642e-07
0.00039840000000000003,1.672194801910532e-06,7.4797722338496656e-07,1.5244345811063238e-06,6.9128363812095725e-07
0.00039849999999999998,1.6778771410277759e-06,7.4595722654646647e-07,1.5304811398374755e-06,6.8975610850636749e-07
0.00039859999999999999,1.6835520103882033e-06,7.4387388353595343e-07,1.536495709163063e-06,6.8821225404314057e-07
0.00039869999999999999,1.6891552542184546e-06,7.4172591169240708e-07,1.5424766818867919e-06,6.8665211330988506e-07
0.00039879999999999999,1.6946161057815142e-06,7.3951337905651034e-07,1.5484225275178382e-06,6.8507519175725552e-07
0.00039889999999999999,1.6998621265606747e-06,7.3723772579810447e-07,1.554331794637095e-06,6.8348048260874853e-07
0.00039899999999999999,1.7048248211261771e-06,7.349017109451884e-07,1.5602031294159698e-06,6.8186651267038502e-07
0.0003991,1.7094452776258012e-06,7.3250928687671922e-07,1.5660353099498339e-06,6.802314118059946e-07
0.0003992,1.7136791566201753e-06,7.3006541087789036e-07,1.5718272951602092e-06,6.7857300383496681e-07
0.0003993,1.7175004212539924e-06,7.2757580963182755e-07,1.5775782861673279e-06,6.7688891569371877e-07
0.0003994,1.7209033596821679e-06,7.2504671795611099e-07,1.5832877972758899e-06,6.7517670090840322e-07
0.00039950000000000001,1.7239026731294103e-06,7.2248461659537063e-07,1.5889557330861572e-06,6.7343397278702794e-07
0.00039960000000000001,1.7265316571325258e-06,7.1989599485895531e-07,1.5945824677674328e-06,6.7165854228017798e-07
0.00039970000000000001,1.7288387519463013e-06,7.1728716203487342e-07,1.6001689222339415e-06,6.6984855519945464e-07
0.00039980000000000001,1.7308829444375768e-06,7.1466412684194663e-07,1.6057166348571219e-06,6.6800262343229341e-07
0.00039990000000000002,1.7327286383136119e-06,7.120325570710889e-07,1.6112278214400651e-06,6.661199449530514e-07
0.00040000000000000002,1.7344406535543996e-06,7.0939782269770514e-07,1.6167054204652694e-06,6.6420040779639057e-07
0.00040010000000000002,1.7360799645344322e-06,7.0676511604810103e-07,1.6221531200962673e-06,6.6224467371567014e-07
0.00040020000000000002,1.7377006489594748e-06,7.0413963314350331e-07,1.6275753640474125e-06,6.6025423797390553e-07
0.00040030000000000003,1.7393483185652972e-06,7.0152679221712829e-07,1.6329773342086039e-06,6.5823146257895326e-07
0.00040040000000000003,1.7410600688788868e-06,6.9893245958857058e-07,1.6383649087919225e-06,6.5617958124377799e-07
0.00040050000000000003,1.7428657548939339e-06,6.9636315034822664e-07,1.6437445957183548e-06,6.5410267538886984e-07
0.00040060000000000003,1.7447902067800412e-06,6.9382617209664497e-07,1.6491234419460967e-06,6.5200562156609787e-07
0.00040069999999999998,1.746855872899845e-06,6.9132968436385026e-07,1.6545089204174966e-06,6.4989401173074146e-07
0.00040079999999999998,1.7490853341206555e-06,6.8888265396659361e-07,1.6599087972285708e-06,6.4777404878018516e-07
0.00040089999999999999,1.7515031783599864e-06,6.8649469673727668e-07,1.6653309824654786e-06,6.4565242067610244e-07
0.00040099999999999999,1.7541368487182288e-06,6.8417580776066847e-07,1.6707833688723141e-06,6.435361572380613e-07
0.00040109999999999999,1.7570162617616792e-06,6.8193599426488203e-07,1.6762736630830999e-06,6.4143247431141915e-07
0.00040119999999999999,1.7601722053215873e-06,6.7978483634044645e-07,1.6818092145456769e-06,6.3934861044942669e-07
0.0004013,1.7636337344044234e-06,6.7773100948378343e-07,1.6873968474691265e-06,6.372916614930592e-07
0.0004014,1.7674249574236346e-06,6.7578180856369834e-07,1.6930427011304807e-06,6.3526841847536874e-07
0.0004015,1.7715617168591033e-06,6.7394271450111545e-07,1.6987520836806402e-06,6.3328521412059746e-07
0.0004016,1.7760487022767918e-06,6.7221704245270955e-07,1.704529344199896e-06,6.3134778285996428e-07
0.00040170000000000001,1.7808774850655488e-06,6.7060570376942951e-07,1.7103777671860018e-06,6.2946113876213973e-07
0.00040180000000000001,1.7860258413631444e-06,6.6910710407628126e-07,1.7162994929332679e-06,6.2762947509879752e-07
0.00040190000000000001,1.7914585514950419e-06,6.6771718749157733e-07,1.7222954664086899e-06,6.2585608846243083e-07
0.00040200000000000001,1.7971296577572682e-06,6.6642962355725257e-07,1.7283654162821479e-06,6.2414332945702937e-07
0.00040210000000000002,1.8029859581504856e-06,6.6523612031787934e-07,1.7345078647600465e-06,6.2249258102773848e-07
0.00040220000000000002,1.8089713413910801e-06,6.6412683558381032e-07,1.7407201678428877e-06,6.2090426452030107e-07
0.00040230000000000002,1.8150314525607739e-06,6.6309084998936106e-07,1.7469985846166297e-06,6.1937787260185369e-07
0.00040240000000000002,1.8211181347276777e-06,6.6211666093732069e-07,1.753338373233045e-06,6.1791202726775363e-07
0.00040250000000000003,1.8271931245901148e-06,6.6119265640169686e-07,1.7597339103717139e-06,6.1650456033717064e-07
0.00040260000000000003,1.833230583277355e-06,6.6030753183935158e-07,1.7661788302361227e-06,6.1515261313263668e-07
0.00040270000000000003,1.8392182005955265e-06,6.5945062162894591e-07,1.7726661785465928e-06,6.138527514696681e-07
0.00040280000000000003,1.8451567987340946e-06,6.5861212754637996e-07,1.7791885765720591e-06,6.1260109166969951e-07
0.00040290000000000004,1.8510585527170669e-06,6.5778323948223719e-07,1.785738390006108e-06,6.1139343306527255e-07
0.00040299999999999998,1.8569441131848035e-06,6.5695615638979324e-07,1.7923078974450577e-06,6.102253923949362e-07
0.00040309999999999999,1.8628390402588358e-06,6.5612402677994251e-07,1.7988894533669963e-06,6.0909253558484792e-07
0.00040319999999999999,1.8687700204662358e-06,6.5528083657244545e-07,1.8054756408312043e-06,6.0799050267638937e-07
0.00040329999999999999,1.8747613363402791e-06,6.5442127672515224e-07,1.8120594096028876e-06,6.0691512206871626e-07
0.00040339999999999999,1.8808319942672904e-06,6.5354062321666822e-07,1.8186341960361776e-06,6.058625107829413e-07
0.0004035,1.8869938028014732e-06,6.5263465762537675e-07,1.8251940217931643e-06,6.0482915809515506e-07
0.0004036,1.8932505496474515e-06,6.5169964826662558e-07,1.8317335693071616e-06,6.0381199060159533e-07
0.0004037,1.8995982726334071e-06,6.5073240067026128e-07,1.8382482327813005e-06,6.0280841754051291e-07
0.0004038,1.9060264799241454e-06,6.4973037354626231e-07,1.8447341444141117e-06,6.0181635597079731e-07
0.00040390000000000001,1.9125200658132903e-06,6.4869184396319503e-07,1.8511881764272541e-06,6.0083423616694673e-07
0.00040400000000000001,1.9190616032897316e-06,6.4761609493727731e-07,1.8576079203038861e-06,5.9986098830435758e-07
0.00040410000000000001,1.9256336785899896e-06,6.465035914895613e-07,1.8639916453984317e-06,5.9889601215167706e-07
0.00040420000000000001,1.9322209640312158e-06,6.4535610857693036e-07,1.8703382397233416e-06,5.9793913203634226e-07
0.00040430000000000002,1.9388117948465118e-06,6.4417677670046315e-07,1.8766471362339054e-06,5.9699053978647777e-07
0.00040440000000000002,1.9453991099618069e-06,6.4297001837436559e-07,1.8829182283020628e-06,5.9605072866462672e-07
0.00040450000000000002,1.9519807196783545e-06,6.4174136029101864e-07,1.8891517782842969e-06,5.9512042148875653e-07
0.00040460000000000002,1.9585589592366369e-06,6.4049712066040573e-07,1.8953483231441099e-06,5.9420049618167466e-07
0.00040470000000000002,1.9651398629521303e-06,6.3924398712170716e-07,1.9015085809878174e-06,5.932919119047685e-07
0.00040480000000000003,1.9717320400828405e-06,6.3798851587642883e-07,1.9076333621240936e-06,5.923956387251774e-07
0.00040490000000000003,1.9783454471881069e-06,6.3673659533499619e-07,1.9137234878763032e-06,5.9151259344985921e-07
0.00040500000000000003,1.9849902342457107e-06,6.3549292590573016e-07,1.9197797198815665e-06,5.9064358385343019e-07
0.00040510000000000003,1.9916757996178541e-06,6.3426057035158921e-07,1.92580270202686e-06,5.8978926304927896e-07
0.00040519999999999998,1.9984101316966658e-06,6.3304062578820958e-07,1.9317929165248953e-06,5.8895009522797269e-07
0.00040529999999999999,2.0051994536897765e-06,6.3183205900809771e-07,1.9377506549504415e-06,5.8812633343723454e-07
0.00040539999999999999,2.0120481329905928e-06,6.3063173222686641e-07,1.9436760043704612e-06,5.8731800952743616e-07
0.00040549999999999999,2.0189587762398311e-06,6.2943462803682984e-07,1.9495688480360315e-06,5.8652493585875604e-07
0.00040559999999999999,2.0259324105680779e-06,6.282342622786378e-07,1.9554288794881656e-06,5.8574671788194364e-07
0.0004057,2.0329686518774759e-06,6.2702325391534569e-07,1.9612556283876321e-06,5.849827762825074e-07
0.0004058,2.0400657800249308e-06,6.2579400402394855e-07,1.967048495928433e-06,5.8423237703339033e-07
0.0004059,2.0472206731967793e-06,6.2453942365050519e-07,1.9728067973553121e-06,5.8349466744485729e-07
0.000406,2.0544285926924898e-06,6.232536439529937e-07,1.9785298088841274e-06,5.827687161397494e-07
0.0004061,2.0616828474571376e-06,6.2193264255644915e-07,1.9842168162293126e-06,5.820535548201338e-07
0.00040620000000000001,2.0689743985900445e-06,6.2057472737789025e-07,1.9898671619720207e-06,5.8134821972592836e-07
0.00040630000000000001,2.0762914831387263e-06,6.1918083258599091e-07,1.9954802891532767e-06,5.8065179081187212e-07
0.00040640000000000001,2.0836193416080036e-06,6.1775459940486109e-07,2.0010557787371542e-06,5.7996342687676862e-07
0.00040650000000000001,2.0909401251153751e-06,6.1630223520505999e-07,2.0065933789453162e-06,5.7928239515552254e-07
0.00040660000000000002,2.0982330384789767e-06,6.1483216551921968e-07,2.012093024899501e-06,5.7860809421531534e-07
0.00040670000000000002,2.1054747486422054e-06,6.1335451302414847e-07,2.0175548475007157e-06,5.7794006936512847e-07
0.00040680000000000002,2.1126400581967447e-06,6.1188045313322637e-07,2.0229791710009219e-06,5.7727802017514837e-07
0.00040690000000000002,2.1197028155558797e-06,6.104215060931571e-07,2.0283664992623274e-06,5.766218000911651e-07
0.00040700000000000003,2.1266370097821265e-06,6.0898882945870777e-07,2.0337174912262244e-06,5.7597140850157439e-07
0.00040710000000000003,2.1334179810650022e-06,6.0759257232668014e-07,2.0390329266074273e-06,5.7532697595492e-07
0.00040720000000000003,2.1400236678510579e-06,6.0624134426226148e-07,2.0443136632699517e-06,5.7468874352018222e-07
0.00040730000000000003,2.1464358079802021e-06,6.0494183859523691e-07,2.0495605881090788e-06,5.7405703751852312e-07
0.00040739999999999998,2.1526410125472774e-06,6.0369863332225162e-07,2.0547745635490548e-06,5.7343224102580808e-07
0.00040749999999999998,2.1586316361570102e-06,6.0251417511166564e-07,2.0599563719556924e-06,5.7281476364434275e-07
0.00040759999999999999,2.16440637475841e-06,6.0138893479074884e-07,2.0651066603528095e-06,5.7220501106841016e-07
0.00040769999999999999,2.1699705320534772e-06,6.0032170793166209e-07,2.0702258878196294e-06,5.7160335592266034e-07
0.00040779999999999999,2.1753359080906922e-06,5.993100230930117e-07,2.0753142778357347e-06,5.7101011123980663e-07
0.00040789999999999999,2.1805202801571818e-06,5.9835061375451446e-07,2.0803717776388327e-06,5.7042550777236293e-07
0.000408,2.1855464676548291e-06,5.974399082649569e-07,2.0853980263769248e-06,5.6984967611151086e-07
0.0004081,2.190440999969948e-06,5.9657449490771603e-07,2.0903923334873133e-06,5.6928263432735695e-07
0.0004082,2.1952324390352927e-06,5.9575152569424186e-07,2.0953536683322711e-06,5.6872428156110061e-07
0.0004083,2.1999494444655671e-06,5.9496903160336763e-07,2.1002806616866249e-06,5.681743977055543e-07
0.00040840000000000001,2.2046187053526186e-06,5.9422613240223349e-07,2.1051716192214278e-06,5.6763264901930985e-07
0.00040850000000000001,2.2092628942162005e-06,5.9352313463174033e-07,2.1100245466801111e-06,5.6709859924511285e-07
0.00040860000000000001,2.2138988196739508e-06,5.9286152070771121e-07,2.1148371860166388e-06,5.6657172555702912e-07
0.00040870000000000001,2.2185359597530442e-06,5.9224383956946662e-07,2.1196070613748668e-06,5.6605143845352007e-07
0.00040880000000000002,2.2231755432791258e-06,5.9167351446420163e-07,2.1243315334491825e-06,5.6553710455358362e-07
0.00040890000000000002,2.2278103105421951e-06,5.9115458623879241e-07,2.1290078604891988e-06,5.6502807114612384e-07
0.00040900000000000002,2.2324250275367883e-06,5.9069141121370492e-07,2.1336332640050663e-06,5.6452369129212369e-07
0.00040910000000000002,2.2369977549022756e-06,5.9028833188117177e-07,2.1382049970995128e-06,5.640233482856875e-07
0.00040920000000000003,2.2415017907513728e-06,5.8994933697538648e-07,2.1427204132993542e-06,5.6352647834147074e-07
0.00040930000000000003,2.245908125709638e-06,5.8967772557574103e-07,2.1471770337824899e-06,5.6303259048816722e-07
0.00040940000000000003,2.2501881796127513e-06,5.8947578836824247e-07,2.1515726109907099e-06,5.6254128280390875e-07
0.00040950000000000003,2.2543165428412649e-06,5.8934451832885846e-07,2.1559051867773479e-06,5.6205225432095053e-07
0.00040959999999999998,2.2582734294784492e-06,5.8928336296000439e-07,2.1601731434518851e-06,5.6156531214477678e-07
0.00040969999999999998,2.2620465689966127e-06,5.8929003059278717e-07,2.1643752463399848e-06,5.6108037356515528e-07
0.00040979999999999999,2.2656323180069483e-06,5.8936036372766665e-07,2.1685106767647905e-06,5.6059746317350791e-07
0.00040989999999999999,2.2690358587274942e-06,5.8948829235815805e-07,2.172579054659791e-06,5.6011670523069522e-07
0.00040999999999999999,2.2722704565802961e-06,5.8966587912221578e-07,2.17658045033382e-06,5.5963831174192014e-07
0.00041009999999999999,2.2753558625646462e-06,5.8988346547400102e-07,2.1805153852103995e-06,5.5916256688173983e-07
0.0004102,2.2783160518428581e-06,5.9012992359660934e-07,2.1843848216481938e-06,5.5868980856421291e-07
0.0004103,2.2811765737321955e-06,5.903930125049309e-07,2.1881901422049389e-06,5.5822040806500091e-07
0.0004104,2.2839618379365529e-06,5.906598290605567e-07,2.1919331189290361e-06,5.5775474867007775e-07
0.0004105,2.2866926696744314e-06,5.9091733608649606e-07,2.1956158734436531e-06,5.5729320434726631e-07
0.00041060000000000001,2.2893844303466555e-06,5.911529413162817e-07,2.1992408287273526e-06,5.5683611941275244e-07
0.00041070000000000001,2.2920459246852636e-06,5.9135509355855164e-07,2.2028106535905847e-06,5.563837900969921e-07
0.00041080000000000001,2.2946792098164526e-06,5.9151385721932293e-07,2.2063282009030703e-06,5.5593644880779205e-07
0.00041090000000000001,2.2972803006635162e-06,5.9162142406803779e-07,2.2097964406448333e-06,5.5549425174786066e-07
0.00041100000000000002,2.299840646334134e-06,5.91672522450786e-07,2.2132183888415374e-06,5.5505727037811423e-07
0.00041110000000000002,2.3023491503007202e-06,5.9166468925865454e-07,2.2165970334080164e-06,5.5462548703348742e-07
0.00041120000000000002,2.3047944375482916e-06,5.9159837863432521e-07,2.2199352578711336e-06,5.5419879480493244e-07
0.00041130000000000002,2.3071670440958126e-06,5.9147689300050727e-07,2.2232357638823373e-06,5.5377700160747519e-07
0.00041140000000000003,2.3094612220107491e-06,5.9130613550330515e-07,2.2265009933692029e-06,5.5335983816941429e-07
0.00041150000000000003,2.3116761132486193e-06,5.910941971030268e-07,2.2297330511209929e-06,5.5294696950910158e-07
0.00041160000000000003,2.3138161392208033e-06,5.9085080491686412e-07,2.2329336285621904e-06,5.5253800932111784e-07
0.00041170000000000003,2.3158905660135856e-06,5.9058666966997663e-07,2.2361039294438595e-06,5.5213253657823969e-07
0.00041180000000000003,2.3179123210761597e-06,5.9031277809714215e-07,2.2392445981792896e-06,5.5173011357413282e-07
0.00041189999999999998,2.3198962392411173e-06,5.9003968005283655e-07,2.2423556515670268e-06,5.5133030458657671e-07
0.00041199999999999999,2.3218569897832733e-06,5.8977681956925551e-07,2.2454364146816183e-06,5.5093269433344532e-07
0.00041209999999999999,2.3238069720122447e-06,5.8953195426731471e-07,2.248485461764503e-06,5.5053690542248479e-07
0.00041219999999999999,2.3257544607023498e-06,5.8931069895857148e-07,2.2515005630120622e-06,5.5014261405938064e-07
0.00041229999999999999,2.3277022369598673e-06,5.8911621795198982e-07,2.2544786382254907e-06,5.4974956337198141e-07
0.0004124,2.3296468632500276e-06,5.8894907774582556e-07,2.2574157183522825e-06,5.4935757382779442e-07
0.0004125,2.3315786660161611e-06,5.8880725880821199e-07,2.2603069160013623e-06,5.4896655035993305e-07
0.0004126,2.3334823906908804e-06,5.8868631335172205e-07,2.2631464060449927e-06,5.4857648596758486e-07
0.0004127,2.335338406861397e-06,5.885796465082252e-07,2.2659274174225598e-06,5.4818746171340317e-07
0.00041280000000000001,2.3371242783493865e-06,5.8847889190416494e-07,2.2686422372239686e-06,5.4779964319480429e-07
0.00041290000000000001,2.3388164820425226e-06,5.8837434970630157e-07,2.271282228050155e-06,5.4741327371266368e-07
0.00041300000000000001,2.3403920629764573e-06,5.8825545569848934e-07,2.2738378595176701e-06,5.4702866449266784e-07
0.00041310000000000001,2.3418300481898839e-06,5.8811125339490707e-07,2.2762987545913409e-06,5.4664618242665601e-07
0.00041320000000000001,2.3431125000749282e-06,5.8793084679719628e-07,2.2786537511944736e-06,5.4626623588936054e-07
0.00041330000000000002,2.3442251597524772e-06,5.8770381815448905e-07,2.2808909792599744e-06,5.4588925924707118e-07
0.00041340000000000002,2.3451576995832783e-06,5.8742060191244778e-07,2.2829979530557158e-06,5.4551569670705121e-07
0.00041350000000000002,2.3459036594614404e-06,5.8707281194861603e-07,2.2849616782479751e-06,5.4514598616017661e-07
0.00041360000000000002,2.3464601752700023e-06,5.8665352341072659e-07,2.286768772771188e-06,5.4478054364467211e-07
0.00041370000000000003,2.3468276155735875e-06,5.8615751254227889e-07,2.2884056001597703e-06,5.444197490085996e-07
0.00041380000000000003,2.347009225189876e-06,5.855814577065875e-07,2.2898584135842377e-06,5.4406393327615025e-07
0.00041390000000000003,2.3470108374506617e-06,5.8492410269041759e-07,2.2911135084338616e-06,5.4371336813173308e-07
0.00041400000000000003,2.3468406700840295e-06,5.8418637988812292e-07,2.2921573809162464e-06,5.4336825783154146e-07
0.00041409999999999998,2.3465091738224584e-06,5.8337148697198609e-07,2.2929768898191887e-06,5.4302873373947826e-07
0.00041419999999999998,2.3460288687275108e-06,5.8248490708115563e-07,2.2935594183127791e-06,5.4269485156879837e-07
0.00041429999999999999,2.3454140889228478e-06,5.8153436030796136e-07,2.2938930324782156e-06,5.4236659129774121e-07
0.00041439999999999999,2.3446805658392287e-06,5.8052967404899244e-07,2.2939666331422418e-06,5.4204385962120859e-07
0.00041449999999999999,2.3438448120181348e-06,5.7948256205325855e-07,2.2937700975842302e-06,5.4172649470661003e-07
0.00041459999999999999,2.342923315831946e-06,5.7840630681227913e-07,2.2932944077715092e-06,5.4141427294263122e-07
0.0004147,2.3419316120729675e-06,5.7731534697980646e-07,2.2925317619714752e-06,5.4110691730864726e-07
0.0004148,2.3408833420955566e-06,5.762247801033793e-07,2.2914756668841097e-06,5.4080410695113503e-07
0.0004149,2.3397894482025212e-06,5.7514980013304222e-07,2.2901210078334207e-06,5.4050548753235973e-07
0.000415,2.3386576510769161e-06,5.7410509781428729e-07,2.2884640950398377e-06,5.4021068191595086e-07
0.00041510000000000001,2.3374923318160433e-06,5.7310425901859476e-07,2.2865026845588203e-06,5.3991930077226083e-07
0.00041520000000000001,2.3362948830304273e-06,5.7215920028830759e-07,2.2842359730967367e-06,5.3963095272171795e-07
0.00041530000000000001,2.3350645141889956e-06,5.7127968161039092e-07,2.2816645665864717e-06,5.3934525368399817e-07
0.00041540000000000001,2.3337994077924358e-06,5.7047293329704328e-07,2.2787904231024192e-06,5.3906183516157608e-07
0.00041550000000000002,2.3324980411259082e-06,5.6974342688950954e-07,2.2756167713955172e-06,5.3878035125436316e-07
0.00041560000000000002,2.3311604298473274e-06,5.6909280971398519e-07,2.2721480070115315e-06,5.3850048427405176e-07
0.00041570000000000002,2.3297890285237079e-06,5.6852001001037615e-07,2.2683895685980603e-06,5.3822194889869379e-07
0.00041580000000000002,2.3283890480923474e-06,5.6802150564268972e-07,2.2643477975859483e-06,5.3794449487641716e-07
0.00041590000000000003,2.3269680223268689e-06,5.6759173567823512e-07,2.2600297849284387e-06,5.3766790834925445e-07
0.00041600000000000003,2.3255345676251566e-06,5.6722362200545847e-07,2.2554432089804289e-06,5.3739201192048072e-07
0.00041610000000000003,2.324096417849377e-06,5.669091589179889e-07,2.2505961688842479e-06,5.3711666363089259e-07
0.00041620000000000003,2.3226579576190533e-06,5.6664002320547497e-07,2.2454970179873999e-06,5.368417550383969e-07
0.00041629999999999998,2.3212175995781732e-06,5.6640815633472977e-07,2.240154201844643e-06,5.3656720861211337e-07
0.00041639999999999998,2.3197654308352486e-06,5.6620627387872878e-07,2.2345761052479712e-06,5.3629297465570174e-07
0.00041649999999999999,2.318281572985173e-06,5.6602826507097289e-07,2.2287709124862275e-06,5.3601902796685181e-07
0.00041659999999999999,2.3167356491379438e-06,5.6586945640094316e-07,2.2227464846654761e-06,5.3574536442145006e-07
0.00041669999999999999,2.3150876310885452e-06,5.6572672634791858e-07,2.2165102574344488e-06,5.3547199764420779e-07
0.00041679999999999999,2.3132901623953836e-06,5.6559847228817024e-07,2.2100691618673529e-06,5.3519895589469718e-07
0.0004169,2.3112922411927291e-06,5.6548444386376039e-07,2.2034295705799565e-06,5.3492627926114575e-07
0.000417,2.3090439299959403e-06,5.6538546833847175e-07,2.1965972704111302e-06,5.3465401721681227e-07
0.0004171,2.3065015717466445e-06,5.6530310161356117e-07,2.1895774622166926e-06,5.3438222655735776e-07
0.0004172,2.3036328632729057e-06,5.6523924293134454e-07,2.1823747875161071e-06,5.3411096970504744e-07
0.00041730000000000001,2.3004210937247127e-06,5.651957515980664e-07,2.1749933809336447e-06,5.3384031333825116e-07
0.00041740000000000001,2.296867909728998e-06,5.6517410050681176e-07,2.1674369466043921e-06,5.3357032728444319e-07
0.00041750000000000001,2.2929941203344257e-06,5.6517509445313592e-07,2.1597088559991968e-06,5.3330108360227786e-07
0.00041760000000000001,2.2888382878292309e-06,5.6519867215939874e-07,2.1518122639799239e-06,5.3303265577405883e-07
0.00041770000000000002,2.2844531364170453e-06,5.6524380071494183e-07,2.1437502393486431e-06,5.3276511793352221e-07
0.00041780000000000002,2.2799001109886638e-06,5.6530846101732055e-07,2.1355259057159902e-06,5.3249854406495292e-07
0.00041790000000000002,2.2752426898582743e-06,5.6538971389854946e-07,2.1271425881994651e-06,5.3223300712679209e-07
0.00041800000000000002,2.2705392571932028e-06,5.6548382985602581e-07,2.1186039612782815e-06,5.3196857807474684e-07
0.00041810000000000003,2.2658364399357115e-06,5.655864612787911e-07,2.109914193084755e-06,5.3170532478390514e-07
0.00041820000000000003,2.2611637907689621e-06,5.6569283498927645e-07,2.1010780815008964e-06,5.3144331089487696e-07
0.00041830000000000003,2.2565305506595477e-06,5.6579794464887478e-07,2.0921011776516082e-06,5.311825946328999e-07
0.00041840000000000003,2.2519249674738752e-06,5.6589672660085514e-07,2.082989892732791e-06,5.309232276699525e-07
0.00041850000000000004,2.2473163135347563e-06,5.6598420828543354e-07,2.0737515845737925e-06,5.3066525411568883e-07
0.00041859999999999998,2.2426593797108396e-06,5.6605562455234471e-07,2.0643946208944037e-06,5.3040870973272752e-07
0.00041869999999999999,2.2379008780247658e-06,5.6610650309026147e-07,2.0549284168586421e-06,5.3015362147397446e-07
0.00041879999999999999,2.2329869091268833e-06,5.6613272496985779e-07,2.0453634452335988e-06,5.299000074339296e-07
0.00041889999999999999,2.2278704871183382e-06,5.6613056934930919e-07,2.0357112182088242e-06,5.2964787729229763e-07
0.00041899999999999999,2.2225180889626219e-06,5.6609675239286779e-07,2.0259842407006705e-06,5.2939723330697955e-07
0.0004191,2.2169143165208632e-06,5.6602846939614736e-07,2.0161959357338304e-06,5.2914807188593351e-07
0.0004192,2.2110640123898615e-06,5.6592344629089661e-07,2.006360543238652e-06,5.2890038573461468e-07
0.0004193,2.2049915228054555e-06,5.6578000266238541e-07,1.9964929943084924e-06,5.2865416653976241e-07
0.0004194,2.1987372031572908e-06,5.6559712386266979e-07,1.9866087636066711e-06,5.2840940811299475e-07
0.00041950000000000001,2.1923516568618297e-06,5.6537453550851578e-07,1.9767237031844831e-06,5.2816610988163622e-07
0.00041960000000000001,2.1858885288778899e-06,5.6511277032451881e-07,1.9668538614533375e-06,5.2792428058111145e-07
0.00041970000000000001,2.1793968916463544e-06,5.6481321548511965e-07,1.9570152914386328e-06,5.2768394197603482e-07
0.00041980000000000001,2.1729143300109175e-06,5.6447812864662635e-07,1.9472238527199182e-06,5.2744513241677605e-07
0.00041990000000000001,2.1664617400755545e-06,5.6411061279036569e-07,1.9374950116279914e-06,5.2720791002747723e-07
0.00042000000000000002,2.1600406156752874e-06,5.6371454359229946e-07,1.9278436443241908e-06,5.2697235532034308e-07
0.00042010000000000002,2.1536332381313995e-06,5.6329444782435676e-07,1.9182838473288392e-06,5.2673857304112962e-07
0.00042020000000000002,2.1472057610002139e-06,5.6285533663981599e-07,1.9088287599024006e-06,5.265066930713371e-07
0.00042030000000000002,2.1407137530153812e-06,5.6240250278321386e-07,1.8994904024164606e-06,5.2627687024398604e-07
0.00042040000000000003,2.1341093925128948e-06,5.6194129510244096e-07,1.8902795344950416e-06,5.2604928297026032e-07
0.00042050000000000003,2.127349250865002e-06,5.6147688665504822e-07,1.8812055362657346e-06,5.2582413062257851e-07
0.00042060000000000003,2.1204015004129006e-06,5.6101405381797268e-07,1.8722763155501259e-06,5.2560162967359604e-07
0.00042070000000000003,2.1132514515413361e-06,5.6055698300069721e-07,1.863498243253574e-06,5.2538200864763328e-07
0.00042079999999999998,2.1059045562667862e-06,5.6010911895468118e-07,1.854876118600201e-06,5.2516550199881339e-07
0.00042089999999999999,2.0983863800469051e-06,5.5967306462830123e-07,1.8464131652127876e-06,5.2495234308531335e-07
0.00042099999999999999,2.0907394874994741e-06,5.5925053757476619e-07,1.8381110583727564e-06,5.2474275645951793e-07
0.00042109999999999999,2.0830176467906312e-06,5.5884238271532457e-07,1.8299699831251016e-06,5.2453694973621945e-07
0.00042119999999999999,2.0752781638600624e-06,5.5844863643128689e-07,1.8219887222302998e-06,5.2433510533349262e-07
0.00042129999999999999,2.0675734504454677e-06,5.5806863306109917e-07,1.814164772321398e-06,5.2413737240128051e-07
0.0004214,2.0599430640422118e-06,5.577011423089742e-07,1.8064944860106971e-06,5.2394385925987441e-07
0.0004215,2.0524074113153245e-06,5.5734452501760208e-07,1.7989732371171934e-06,5.2375462666327912e-07
0.0004216,2.0449640833282911e-06,5.5699689518308489e-07,1.7915956056629015e-06,5.2356968218150061e-07
0.0004217,2.0375874216688953e-06,5.5665627775268915e-07,1.7843555788212095e-06,5.2338897596064735e-07
0.00042180000000000001,2.0302314515124447e-06,5.5632075424400148e-07,1.7772467636017182e-06,5.2321239807263128e-07
0.00042190000000000001,2.0228358277344593e-06,5.5598859106861281e-07,1.7702626067298986e-06,5.2303977760851799e-07
0.00042200000000000001,2.0153339950105792e-06,5.5565834813971399e-07,1.7633966169327585e-06,5.2287088360364126e-07
0.00042210000000000001,2.0076624283061985e-06,5.5532896747036221e-07,1.7566425846778148e-06,5.2270542781159402e-07
0.00042220000000000002,1.9997696466008315e-06,5.5499984274709284e-07,1.7499947943369069e-06,5.2254306927093803e-07
0.00042230000000000002,1.9916237073193656e-06,5.5467087119284384e-07,1.7434482237615477e-06,5.2238342053660052e-07
0.00042240000000000002,1.9832170915949714e-06,5.5434248850658341e-07,1.7369987263650603e-06,5.2222605538030998e-07
0.00042250000000000002,1.9745682534164756e-06,5.5401568654766721e-07,1.7306431910101797e-06,5.220705177047935e-07
0.00042260000000000003,1.9657195774266931e-06,5.5369201210380264e-07,1.7243796752987839e-06,5.2191633136693391e-07
0.00042270000000000003,1.9567320027956732e-06,5.5337354397450751e-07,1.7182075082525757e-06,5.2176301056867748e-07
0.00042280000000000003,1.9476770498561187e-06,5.5306284511769338e-07,1.7121273588568253e-06,5.2161007045267157e-07
0.00042290000000000003,1.9386273621033146e-06,5.5276288703831551e-07,1.706141267509951e-06,5.2145703753329248e-07
0.00042299999999999998,1.9296470934598489e-06,5.5247694506994588e-07,1.7002526380742833e-06,5.2130345960390828e-07
0.00042309999999999998,1.9207834969968334e-06,5.5220846563684636e-07,1.6944661889502397e-06,5.2114891478690807e-07
0.00042319999999999999,1.9120609019434348e-06,5.5196090970905323e-07,1.688787862387694e-06,5.2099301943331966e-07
0.00042329999999999999,1.9034779247069445e-06,5.5173758003324594e-07,1.6832246920943959e-06,5.2083543463211237e-07
0.00042339999999999999,1.8950082958180638e-06,5.5154144279326861e-07,1.6777846300872622e-06,5.2067587115257676e-07
0.00042349999999999999,1.8866051653040091e-06,5.5137495656557006e-07,1.6724763346446829e-06,5.2051409271412672e-07
0.0004236,1.8782082493302512e-06,5.5123992230360529e-07,1.6673089221386596e-06,5.2034991755252408e-07
0.0004237,1.8697527736386613e-06,5.5113736729319392e-07,1.6622916864374659e-06,5.2018321832684261e-07
0.0004238,1.8611789135574499e-06,5.5106747348066469e-07,1.6574337904521517e-06,5.200139204833928e-07
0.0004239,1.852440363315123e-06,5.5102955646493242e-07,1.6527439352339574e-06,5.198419992584184e-07
0.00042400000000000001,1.8435107986999146e-06,5.5102209620039783e-07,1.6482300127930528e-06,5.1966747555660805e-07
0.00042410000000000001,1.834387307499649e-06,5.510428147296168e-07,1.6438987494821071e-06,5.1949041098593069e-07
0.00042420000000000001,1.8250903062910033e-06,5.5108879083347502e-07,1.6397553473495219e-06,5.1931090235718617e-07
0.00042430000000000001,1.8156599752582629e-06,5.5115659715467193e-07,1.6358031312990851e-06,5.1912907596940935e-07
0.00042440000000000002,1.8061497501179305e-06,5.5124244282314717e-07,1.6320432101770947e-06,5.1894508199765147e-07
0.00042450000000000002,1.7966178382111242e-06,5.5134230438474709e-07,1.6284741600299852e-06,5.187590892791242e-07
0.00042460000000000002,1.7871180124502811e-06,5.5145203010176475e-07,1.6250917377235327e-06,5.1857128075719113e-07
0.00042470000000000002,1.777691040860594e-06,5.5156740729865288e-07,1.6218886328801807e-06,5.183818497932815e-07
0.00042480000000000003,1.7683580163984024e-06,5.5168418885489519e-07,1.6188542656688899e-06,5.1819099749562685e-07
0.00042490000000000003,1.7591165756885312e-06,5.5179808237822899e-07,1.6159746373730853e-06,5.1799893114511294e-07
0.00042500000000000003,1.7499405769072377e-06,5.5190471299122358e-07,1.6132322398702459e-06,5.1780586372532186e-07
0.00042510000000000003,1.7407833072831943e-06,5.5199957691918048e-07,1.6106060291908353e-06,5.1761201448996958e-07
0.00042520000000000004,1.7315837820712928e-06,5.5207800713777608e-07,1.6080714671993764e-06,5.174176104306713e-07
0.00042529999999999998,1.7222752526919997e-06,5.5213517341234737e-07,1.6056006341740724e-06,5.1722288844460962e-07
0.00042539999999999999,1.7127947255464853e-06,5.5216613668370621e-07,1.6031624136776027e-06,5.1702809794903906e-07
0.00042549999999999999,1.7030921494185571e-06,5.5216597192408425e-07,1.6007227496372854e-06,5.1683350365074667e-07
0.00042559999999999999,1.693137977750833e-06,5.5212996478186481e-07,1.5982449740185061e-06,5.1663938815548211e-07
0.00042569999999999999,1.6829280440492172e-06,5.5205387649103321e-07,1.5956902019146122e-06,5.1644605409736509e-07
0.0004258,1.6724850695583156e-06,5.5193425993910356e-07,1.5930177893250085e-06,5.1625382548124297e-07
0.0004259,1.6618565965014672e-06,5.517687989789856e-07,1.5901858473874723e-06,5.16063047962533e-07
0.000426,1.6511096392134786e-06,5.5155663457870283e-07,1.587151805408174e-06,5.1587408783734662e-07
0.0004261,1.6403227983207429e-06,5.5129863659932361e-07,1.5838730137290413e-06,5.1568732957945554e-07
0.00042620000000000001,1.6295769262011305e-06,5.5099757988445582e-07,1.5803073763221624e-06,5.1550317183618176e-07
0.00042630000000000001,1.6189456183131696e-06,5.5065818842416893e-07,1.5764140020361103e-06,5.1532202187981927e-07
0.00042640000000000001,1.6084868107009246e-06,5.5028702149526925e-07,1.5721538626679171e-06,5.151442886000918e-07
0.00042650000000000001,1.5982365912349615e-06,5.4989219010901945e-07,1.5674904455204092e-06,5.1497037421222595e-07
0.00042660000000000002,1.588206008438105e-06,5.4948290945880761e-07,1.5623903878460854e-06,5.1480066493958824e-07
0.00042670000000000002,1.5783812354683008e-06,5.4906891153860152e-07,1.5568240805885159e-06,5.1463552100550361e-07
0.00042680000000000002,1.5687269799502317e-06,5.4865975961982744e-07,1.5507662291165461e-06,5.1447526633081768e-07
0.00042690000000000002,1.5591925892357216e-06,5.4826412072473386e-07,1.5441963592049691e-06,5.1432017837891206e-07
0.00042700000000000002,1.5497199465346958e-06,5.4788906173842077e-07,1.5370992573406388e-06,5.1417047861502209e-07
0.00042710000000000003,1.5402520336121501e-06,5.4753943794009504e-07,1.5294653355123303e-06,5.1402632404942242e-07
0.00042720000000000003,1.5307409776020618e-06,5.4721743873849094e-07,1.5212909119543839e-06,5.1388780031364007e-07
0.00042730000000000003,1.5211545065968665e-06,5.4692234427039955e-07,1.5125784008338035e-06,5.1375491667495947e-07
0.00042740000000000003,1.5114799912501242e-06,5.4665052907452778e-07,1.5033364055654166e-06,5.1362760332842296e-07
0.00042749999999999998,1.5017256079637261e-06,5.4639572684156729e-07,1.4935797122741969e-06,5.1350571121920567e-07
0.00042759999999999999,1.4919185699270303e-06,5.4614954541907283e-07,1.4833291818581252e-06,5.1338901454549927e-07
0.00042769999999999999,1.4821007763006883e-06,5.4590219634458927e-07,1.4726115410963129e-06,5.1327721597617419e-07
0.00042779999999999999,1.4723225711080305e-06,5.4564338082188617e-07,1.4614590752508566e-06,5.1316995449464117e-07
0.00042789999999999999,1.4626355366539854e-06,5.4536325668188229e-07,1.4499092265827634e-06,5.1306681565475415e-07
0.000428,1.4530853431518309e-06,5.4505340045258148e-07,1.4380041050972733e-06,5.1296734391324744e-07
0.0004281,1.4437056285924347e-06,5.4470767647376983e-07,1.4257899196099697e-06,5.1287105659119462e-07
0.0004282,1.4345137032600809e-06,5.443229314519594e-07,1.4133163388413907e-06,5.1277745892051926e-07
0.0004283,1.4255085922078676e-06,5.4389944746453743e-07,1.4006357936692766e-06,5.1268605955548274e-07
0.0004284,1.4166715898719087e-06,5.4344110782180925e-07,1.3878027328612981e-06,5.1259638587818299e-07
0.00042850000000000001,1.4079691533915708e-06,5.4295525628096976e-07,1.3748728455522069e-06,5.1250799840465407e-07
0.00042860000000000001,1.3993576534935501e-06,5.4245225826644981e-07,1.3619022643960504e-06,5.1242050360641725e-07
0.00042870000000000001,1.3907892743713758e-06,5.4194480014757542e-07,1.3489467637039278e-06,5.1233356450290934e-07
0.00042880000000000001,1.38221823390016e-06,5.4144698649750723e-07,1.3360609669627691e-06,5.1224690845171288e-07
0.00042890000000000002,1.3736064933588447e-06,5.4097331322609316e-07,1.3232975779205629e-06,5.1216033166534114e-07
0.00042900000000000002,1.3649282351324769e-06,5.405376047975319e-07,1.3107066489250419e-06,5.1207370011097575e-07
0.00042910000000000002,1.3561725860496354e-06,5.4015200548491302e-07,1.2983348994285402e-06,5.1198694659984089e-07
0.00042920000000000002,1.3473443203602463e-06,5.398261077621189e-07,1.2862250965407364e-06,5.1190006403867938e-07
0.00042930000000000003,1.3384625514076513e-06,5.3956628637380642e-07,1.2744155082473251e-06,5.1181309499177052e-07
0.00042940000000000003,1.3295576764437724e-06,5.3937528602988597e-07,1.2629394384462014e-06,5.1172611787971157e-07
0.00042950000000000003,1.320667042005471e-06,5.3925208630668925e-07,1.2518248513161947e-06,5.1163923031368765e-07
0.00042960000000000003,1.3118299248857726e-06,5.3919204179753922e-07,1.2410940907633008e-06,5.1155253022291797e-07
0.00042969999999999998,1.303082465414379e-06,5.3918727147213145e-07,1.2307636988251087e-06,5.1146609557124731e-07
0.00042979999999999998,1.2944531477582817e-06,5.392272509542234e-07,1.2208443349945462e-06,5.1137996356906748e-07
0.00042989999999999999,1.2859593098831483e-06,5.3929954687824898e-07,1.2113407964913074e-06,5.112941103631531e-07
0.00042999999999999999,1.2776050056214248e-06,5.3939062480529768e-07,1.2022521376011812e-06,5.1120843222469599e-07
0.00043009999999999999,1.2693803592074022e-06,5.3948666173034239e-07,1.1935718843605552e-06,5.1112272925132668e-07
0.00043019999999999999,1.2612623748760754e-06,5.3957430054534812e-07,1.1852883391202643e-06,5.1103669255046773e-07
0.0004303,1.2532170129842603e-06,5.3964129575979191e-07,1.177384967913377e-06,5.1094989577952188e-07
0.0004304,1.2452022351099962e-06,5.3967701558608216e-07,1.1698408621057961e-06,5.1086179178401067e-07
0.0004305,1.2371716609434135e-06,5.3967278310837051e-07,1.1626312645507546e-06,5.1077171490274859e-07
0.0004306,1.2290784684488845e-06,5.3962205653638229e-07,1.1557281494211932e-06,5.1067888930415779e-07
0.00043070000000000001,1.2208791978110978e-06,5.3952046355808321e-07,1.1491008440717041e-06,5.1058244348684889e-07
0.00043080000000000001,1.2125371766259502e-06,5.3936571601880595e-07,1.1427166806976712e-06,5.104814308297052e-07
0.00043090000000000001,1.204025354581308e-06,5.3915743762404606e-07,1.1365416652176086e-06,5.1037485582025291e-07
0.00043100000000000001,1.1953284075951072e-06,5.3889693881155788e-07,1.130541150708037e-06,5.1026170533593762e-07
0.00043110000000000002,1.1864440345540091e-06,5.3858696975712323e-07,1.1246805028644048e-06,5.1014098411103491e-07
0.00043120000000000002,1.1773834196317227e-06,5.3823147564171621e-07,1.1189257453387248e-06,5.1001175330250506e-07
0.00043130000000000002,1.1681708697154226e-06,5.3783536921501533e-07,1.1132441734025103e-06,5.0987317088097563e-07
0.00043140000000000002,1.1588426637115872e-06,5.3740432595739155e-07,1.1076049251858633e-06,5.0972453242696233e-07
0.00043150000000000003,1.1494451746078846e-06,5.3694459837231078e-07,1.1019795007317608e-06,5.0956531081474311e-07
0.00043160000000000003,1.1400323523425161e-06,5.3646283950089617e-07,1.0963422202552782e-06,5.0939519322292761e-07
0.00043170000000000003,1.1306626899369704e-06,5.3596592258767334e-07,1.0906706142875064e-06,5.0921411392541217e-07
0.00043180000000000003,1.1213958375326499e-06,5.3546074434556891e-07,1.0849457397858604e-06,5.0902228139116411e-07
0.00043190000000000004,1.112289075183523e-06,5.3495400328374616e-07,1.079152417779801e-06,5.0882019835486266e-07
0.00043199999999999998,1.1033938977908913e-06,5.3445195133474775e-07,1.0732793896644281e-06,5.0860867371115849e-07
0.00043209999999999999,1.0947529941255058e-06,5.3396012536754959e-07,1.0673193908265889e-06,5.0838882532670472e-07
0.00043219999999999999,1.0863979057060378e-06,5.3348307365332272e-07,1.0612691418593804e-06,5.0816207314996075e-07
0.00043229999999999999,1.0783476216616445e-06,5.3302409945816053e-07,1.0551292591649415e-06,5.0793012231950701e-07
0.00043239999999999999,1.0706082982679856e-06,5.3258504833372787e-07,1.0489040882346474e-06,5.076949363161547e-07
0.0004325,1.0631741884210355e-06,5.3216616638852792e-07,1.0426014643052658e-06,5.0745870056111974e-07
0.0004326,1.0560297355768395e-06,5.317660533895651e-07,1.0362324063962773e-06,5.0722377721819108e-07
0.0004327,1.0491526436473524e-06,5.313817271025974e-07,1.0298107519155478e-06,5.0699265229998551e-07
0.0004328,1.0425175985516832e-06,5.3100880456053892e-07,1.023352740058886e-06,5.067678764927304e-07
0.00043290000000000001,1.0361002098321933e-06,5.3064179319867744e-07,1.0168765531073283e-06,5.0655200138928597e-07
0.00043300000000000001,1.0298806814651926e-06,5.3027447161536379e-07,1.0104018254303392e-06,5.0634751304391909e-07
0.00043310000000000001,1.0238467239924859e-06,5.2990032786149161e-07,1.0039491305221879e-06,5.061567649255819e-07
0.00043320000000000001,1.017995291457161e-06,5.2951301430235938e-07,9.9753945672527531e-07,5.0598191244074082e-07
0.00043330000000000002,1.0123328624220484e-06,5.2910677359075524e-07,9.9119368242237434e-07,5.0582485121709722e-07
0.00043340000000000002,1.0068741703347133e-06,5.2867679099456692e-07,9.8493206140849565e-07,5.0568716128222248e-07
0.00043350000000000002,1.0016395014608585e-06,5.2821943445308286e-07,9.7877372888361508e-07,5.055700591365055e-07
0.00043360000000000002,9.9665088926923807e-07,5.2773235482151014e-07,9.7273623804422229e-07,5.0547435950995589e-07
0.00043370000000000003,9.9192771130391905e-07,5.2721443367868172e-07,9.6683513660280559e-07,5.0540044831273557e-07
0.00043380000000000003,9.8748230977803212e-07,5.2666558316353756e-07,9.6108359174043415e-07,5.0534826794749912e-07
0.00043390000000000003,9.8331628927261531e-07,5.2608641957977034e-07,9.5549207101241235e-07,5.0531731575858712e-07
0.00043400000000000003,9.7941808400555299e-07,5.2547784787736318e-07,9.500680855980191e-07,5.0530665596005113e-07
0.00043410000000000003,9.7576223642810576e-07,5.2484060566053678e-07,9.4481600103047864e-07,5.0531494492676972e-07
0.00043419999999999998,9.7231060528007528e-07,5.2417482156764424e-07,9.3973691918617886e-07,5.0534046926465217e-07
0.00043429999999999999,9.69015453366955e-07,5.234796428097618e-07,9.3482863387499131e-07,5.0538119561373978e-07
0.00043439999999999999,9.6582409001586669e-07,5.2275298016335899e-07,9.3008566088347407e-07,5.0543483069772231e-07
0.00043449999999999999,9.6268450024576175e-07,5.219914063805755e-07,9.2549934180557896e-07,5.0549888973072184e-07
0.00043459999999999999,9.5955121919447438e-07,5.2119022711296413e-07,9.2105801948101575e-07,5.0557077094171792e-07
0.0004347,9.5639063489842813e-07,5.2034372391275425e-07,9.1674728137666553e-07,5.0564783369233959e-07
0.0004348,9.53184940690748e-07,5.1944554890166753e-07,9.1255026582164288e-07,5.0572747745542211e-07
0.0004349,9.4993410993508272e-07,5.1848923259159936e-07,9.0844802466921118e-07,5.0580721879960103e-07
0.000435,9.4665551370594485e-07,5.1746875222881225e-07,9.0441993473643646e-07,5.0588476349421153e-07
0.0004351,9.4338111484785651e-07,5.1637909959882004e-07,9.0044414929114571e-07,5.0595807091321634e-07
0.00043520000000000001,9.4015250747420472e-07,5.1521678551652362e-07,8.9649807993857331e-07,5.0602540807592724e-07
0.00043530000000000001,9.370143824431874e-07,5.1398022351173709e-07,8.9255889852889681e-07,5.0608539091332435e-07
0.00043540000000000001,9.3400724153877879e-07,5.1266994697866167e-07,8.8860404817872366e-07,5.0613701068527952e-07
0.00043550000000000001,9.3116031927829185e-07,5.1128863102273069e-07,8.8461175218948088e-07,5.0617964388705427e-07
0.00043560000000000002,9.2848567873160281e-07,5.0984091055000796e-07,8.8056150956346719e-07,5.0621304446110664e-07
0.00043570000000000002,9.2597432138351008e-07,5.0833300756684848e-07,8.7643456597002161e-07,5.0623731765841943e-07
0.00043580000000000002,9.2359490465875846e-07,5.0677220083698144e-07,8.7221434940140791e-07,5.0625287545652945e-07
0.00043590000000000002,9.212953253634241e-07,5.0516618777745237e-07,8.678868603766014e-07,5.0626037402147458e-07
0.00043600000000000003,9.1900704739061142e-07,5.0352239996178131e-07,8.6344100739330975e-07,5.0626063428080397e-07
0.00043610000000000003,9.1665167928254594e-07,5.0184733863369498e-07,8.5886887938067749e-07,5.0625454723508288e-07
0.00043620000000000003,9.1414899340890771e-07,5.0014599473595926e-07,8.5416594814930676e-07,5.062429661594436e-07
0.00043630000000000003,9.1142536814203936e-07,4.984214094062835e-07,8.493311952492127e-07,5.0622658831690288e-07
0.00043639999999999998,9.0842155835862159e-07,4.9667441667957834e-07,8.4436715920319156e-07,5.0620582920639333e-07
0.00043649999999999998,9.0509877053856378e-07,4.9490359184182837e-07,8.3927990075289698e-07,5.0618069268709785e-07
0.00043659999999999999,9.0144222909088731e-07,4.9310540847928641e-07,8.3407888550446799e-07,5.0615064054652123e-07
0.00043669999999999999,8.9746174331994405e-07,4.9127458689821067e-07,8.2877678515324613e-07,5.0611446520356464e-07
0.00043679999999999999,8.9318917681633721e-07,4.8940459832447236e-07,8.2338920026681128e-07,5.0607016925587564e-07
0.00043689999999999999,8.8867313017752583e-07,4.8748827490730074e-07,8.1793430937230421e-07,5.0601485549029411e-07
0.000437,8.8397151828802164e-07,4.8551846635641422e-07,8.124324507902915e-07,5.0594463077822963e-07
0.0004371,8.7914300438083206e-07,4.8348868075981918e-07,8.0690564524483942e-07,5.058545269791e-07
0.0004372,8.7423840627498598e-07,4.8139364985091321e-07,8.013770687219013e-07,5.0573844158222714e-07
0.0004373,8.6929319447983015e-07,4.7922976720119011e-07,7.9587048631151379e-07,5.055891003417882e-07
0.00043740000000000001,8.6432205658679266e-07,4.7699536047448292e-07,7.9040965882360028e-07,5.0539804361405787e-07
0.00043750000000000001,8.5931622731297981e-07,4.746907745786616e-07,7.8501773478470293e-07,5.0515563750607472e-07
0.00043760000000000001,8.5424391620839051e-07,4.7231825967269072e-07,7.7971664098297383e-07,5.048511103081378e-07
0.00043770000000000001,8.4905375537305397e-07,4.698816748854351e-07,7.7452648501350985e-07,5.0447261402636324e-07
0.00043780000000000002,8.4368079309323711e-07,4.6738603377246362e-07,7.6946498327509156e-07,5.0400731017564499e-07
0.00043790000000000002,8.380542295229024e-07,4.6483692975135333e-07,7.6454692757757305e-07,5.0344147835587425e-07
0.00043800000000000002,8.3210587138514742e-07,4.6223988816119784e-07,7.5978370293788652e-07,5.0276064553415332e-07
0.00043810000000000002,8.257782027049308e-07,4.5959969575494698e-07,7.5518286827952796e-07,5.0194973340928177e-07
0.00043820000000000003,8.1903103715474122e-07,4.5691975833885803e-07,7.5074781061964268e-07,5.0099322075862486e-07
0.00043830000000000003,8.118459237323694e-07,4.5420153328018011e-07,7.4647748194959214e-07,4.9987531727400849e-07
0.00043840000000000003,8.0422779162768178e-07,4.5144407636672883e-07,7.4236622641485341e-07,4.9858014509432861e-07
0.00043850000000000003,7.9620369836109487e-07,4.4864373287358236e-07,7.3840370360965798e-07,4.9709192404612423e-07
0.00043860000000000004,7.8781893551024182e-07,4.4579399162139771e-07,7.3457491185667236e-07,4.9539515651457109e-07
0.00043869999999999998,7.7913109555430833e-07,4.4288550924428333e-07,7.3086031328181156e-07,4.9347480788861729e-07
0.00043879999999999999,7.7020296482971695e-07,4.399063006853847e-07,7.2723606036209837e-07,4.9131647865428119e-07
0.00043889999999999999,7.6109524715967071e-07,4.3684208182463355e-07,7.2367432146502995e-07,4.8890656444508212e-07
0.00043899999999999999,7.5186012329194931e-07,4.3367674165669632e-07,7.2014370075747755e-07,4.8623240069154618e-07
0.00043909999999999999,7.4253651486314371e-07,4.3039291493017025e-07,7.1660974578735094e-07,4.8328238893232541e-07
0.0004392,7.3314766875013114e-07,4.269726218034703e-07,7.1303553407735987e-07,4.800461023462855e-07
0.0004393,7.2370134437403509e-07,4.2339793888356779e-07,7.0938232826123332e-07,4.7651436862251526e-07
0.0004394,7.1419251912504467e-07,4.1965166587986377e-07,7.0561028767935389e-07,4.7267932888873669e-07
0.0004395,7.046081758243834e-07,4.1571795382358634e-07,7.0167922297054984e-07,4.6853447205034938e-07
0.00043960000000000001,6.9493344835888236e-07,4.1158286410825531e-07,6.9754937908161561e-07,4.6407464453441247e-07
0.00043970000000000001,6.8515821541865182e-07,4.0723483219843545e-07,6.931822312938944e-07,4.5929603606793353e-07
0.00043980000000000001,6.752831715829508e-07,4.0266501541588996e-07,6.8854127835731892e-07,4.5419614272957072e-07
0.00043990000000000001,6.6532447667043903e-07,3.9786751042659154e-07,6.8359281664196732e-07,4.4877370908202611e-07
0.00044000000000000002,6.5531627742075447e-07,3.9283943260989598e-07,6.7830667937209566e-07,4.4302865170319251e-07
0.00044010000000000002,6.4531068336875642e-07,3.8758085610033371e-07,6.7265692549912979e-07,4.3696196687411836e-07
0.00044020000000000002,6.3537512223883614e-07,3.8209461968452695e-07,6.6662246359052327e-07,4.3057562553885228e-07
0.00044030000000000002,6.2558735354992615e-07,3.7638600967289772e-07,6.6018759724712118e-07,4.2387245891668401e-07
0.00044040000000000003,6.1602873590789455e-07,3.7046233614723667e-07,6.5334247999145629e-07,4.1685603831381635e-07
0.00044050000000000003,6.0677658255002066e-07,3.6433242345196792e-07,6.4608346926597238e-07,4.0953055274580164e-07
0.00044060000000000003,5.9789657054713148e-07,3.5800603933439552e-07,6.3841337110949246e-07,4.0190068794276389e-07
0.00044070000000000003,5.8943617541840215e-07,3.5149328967541692e-07,6.3034156920395647e-07,3.9397151016881102e-07
0.00044080000000000004,5.8141998464336697e-07,3.4480400725191013e-07,6.2188403425779546e-07,3.8574835804934014e-07
0.00044089999999999998,5.7384751636896036e-07,3.3794716342677063e-07,6.1306321207053346e-07,3.7723674527307967e-07
0.00044099999999999999,5.6669386276276141e-07,3.3093033107817992e-07,6.0390779105535841e-07,3.6844227662905832e-07
0.00044109999999999999,5.59913129841332e-07,3.2375922546382537e-07,5.9445235243196302e-07,3.5937057936462106e-07
0.00044119999999999999,5.5344430068923488e-07,3.1643734706894462e-07,5.8473690868833745e-07,3.5002725132262998e-07
0.00044129999999999999,5.4721884939499e-07,3.0896574680005319e-07,5.7480633819771401e-07,3.4041782674960905e-07
0.0004414,5.411692152862113e-07,3.0134292914664799e-07,5.6470972601506701e-07,3.3054776007827016e-07
0.0004415,5.3523713722868853e-07,2.9356490314224895e-07,5.5449962282134588e-07,3.2042242739393842e-07
0.0004416,5.2938085853413515e-07,2.8562538415448487e-07,5.4423123568980746e-07,3.1004714471262488e-07
0.0004417,5.2358034237874105e-07,2.7751614183353171e-07,5.3396156578026855e-07,2.99427201645161e-07
0.00044180000000000001,5.1783986936606089e-07,2.6922748116492473e-07,5.2374850919211285e-07,2.8856790851291448e-07
0.00044190000000000001,5.1218769476527149e-07,2.6074883485249092e-07,5.1364993799974667e-07,2.7747465453088108e-07
0.00044200000000000001,5.0667278634967587e-07,2.5206943668839773e-07,5.0372277893706903e-07,2.6615297429675389e-07
0.00044210000000000001,5.0135900397160886e-07,2.4317903777338829e-07,4.9402210727911185e-07,2.5460861953046576e-07
0.00044220000000000001,4.9631737917193017e-07,2.3406862115671936e-07,4.8460027318676009e-07,2.4284763280724037e-07
0.00044230000000000002,4.9161737280806446e-07,2.247310664414474e-07,4.7550607713883999e-07,2.3087641992428121e-07
0.00044240000000000002,4.8731810581843543e-07,2.1516171487826281e-07,4.6678401008773693e-07,2.1870181754046556e-07
0.00044250000000000002,4.8346055987037821e-07,2.0535878804736595e-07,4.5847357266040966e-07,2.0633115283103447e-07
0.00044260000000000002,4.8006163127918271e-07,1.953236197646244e-07,4.5060868611341409e-07,1.937722921026867e-07
0.00044270000000000003,4.7711070702110503e-07,1.8506067137992804e-07,4.4321720587292504e-07,1.8103367561408501e-07
0.00044280000000000003,4.7456914124506537e-07,1.745773148021777e-07,4.3632054638811399e-07,1.6812433623504921e-07
0.00044290000000000003,4.7237267835165183e-07,1.6388338460251778e-07,4.2993342374440645e-07,1.5505390004398831e-07
0.00044300000000000003,4.7043653304557206e-07,1.5299051922547787e-07,4.2406372007042554e-07,1.4183256749554182e-07
0.00044309999999999998,4.6866253759902123e-07,1.4191133015255099e-07,4.1871247128186915e-07,1.2847107437401774e-07
0.00044319999999999999,4.6694753649989755e-07,1.3065845507849771e-07,4.138739771901371e-07,1.1498063236700147e-07
0.00044329999999999999,4.6519207514471178e-07,1.1924356499412968e-07,4.0953603051894029e-07,1.0137284973061633e-07
0.00044339999999999999,4.633084075078515e-07,1.0767640388110229e-07,4.0568025897107833e-07,8.7659633154315597e-08
0.00044349999999999999,4.6122694002291497e-07,9.5963942215378177e-08,4.0228257222384411e-07,7.3853072551778308e-08
0.00044359999999999999,4.5890042418931802e-07,8.4109720866294073e-08,3.9931370365272103e-07,5.9965311086013401e-08
0.0004437,4.5630548550832217e-07,7.2113450142086941e-08,3.9673983473554046e-07,4.6008403264933189e-08
0.0004438,4.5344139860500102e-07,5.9970910272547799e-08,3.9452328851219064e-07,3.1994164401397341e-08
0.0004439,4.5032634940444148e-07,4.7674175860535897e-08,3.9262327720237937e-07,1.7934015105406592e-08
0.000444,4.4699172531869744e-07,3.5212159736867504e-08,3.9099668814296852e-07,3.83882475256526e-09
0.00044410000000000001,4.4347520729737164e-07,2.2571443645851998e-08,3.8959889161591095e-07,-1.0281241956783139e-08
0.00044420000000000001,4.3981357482571049e-07,9.7373369353869649e-09,3.883845539096094e-07,-2.4416871177147893e-08
0.00044430000000000001,4.3603615938132203e-07,-3.3049174480180395e-09,3.87308439093692e-07,-3.8559734726625007e-08
0.00044440000000000001,4.3215978993659366e-07,-1.6568885549731057e-08,3.8632618348405325e-07,-5.2702609594765562e-08
0.00044450000000000002,4.2818587652462208e-07,-3.0065736265137778e-08,3.8539502761851051e-07,-6.6839478514491327e-08
0.00044460000000000002,4.2409999857138533e-07,-4.3803186620118186e-08,3.8447449173186763e-07,-8.0965608368067466e-08
0.00044470000000000002,4.1987403802089863e-07,-5.7784686787395028e-08,3.8352698218344341e-07,-9.5077603702067879e-08
0.00044480000000000002,4.1547056403827999e-07,-7.200891295837538e-08,3.8251831801488242e-07,-1.091734332202516e-07
0.00044490000000000003,4.1084887849216898e-07,-8.6469609483623047e-08,3.8141816875919649e-07,-1.2325242779006364e-07
0.00044500000000000003,4.0597190785356972e-07,-1.011557910184399e-07,3.8020039673724497e-07,-1.3731524922146366e-07
0.00044510000000000003,4.008130071544815e-07,-1.1605228374764714e-07,3.7884329931465418e-07,-1.5136382983659106e-07
0.00044520000000000003,3.9536174201127489e-07,-1.3114055522700205e-07,3.7732974889732091e-07,-1.6540128362438463e-07
0.00044530000000000004,3.8962783702306054e-07,-1.4639975787178866e-07,3.7564723076307289e-07,-1.7943179054439178e-07
0.00044539999999999998,3.836427089600625e-07,-1.6180789402732015e-07,3.7378778110606039e-07,-1.9346045628651755e-07
0.00044549999999999999,3.7745831267314144e-07,-1.7734300247093958e-07,3.7174782985603393e-07,-2.0749315048723556e-07
0.00044559999999999999,3.7114337733633624e-07,-1.9298426776620358e-07,3.6952795487640407e-07,-2.2153632702635866e-07
0.00044569999999999999,3.647774552718153e-07,-2.0871296474437666e-07,3.6713255599611142e-07,-2.3559683056442338e-07
0.00044579999999999999,3.5844349984255904e-07,-2.2451316918566401e-07,3.6456945894917144e-07,-2.4968169391036576e-07
0.0004459,3.5221989320303628e-07,-2.403721903650725e-07,3.6184946064670238e-07,-2.6379793112012143e-07
0.000446,3.4617293072736844e-07,-2.5628070881120493e-07,3.5898582826030632e-07,-2.7795233140693677e-07
0.0004461,3.4035072352370843e-07,-2.7223263045076235e-07,3.5599376533168947e-07,-2.9215125898690338e-07
0.0004462,3.3477930766808655e-07,-2.88224693415383e-07,3.5288985852805129e-07,-3.0640046388443377e-07
0.00044630000000000001,3.2946146975685853e-07,-3.0425588371442845e-07,3.4969151873120908e-07,-3.2070490848329278e-07
0.00044640000000000001,3.2437844871218597e-07,-3.2032672893993457e-07,3.4641642988418372e-07,-3.3506861423310691e-07
0.00044650000000000001,3.194942991033082e-07,-3.3643854422849362e-07,3.4308201843391088e-07,-3.4949453241861217e-07
0.00044660000000000001,3.1476235121082348e-07,-3.5259270184269223e-07,3.3970495532265987e-07,-3.6398444228081617e-07
0.00044670000000000002,3.101329246820078e-07,-3.6878998582290999e-07,3.3630070132085414e-07,-3.7853887906281396e-07
0.00044680000000000002,3.0556128388741274e-07,-3.8503007781820171e-07,3.3288310509408708e-07,-3.9315709375641021e-07
0.00044690000000000002,3.0101478764744824e-07,-4.0131120157681509e-07,3.2946406179692708e-07,-4.0783704547183627e-07
0.00044700000000000002,2.9647828975259953e-07,-4.1762993405269714e-07,3.2605323822962987e-07,-4.2257542646488286e-07
0.00044710000000000003,2.9195707675474517e-07,-4.3398117300177839e-07,3.2265786872903311e-07,-4.3736771895958058e-07
0.00044720000000000003,2.8747695569174788e-07,-4.5035823630530548e-07,3.1928262404156849e-07,-4.5220828202564409e-07
0.00044730000000000003,2.8308148321662523e-07,-4.6675305850933901e-07,3.1592955349494567e-07,-4.6709046593431363e-07
0.00044740000000000003,2.7882670802132256e-07,-4.8315644593974405e-07,3.1259809889643648e-07,-4.8200675064902759e-07
0.00044750000000000004,2.7477412889525814e-07,-4.9955835320325198e-07,3.0928517678768787e-07,-4.9694890443124259e-07
0.00044759999999999998,2.7098280620529699e-07,-5.1594815015687545e-07,3.059853240242662e-07,-5.1190815797823122e-07
0.00044769999999999999,2.6750167280908673e-07,-5.3231485817070284e-07,3.0269090016361744e-07,-5.2687538907584128e-07
0.00044779999999999999,2.6436305656929237e-07,-5.4864734598966391e-07,2.993923388734619e-07,-5.4184131245979011e-07
0.00044789999999999999,2.6157825541103127e-07,-5.6493448684822847e-07,2.9607843954311169e-07,-5.5679666944339835e-07
0.00044799999999999999,2.5913572093834243e-07,-5.8116528795779268e-07,2.9273668951546483e-07,-5.7173241189361289e-07
0.0004481,2.5700204745703214e-07,-5.9732900967134896e-07,2.8935360687205079e-07,-5.8663987532115269e-07
0.0004482,2.5512557963333901e-07,-6.1341529366684016e-07,2.8591509350445184e-07,-6.0151093619059009e-07
0.0004483,2.5344209714771774e-07,-6.2941431714812278e-07,2.8240678829204425e-07,-6.1633814904296927e-07
0.0004484,2.5188175774152014e-07,-6.4531698376319572e-07,2.7881441056897395e-07,-6.3111485964417278e-07
0.00044850000000000001,2.5037631922506331e-07,-6.6111515269077212e-07,2.7512408468666884e-07,-6.4583529110794475e-07
0.00044860000000000001,2.488656382261564e-07,-6.7680189659566228e-07,2.7132263733844907e-07,-6.6049460077298159e-07
0.00044870000000000001,2.4730256121477841e-07,-6.92371768586624e-07,2.6739786038054495e-07,-6.7508890651306066e-07
0.00044880000000000001,2.4565556440187949e-07,-7.0782104962109754e-07,2.6333873312436189e-07,-6.8961528210156284e-07
0.00044890000000000002,2.4390882894308442e-07,-7.2314794246126297e-07,2.5913559944884392e-07,-7.040717222080139e-07
0.00044900000000000002,2.4205980955610083e-07,-7.3835267734502994e-07,2.5478029654763308e-07,-7.1845707854494948e-07
0.00044910000000000002,2.4011471552863443e-07,-7.5343749847752428e-07,2.5026623363915123e-07,-7.3277096957993756e-07
0.00044920000000000002,2.3808262223136084e-07,-7.6840650911941791e-07,2.4558842048456542e-07,-7.4701366705112408e-07
0.00044930000000000002,2.3596912667517806e-07,-7.8326536566653025e-07,2.407434470350978e-07,-7.6118596324982074e-07
0.00044940000000000003,2.337705252278456e-07,-7.980208263608359e-07,2.3572941692481072e-07,-7.7528902363683061e-07
0.00044950000000000003,2.314694168179363e-07,-8.1268017644508008e-07,2.3054583879930862e-07,-7.893242298209506e-07
0.00044960000000000003,2.2903243201651128e-07,-8.2725056679281229e-07,2.2519348059082199e-07,-8.0329301823268173e-07
0.00044970000000000003,2.2641048652874824e-07,-8.4173831548199615e-07,2.1967419278681266e-07,-8.1719671996357848e-07
0.00044979999999999998,2.2354159983031003e-07,-8.5614822987043528e-07,2.1399070746982321e-07,-8.310364072057209e-07
0.00044989999999999999,2.2035595648732274e-07,-8.7048300936724189e-07,2.0814642041439073e-07,-8.4481275151711915e-07
0.00044999999999999999,2.1678256998798255e-07,-8.8474278575695254e-07,2.0214516380314962e-07,-8.5852589876188702e-07
0.00045009999999999999,2.127566807176298e-07,-8.9892484875429927e-07,1.9599097716643456e-07,-8.7217536504120083e-07
0.00045019999999999999,2.0822691205905125e-07,-9.1302359022085707e-07,1.896878839627075e-07,-8.8575995725551126e-07
0.00045029999999999999,2.0316123530767853e-07,-9.2703068248757704e-07,1.8323968081253154e-07,-8.9927772114360531e-07
0.0004504,1.9755095003380071e-07,-9.4093548623491658e-07,1.7664974579445699e-07,-9.1272591875160331e-07
0.0004505,1.914121486449563e-07,-9.5472566333653547e-07,1.6992087143084464e-07,-9.2610103632442089e-07
0.0004506,1.8478446475074728e-07,-9.6838795192880247e-07,1.6305512706364495e-07,-9.3939882261230765e-07
0.0004507,1.7772725818868797e-07,-9.8190904647704987e-07,1.5605375427682184e-07,-9.5261435657826143e-07
0.00045080000000000001,1.7031371672521762e-07,-9.9527651613446348e-07,1.4891709789867577e-07,-9.6574214250989722e-07
0.00045090000000000001,1.6262361166361281e-07,-1.0084796910734649e-06,1.4164457395031115e-07,-9.7877622961335446e-07
0.00045100000000000001,1.5473559874794461e-07,-1.0215104489604912e-06,1.3423467473354477e-07,-9.9171035232681732e-07
0.00045110000000000001,1.4671998881800562e-07,-1.0343638419897894e-06,1.2668501010884131e-07,-1.0045380868656064e-06
0.00045120000000000002,1.3863282382017606e-07,-1.0470385179937955e-06,1.1899238293633025e-07,-1.0172530189215318e-06
0.00045130000000000002,1.3051189900431799e-07,-1.0595369057815917e-06,1.1115289567247545e-07,-1.0298489170090099e-06
0.00045140000000000002,1.2237510146492887e-07,-1.0718651534233508e-06,1.0316208425916893e-07,-1.0423199056916552e-06
0.00045150000000000002,1.1422112798711073e-07,-1.0840328269997595e-06,9.501507473466394e-08,-1.0546606328468984e-06
0.00045160000000000003,1.0603234427649613e-07,-1.0960523947508647e-06,8.6706757454349018e-08,-1.0668664252362229e-06
0.00045170000000000003,9.7779293238917285e-08,-1.1079385362024081e-06,7.8231973446351916e-08,-1.0789334269423228e-06
0.00045180000000000003,8.9426183946982595e-08,-1.1197073266877437e-06,6.9585707248198462e-08,-1.0908587157049094e-06
0.00045190000000000003,8.093661482537198e-08,-1.1313753541155017e-06,6.0763280576358337e-08,-1.1026403928195027e-06
0.00045200000000000004,7.2278809375780546e-08,-1.14295882670093e-06,5.1760541364034166e-08,-1.114277643040576e-06
0.00045209999999999998,6.3429760857867752e-08,-1.1544727279436015e-06,4.2574043052643632e-08,-1.1257707618273782e-06
0.00045219999999999999,5.4377871709888805e-08,-1.1659300690015213e-06,3.3201209521369112e-08,-1.1371211482613661e-06
0.00045229999999999999,4.5123903467496059e-08,-1.1773412796274637e-06,2.3640481666194751e-08,-1.1483312630164336e-06
0.00045239999999999999,3.5680289106090237e-08,-1.1887137679650723e-06,1.3891442368819699e-08,-1.1594045518458784e-06
0.00045249999999999999,2.6069069093039567e-08,-1.200051667721615e-06,3.9549173995765719e-09,-1.170345336128091e-06
0.0004526,1.6318868084723855e-08,-1.2113557794170167e-06,-6.1669493537914778e-09,-1.1811586730531625e-06
0.0004527,6.4614138316050379e-09,-1.2226237012624771e-06,-1.6470647077577798e-08,-1.1918501890021168e-06
0.0004528,-3.4718923736799761e-09,-1.2338501352493134e-06,-2.6951275544586012e-08,-1.2024258905377861e-06
0.0004529,-1.3452907771061184e-08,-1.2450273455270609e-06,-3.7602548048131586e-08,-1.2128919581650714e-06
0.00045300000000000001,-2.3458855847632976e-08,-1.2561457392431566e-06,-4.8416818129789612e-08,-1.2232545286029835e-06
0.00045310000000000001,-3.3473435201133579e-08,-1.2671945347095845e-06,-5.9385127839854339e-08,-1.2335194717244746e-06
0.00045320000000000001,-4.3486915565915517e-08,-1.2781624780059232e-06,-7.0497274750786698e-08,-1.243692168547224e-06
0.00045330000000000001,-5.3495351519525355e-08,-1.2890385668833029e-06,-8.1741894554553573e-08,-1.2537772966926483e-06
0.00045340000000000002,-6.3499153455281603e-08,-1.2998127401155589e-06,-9.3106555824266834e-08,-1.2637786295693596e-06
0.00045350000000000002,-7.3501316831607828e-08,-1.3104764913454649e-06,-1.0457786341367421e-07,-1.2736988551853352e-06
0.00045360000000000002,-8.3505620737806717e-08,-1.3210233691570112e-06,-1.1614156700357494e-07,-1.2835394199612488e-06
0.00045370000000000002,-9.3515069922563841e-08,-1.3314493297605117e-06,-1.277826714761719e-07,-1.2933004022210628e-06
0.00045380000000000003,-1.0353078179917384e-07,-1.3417529154634009e-06,-1.3948554609553894e-07,-1.3029804191975419e-06
0.00045390000000000003,-1.1355142699226783e-07,-1.3519352410625447e-06,-1.5123402987913043e-07,-1.312576570434521e-06
0.00045400000000000003,-1.2357323544619901e-07,-1.3619997812933832e-06,-1.6301153104214147e-07,-1.3220844194250207e-06
0.00045410000000000003,-1.335904951202463e-07,-1.371951965119036e-06,-1.7480111896090251e-07,-1.3314980142265655e-06
0.00045420000000000004,-1.4359640809241382e-07,-1.3817985962727694e-06,-1.8658560770875361e-07,-1.3408099466761854e-06
0.00045429999999999998,-1.535841354036172e-07,-1.3915471331467852e-06,-1.9834763084145733e-07,-1.3500114487225426e-06
0.00045439999999999999,-1.6354785746812685e-07,-1.4012048737056327e-06,-2.1006970772321163e-07,-1.3590925233354927e-06
0.00045449999999999999,-1.7348369670073773e-07,-1.4107781013407228e-06,-2.2173430226226401e-07,-1.3680421064763259e-06
0.00045459999999999999,-1.8339038515365056e-07,-1.4202712542473123e-06,-2.3332387544367758e-07,-1.3768482557457724e-06
0.00045469999999999999,-1.9326960308611254e-07,-1.4296861829539466e-06,-2.4482093348302217e-07,-1.3854983605968356e-06
0.0004548,-2.0312595594415992e-07,-1.4390215573626466e-06,-2.5620807376131489e-07,-1.3939793684288664e-06
0.0004549,-2.129665911188004e-07,-1.4482724758344602e-06,-2.6746803092319524e-07,-1.4022780204837807e-06
0.000455,-2.2280047947186702e-07,-1.4574303148094764e-06,-2.7858372561729327e-07,-1.4103810912568106e-06
0.0004551,-2.326374009692749e-07,-1.466482839103083e-06,-2.8953831832477554e-07,-1.4182756251182287e-06
0.00045520000000000001,-2.4248668270259231e-07,-1.4754145718377159e-06,-3.0031527055914283e-07,-1.4259491640171603e-06
0.00045530000000000001,-2.523557464059283e-07,-1.4842074008481395e-06,-3.1089841543219198e-07,-1.4333899604982526e-06
0.00045540000000000001,-2.6224853623203916e-07,-1.492841377483703e-06,-3.212720391776181e-07,-1.4405871707930277e-06
0.00045550000000000001,-2.7216391890858661e-07,-1.5012956461892638e-06,-3.3142097471932544e-07,-1.4475310234323664e-06
0.00045560000000000002,-2.8209417697325696e-07,-1.5095494310154179e-06,-3.4133070778451765e-07,-1.4542129596417802e-06
0.00045570000000000002,-2.9202374725920836e-07,-1.5175829997581056e-06,-3.5098749541383485e-07,-1.460625742699922e-06
0.00045580000000000002,-3.0192838344200462e-07,-1.5253785285597309e-06,-3.6037849603653883e-07,-1.4667635344333399e-06
0.00045590000000000002,-3.1177493349848598e-07,-1.5329207995224897e-06,-3.6949190958436782e-07,-1.4726219380539133e-06
0.00045600000000000003,-3.2152191062503602e-07,-1.5401976803539312e-06,-3.7831712543975459e-07,-1.4781980075872498e-06
0.00045610000000000003,-3.3112099218919795e-07,-1.5472003566684007e-06,-3.8684487537996251e-07,-1.4834902251565457e-06
0.00045620000000000003,-3.4051950296693668e-07,-1.5539233120656414e-06,-3.9506738811350152e-07,-1.4884984483448044e-06
0.00045630000000000003,-3.4966382982262626e-07,-1.5603640758755319e-06,-4.0297854153305602e-07,-1.4932238307292949e-06
0.00045640000000000003,-3.5850358551177833e-07,-1.5665227807853522e-06,-4.1057400845057694e-07,-1.4976687194376583e-06
0.00045649999999999998,-3.669962059288002e-07,-1.5724015899753753e-06,-4.1785139135249865e-07,-1.5018365341926379e-06
0.00045659999999999999,-3.7511154850005758e-07,-1.5780040639365692e-06,-4.2481034162880081e-07,-1.5057316327737267e-06
0.00045669999999999999,-3.8283598121380354e-07,-1.5833345396668881e-06,-4.3145265879713913e-07,-1.5093591681143679e-06
0.00045679999999999999,-3.9017543105273247e-07,-1.5883975892116709e-06,-4.3778236546543491e-07,-1.5127249423676701e-06
0.00045689999999999999,-3.9715691012716723e-07,-1.5931976112798618e-06,-4.4380575415044131e-07,-1.5158352632070048e-06
0.000457,-4.0382816102982894e-07,-1.5977385905839489e-06,-4.4953140258891213e-07,-1.5186968073871929e-06
0.0004571,-4.1025525212894028e-07,-1.602024036980619e-06,-4.5497015482880668e-07,-1.5213164961851195e-06
0.0004572,-4.165181896870043e-07,-1.606057093219411e-06,-4.6013506615373572e-07,-1.5237013867817808e-06
0.0004573,-4.2270486829401114e-07,-1.6098407790083666e-06,-4.6504131075279812e-07,-1.525858582960453e-06
0.0004574,-4.2890391952851982e-07,-1.6133783227716671e-06,-4.6970605197525363e-07,-1.5277951677016143e-06
0.00045750000000000001,-4.3519720514651309e-07,-1.6166735228911335e-06,-4.7414827597781593e-07,-1.5295181593829665e-06
0.00045760000000000001,-4.4165280379202445e-07,-1.6197310785156771e-06,-4.7838859055201757e-07,-1.5310344923707184e-06
0.00045770000000000001,-4.4831933705679066e-07,-1.6225568363047759e-06,-4.8244899188039903e-07,-1.5323510218485331e-06
0.00045780000000000001,-4.5522236323408059e-07,-1.6251579128288661e-06,-4.8635260288278962e-07,-1.5334745518043337e-06
0.00045790000000000002,-4.6236334299498643e-07,-1.6275426709509375e-06,-4.9012338764919019e-07,-1.5344118842133737e-06
0.00045800000000000002,-4.6972137437557463e-07,-1.6297205498483157e-06,-4.9378584718686939e-07,-1.5351698866482387e-06
0.00045810000000000002,-4.7725754263580422e-07,-1.6317017695345101e-06,-4.9736470231205854e-07,-1.5357555748390132e-06
0.00045820000000000002,-4.8492138059336972e-07,-1.6334969489600202e-06,-5.0088456997181665e-07,-1.5361762061231591e-06
0.00045830000000000003,-4.9265863651735761e-07,-1.6351166895541399e-06,-5.0436963957255729e-07,-1.5364393792839346e-06
0.00045840000000000003,-5.0041934464356926e-07,-1.6365711816831919e-06,-5.078433560083946e-07,-1.5365531359921004e-06
0.00045850000000000003,-5.081651214141006e-07,-1.6378698891632764e-06,-5.1132811601898138e-07,-1.5365260589479229e-06
0.00045860000000000003,-5.1587468509928664e-07,-1.6390213569576612e-06,-5.1484498426290902e-07,-1.5363673618718386e-06
0.00045870000000000004,-5.2354681351413707e-07,-1.6400331708191575e-06,-5.184134350745495e-07,-1.5360869667115644e-06
0.00045879999999999998,-5.3120028917297978e-07,-1.6409120770742671e-06,-5.2205112529009184e-07,-1.5356955638120959e-06
0.00045889999999999999,-5.388707902966651e-07,-1.6416642487308634e-06,-5.2577370279827668e-07,-1.5352046513216476e-06
0.00045899999999999999,-5.4660511379139654e-07,-1.6422956635778594e-06,-5.2959465461329321e-07,-1.5346265507624311e-06
0.00045909999999999999,-5.5445350188853951e-07,-1.6428125437045676e-06,-5.335251973053255e-07,-1.5339743964597461e-06
0.00045919999999999999,-5.6246113061878948e-07,-1.6432217961165863e-06,-5.3757421158593948e-07,-1.5332620973700751e-06
0.0004593,-5.7065996112971221e-07,-1.6435313922292687e-06,-5.4174822176007363e-07,-1.5325042707522662e-06
0.0004594,-5.7906212893082858e-07,-1.643750630306125e-06,-5.4605141965498009e-07,-1.5317161480548405e-06
0.0004595,-5.876558502250405e-07,-1.6438902386189399e-06,-5.5048573155016704e-07,-1.5309134543182509e-06
0.0004596,-5.9640448220790548e-07,-1.6439622964916013e-06,-5.5505092559199033e-07,-1.5301122632826164e-06
0.00045970000000000001,-6.05248931459318e-07,-1.6439799729451819e-06,-5.5974475621155373e-07,-1.5293288312210087e-06
0.00045980000000000001,-6.1411312333693312e-07,-1.6439571054566266e-06,-5.6456314120149292e-07,-1.5285794132591169e-06
0.00045990000000000001,-6.2291179509366703e-07,-1.6439076614109427e-06,-5.6950036637009714e-07,-1.5278800665706358e-06
0.00046000000000000001,-6.3155952316126781e-07,-1.6438451395602765e-06,-5.7454931209975932e-07,-1.5272464453331603e-06
0.00046010000000000002,-6.3997969494698775e-07,-1.6437819763027597e-06,-5.7970169570672082e-07,-1.5266935926779446e-06
0.00046020000000000002,-6.4811212085216587e-07,-1.6437290209182022e-06,-5.8494832324024688e-07,-1.5262357350549761e-06
0.00046030000000000002,-6.5591815978844935e-07,-1.643695135186609e-06,-5.902793442784297e-07,-1.5258860844596062e-06
0.00046040000000000002,-6.6338257975046186e-07,-1.6436869572675615e-06,-5.9568450337357359e-07,-1.5256566538247008e-06
0.00046050000000000003,-6.7051184672388512e-07,-1.6437088494253148e-06,-6.0115338206866774e-07,-1.5255580905801706e-06
0.00046060000000000003,-6.7732906364885183e-07,-1.6437630268460851e-06,-6.0667562583710693e-07,-1.5255995329270725e-06
0.00046070000000000003,-6.8386628957408e-07,-1.6438498433536546e-06,-6.1224115087617376e-07,-1.5257884927820359e-06
0.00046080000000000003,-6.9015538188186549e-07,-1.643968192077186e-06,-6.1784032639200515e-07,-1.5261307686367491e-06
0.00046090000000000004,-6.9621875822459075e-07,-1.6441159673249539e-06,-6.234641288275831e-07,-1.52663039076902e-06
0.00046099999999999998,-7.0206152826557406e-07,-1.6442905295072833e-06,-6.2910426538042383e-07,-1.5272896003613258e-06
0.00046109999999999999,-7.0766628573171694e-07,-1.6444891183571121e-06,-6.3475326510611134e-07,-1.5281088631561669e-06
0.00046119999999999999,-7.1299149703183834e-07,-1.6447091702828882e-06,-6.4040453687919339e-07,-1.5290869173329868e-06
0.00046129999999999999,-7.1797392118310364e-07,-1.6449485118580937e-06,-6.4605239445578519e-07,-1.5302208543577929e-06
0.00046139999999999999,-7.2253491706614384e-07,-1.6452054208689689e-06,-6.516920498240774e-07,-1.5315062306605277e-06
0.0004615,-7.2658992090182933e-07,-1.6454785662585228e-06,-6.5731957691351541e-07,-1.5329372071642417e-06
0.0004616,-7.3005989291941572e-07,-1.6457668559372963e-06,-6.6293184853583384e-07,-1.5345067129471837e-06
0.0004617,-7.3288320960082617e-07,-1.6460692343411311e-06,-6.6852645012988388e-07,-1.5362066286866302e-06
0.0004618,-7.3502636650363942e-07,-1.6463844780399144e-06,-6.7410157445881543e-07,-1.5380279850275048e-06
0.00046190000000000001,-7.3649197640356723e-07,-1.6467110367860193e-06,-6.7965590184851668e-07,-1.5399611706553316e-06
0.00046200000000000001,-7.3732288495198162e-07,-1.6470469593048269e-06,-6.8518847085006767e-07,-1.5419961446395315e-06
0.00046210000000000001,-7.3760173598139967e-07,-1.6473899290322206e-06,-6.906985443505103e-07,-1.5441226475549278e-06
0.00046220000000000001,-7.3744593014987674e-07,-1.6477374168840584e-06,-6.9618547614530611e-07,-1.5463304059865717e-06
0.00046230000000000002,-7.3699854735931002e-07,-1.6480869385445204e-06,-7.0164858282457919e-07,-1.5486093252712919e-06
0.00046240000000000002,-7.3641635576983096e-07,-1.6484363854370575e-06,-7.0708702552284021e-07,-1.5509496657187201e-06
0.00046250000000000002,-7.3585642866747587e-07,-1.6487843840838396e-06,-7.1249970564921735e-07,-1.5533421980739127e-06
0.00046260000000000002,-7.3546307699820385e-07,-1.6491306300478569e-06,-7.1788517816815823e-07,-1.5557783346141162e-06
0.00046270000000000003,-7.3535675243757819e-07,-1.6494761413811021e-06,-7.2324158535726324e-07,-1.5582502329962836e-06
0.00046280000000000003,-7.3562629035791723e-07,-1.6498233828124157e-06,-7.2856661325057946e-07,-1.5607508707662072e-06
0.00046290000000000003,-7.3632538467245449e-07,-1.6501762251430435e-06,-7.3385747220453175e-07,-1.5632740892812876e-06
0.00046300000000000003,-7.374735859454023e-07,-1.6505397229136669e-06,-7.3911090222373941e-07,-1.5658146066629307e-06
0.00046310000000000004,-7.3906147707387108e-07,-1.6509197151014271e-06,-7.4432320287921237e-07,-1.5683680002554868e-06
0.00046319999999999998,-7.4105909940166022e-07,-1.6513222757329861e-06,-7.4949028686534294e-07,-1.570930659903377e-06
0.00046329999999999999,-7.4342626036872627e-07,-1.6517530611318956e-06,-7.5460775549769815e-07,-1.573499714142194e-06
0.00046339999999999999,-7.4612311535912178e-07,-1.6522166156094428e-06,-7.5967099377131617e-07,-1.5760729321136008e-06
0.00046349999999999999,-7.4911941510518749e-07,-1.652715705894092e-06,-7.64675281998286e-07,-1.5786486046375565e-06
0.00046359999999999999,-7.5240104484863094e-07,-1.653250755414106e-06,-7.6961592053926411e-07,-1.581225408393672e-06
0.0004637,-7.5597291677712134e-07,-1.6538194425543517e-06,-7.7448836374929677e-07,-1.5838022575647264e-06
0.0004638,-7.598578479389248e-07,-1.6544165129658286e-06,-7.7928835898325322e-07,-1.5863781475690355e-06
0.0004639,-7.6409167694712969e-07,-1.6550338364733088e-06,-7.8401208635599126e-07,-1.5889519956513865e-06
0.000464,-7.6871545209139452e-07,-1.6556607162454061e-06,-7.8865629492901846e-07,-1.5915224831121568e-06
0.00046410000000000001,-7.737659750918795e-07,-1.6562844341182663e-06,-7.9321843109752465e-07,-1.5940879038343628e-06
0.00046420000000000001,-7.7926624180073861e-07,-1.6568909937713569e-06,-7.9769675517377938e-07,-1.5966460235245678e-06
0.00046430000000000001,-7.8521734572521536e-07,-1.6574660050482185e-06,-8.0209044249689628e-07,-1.5991939537254893e-06
0.00046440000000000001,-7.9159319884244358e-07,-1.657995639803333e-06,-8.0639966583307879e-07,-1.6017280441982222e-06
0.00046450000000000001,-7.9833900828858496e-07,-1.6584675832862926e-06,-8.1062565635123906e-07,-1.6042437967247342e-06
0.00046460000000000002,-8.0537388887959034e-07,-1.6588719055655907e-06,-8.1477074104990376e-07,-1.606735802764489e-06
0.00046470000000000002,-8.1259737288393241e-07,-1.6592017844596349e-06,-8.1883835515492858e-07,-1.6091977067294562e-06
0.00046480000000000002,-8.1989899164537348e-07,-1.659454023891932e-06,-8.2283302868563923e-07,-1.6116221959404972e-06
0.00046490000000000002,-8.2716963541512393e-07,-1.6596293280918618e-06,-8.2676034707964737e-07,-1.6140010176127738e-06
0.00046500000000000003,-8.3431311738876837e-07,-1.6597323109514518e-06,-8.3062688645532145e-07,-1.6163250225089597e-06
0.00046510000000000003,-8.4125631698286858e-07,-1.65977123941229e-06,-8.3444012475685091e-07,-1.6185842342143714e-06
0.00046520000000000003,-8.4795646354757971e-07,-1.6597575284250526e-06,-8.3820833065287755e-07,-1.6207679423450939e-06
0.00046530000000000003,-8.544045178721047e-07,-1.6597050215027133e-06,-8.4194043262945704e-07,-1.6228648174142179e-06
0.00046540000000000004,-8.6062415715267147e-07,-1.6596291042379969e-06,-8.4564587121827294e-07,-1.6248630445658306e-06
0.00046549999999999998,-8.6666648961823981e-07,-1.6595457078130098e-06,-8.4933443771919635e-07,-1.626750472952375e-06
0.00046559999999999999,-8.7260122755713457e-07,-1.6594702652764006e-06,-8.5301610310369525e-07,-1.628514777187512e-06
0.00046569999999999999,-8.785055449003194e-07,-1.6594166852598634e-06,-8.5670084101540739e-07,-1.6301436270586048e-06
0.00046579999999999999,-8.8445216641762237e-07,-1.6593964060994184e-06,-8.6039844891238496e-07,-1.6316248615349873e-06
0.00046589999999999999,-8.9049833471190724e-07,-1.6594175883680225e-06,-8.6411837142159726e-07,-1.6329466630591987e-06
0.000466,-8.9667716582187416e-07,-1.6594844959983335e-06,-8.6786952990094902e-07,-1.6340977281580885e-06
0.0004661,-9.0299255574110869e-07,-1.6595971058553054e-06,-8.7166016203220659e-07,-1.6350674305532373e-06
0.0004662,-9.0941829056074226e-07,-1.6597509731744332e-06,-8.7549767500597842e-07,-1.6358459731800204e-06
0.0004663,-9.1590141702118805e-07,-1.6599373660953194e-06,-8.7938851551573353e-07,-1.63642452583304e-06
0.00046640000000000001,-9.223693343712595e-07,-1.6601436670380901e-06,-8.8333805936244145e-07,-1.6367953455325598e-06
0.00046650000000000001,-9.2873955778969022e-07,-1.6603540224567381e-06,-8.8735052299622801e-07,-1.6369518771413166e-06
0.00046660000000000001,-9.3493074989106414e-07,-1.6605502062856888e-06,-8.9142889879969721e-07,-1.6368888322408939e-06
0.00046670000000000001,-9.4087346790167055e-07,-1.660712647079985e-06,-8.955749153624904e-07,-1.6366022447899872e-06
0.00046680000000000002,-9.4651914745911066e-07,-1.6608215554996626e-06,-8.9978902342275006e-07,-1.636089502619919e-06
0.00046690000000000002,-9.5184612475579846e-07,-1.6608580785616479e-06,-9.0407040757160469e-07,-1.6353493543636987e-06
0.00046700000000000002,-9.568619423430078e-07,-1.6608054011203128e-06,-9.0841702324609534e-07,-1.6343818919507871e-06
0.00046710000000000002,-9.616017231699932e-07,-1.6606497143320307e-06,-9.1282565798603939e-07,-1.6331885093201393e-06
0.00046720000000000003,-9.6612295283088234e-07,-1.6603809761003258e-06,-9.1729201541382274e-07,-1.6317718384971373e-06
0.00046730000000000003,-9.704975015210502e-07,-1.6599933999359759e-06,-9.2181081992342312e-07,-1.6301356646373828e-06
0.00046740000000000003,-9.7480207606004837e-07,-1.6594856260012736e-06,-9.2637593964540681e-07,-1.6282848220528067e-06
0.00046750000000000003,-9.7910847071440569e-07,-1.6588605504364506e-06,-9.3098052489588847e-07,-1.6262250735967519e-06
0.00046760000000000004,-9.8347496312714717e-07,-1.6581248148961738e-06,-9.3561715902589102e-07,-1.6239629760885975e-06
0.00046769999999999998,-9.8793998787011734e-07,-1.6572879855606275e-06,-9.4027801836710652e-07,-1.6215057347013722e-06
0.00046779999999999999,-9.9251885201309176e-07,-1.656361477393025e-06,-9.4495503782375776e-07,-1.6188610494142388e-06
0.00046789999999999999,-9.9720379308579115e-07,-1.6553573026329261e-06,-9.4964007858887011e-07,-1.6160369567447292e-06
0.00046799999999999999,-1.0019671905341507e-06,-1.654286740109937e-06,-9.5432509446625891e-07,-1.6130416700229601e-06
0.00046809999999999999,-1.0067672993192731e-06,-1.653159031989415e-06,-9.590022933544835e-07,-1.6098834214520872e-06
0.0004682,-1.0115555415125493e-06,-1.6519802156955446e-06,-9.636642905929339e-07,-1.6065703091190651e-06
0.0004683,-1.0162842131890801e-06,-1.6507521904725492e-06,-9.6830425107758141e-07,-1.6031101519796987e-06
0.0004684,-1.020913459918861e-06,-1.6494721007171259e-06,-9.7291601731974224e-07,-1.5995103556458578e-06
0.0004685,-1.0254165384964016e-06,-1.6481320931255794e-06,-9.7749422093805168e-07,-1.5957777915562404e-06
0.00046860000000000001,-1.0297826843197011e-06,-1.6467194739404669e-06,-9.8203437543501786e-07,-1.5919186918192442e-06
0.00046870000000000001,-1.0340172928478012e-06,-1.6452172588718949e-06,-9.8653294850647624e-07,-1.5879385616843796e-06
0.00046880000000000001,-1.0381395385467415e-06,-1.6436050746902997e-06,-9.9098741255723057e-07,-1.5838421112330492e-06
0.00046890000000000001,-1.0421779328525907e-06,-1.6418603411796821e-06,-9.9539627254086215e-07,-1.5796332074872667e-06
0.00046900000000000002,-1.0461646090573944e-06,-1.6399596379777924e-06,-9.9975907069649753e-07,-1.5753148477232322e-06
0.00046910000000000002,-1.0501292776877259e-06,-1.6378801451250275e-06,-1.0040763682139517e-06,-1.5708891543523777e-06
0.00046920000000000002,-1.0540938031178749e-06,-1.6356010404036849e-06,-1.0083497043107385e-06,-1.5663573913035333e-06
0.00046930000000000002,-1.0580682161432445e-06,-1.6331047413154902e-06,-1.012581533643786e-06,-1.561720001413163e-06
0.00046940000000000003,-1.0620487247313093e-06,-1.6303778943357157e-06,-1.0167751433970085e-06,-1.5569766639133099e-06
0.00046950000000000003,-1.0660179593734508e-06,-1.6274120374392887e-06,-1.0209345517768968e-06,-1.5521263707074121e-06
0.00046960000000000003,-1.0699473428680253e-06,-1.6242038915360106e-06,-1.0250643900048272e-06,-1.5471675197475216e-06
0.00046970000000000003,-1.0738011603592148e-06,-1.6207552695078323e-06,-1.0291697702118286e-06,-1.5420980234817122e-06
0.00046980000000000004,-1.0775416701175843e-06,-1.6170726248468142e-06,-1.0332561419138062e-06,-1.5369154300321321e-06
0.00046989999999999998,-1.0811344708820952e-06,-1.6131662923123938e-06,-1.0373291399676021e-06,-1.5316170544991604e-06
0.00046999999999999999,-1.0845533411848525e-06,-1.6090494977681058e-06,-1.0413944270781956e-06,-1.5262001175704115e-06
