time,numerical_ux,numerical_uy,analytical_ux,analytical_uy
0,0,0,0,0
9.9999999999999995e-08,0,0,4.7455255774772671e-13,1.1992755732222069e-23
1.9999999999999999e-07,0,0,9.3410099612705979e-13,1.5832388386145484e-21
2.9999999999999999e-07,0,0,1.3642840239244837e-12,2.676522646417644e-20
3.9999999999999998e-07,4.2673637564501043e-137,4.2674652325380314e-137,1.7519951190030133e-12,1.9754181401501684e-19
4.9999999999999998e-07,4.687666406706287e-129,4.6879741264025133e-129,2.0859342248678888e-12,9.2393303206106e-19
5.9999999999999997e-07,3.9999345801075194e-123,4.0004017068626416e-123,2.3570728300281145e-12,3.233143590158656e-18
6.9999999999999997e-07,2.4411747451075469e-118,2.4416072704795403e-118,2.5590103464998957e-12,9.2481465395876153e-18
7.9999999999999996e-07,2.6620083471663242e-114,2.6626653588938926e-114,2.6882050852039893e-12,2.2796275316254057e-17
9.0000000000000007e-07,8.4740212416945219e-111,8.4767808375912948e-111,2.7440693300099576e-12,5.0099544197562483e-17
9.9999999999999995e-07,1.0632303636019241e-107,1.0636702020638174e-107,2.7289247318064689e-12,1.0047169400666341e-16
1.1000000000000001e-06,6.4172875704459375e-105,6.4205659242354011e-105,2.6478211412729955e-12,1.8692575826843073e-16
1.1999999999999999e-06,2.1430086531619599e-102,2.1443312423755681e-102,2.5082287347235228e-12,3.2658290829156472e-16
1.3e-06,4.3866635310537758e-100,4.3898769797890969e-100,2.319619520248464e-12,5.4077059503301491e-16
1.3999999999999999e-06,5.947426652258071e-98,5.9525234622146039e-98,2.0929597357908092e-12,8.5470740340019197e-16
1.5e-06,5.6718080422019438e-96,5.6774254242816665e-96,1.8401389933135115e-12,1.2966936061092318e-15
1.5999999999999999e-06,3.9903742592631112e-94,3.9948944868407624e-94,1.5733650682240381e-12,1.8967595564949034e-15
1.7e-06,2.1523461398954769e-92,2.1551098881747606e-92,1.304554828863959e-12,2.684766762706935e-15
1.8000000000000001e-06,9.1855489962939348e-91,9.198814683495255e-91,1.0447518679659812e-12,3.688007544066777e-15
1.9e-06,3.1838677039373407e-89,3.1890036303293872e-89,8.0359993367326639e-13,4.9284014653121356e-15
1.9999999999999999e-06,9.1622392830152385e-88,9.1786466275450232e-88,5.8889833346012521e-13,6.4194405398155643e-15
2.1000000000000002e-06,2.2301564328703961e-86,2.2345656086354812e-86,4.0626125056170127e-13,8.1630820916296104e-15
2.2000000000000001e-06,4.6652896445869487e-85,4.6754225643215244e-85,2.588975765908325e-13,1.0146825467224284e-14
2.3e-06,8.5035855885076516e-84,8.5237851563817402e-84,1.4752169717601211e-13,1.2341232658792618e-14
2.3999999999999999e-06,1.3667604563845189e-82,1.3702966837476313e-82,7.0398977300339588e-14,1.4698157658200091e-14
2.5000000000000002e-06,1.9574223393114734e-81,1.9629179332547735e-81,2.3522815727582406e-14,1.7149936160970242e-14
2.6000000000000001e-06,2.5209669640955921e-80,2.5286209178923996e-80,9.1341737325566923e-16,1.9609751304713073e-14
2.7e-06,2.9435227233464364e-79,2.9531565034711558e-79,-4.9777880180707242e-15,2.1973335147594814e-14
2.7999999999999999e-06,3.1384829403794101e-78,3.149523324959982e-78,-2.7795670944919298e-15,2.4122091860258217e-14
2.9000000000000002e-06,3.0755488245617712e-77,3.0871456075697188e-77,-1.6539570979558672e-15,2.5927637791218832e-14
3.0000000000000001e-06,2.7860231220883738e-76,2.7972548520576876e-76,-1.0719832113932207e-14,2.7257655003039445e-14
3.1e-06,2.3451142955930003e-75,2.3551985152884913e-75,-3.8477366168123486e-14,2.7982850198333931e-14
3.1999999999999999e-06,1.8428932116837777e-74,1.8513271338655835e-74,-9.2263823549028234e-14,2.7984710721943985e-14
3.3000000000000002e-06,1.3578190091676349e-73,1.3644185900378776e-73,-1.777695881105739e-13,2.716365872864865e-14
3.4000000000000001e-06,9.4160791293054668e-73,9.4645897821402179e-73,-2.9864034992221072e-13,2.5447130838801216e-14
3.4999999999999999e-06,6.1676223035498863e-72,6.2012404327791171e-72,-4.5618704971831391e-13,2.2797063277110191e-14
3.6000000000000003e-06,3.828131032022152e-71,3.8501690191567992e-71,-6.4921975085982354e-13,1.9216241476122866e-14
3.7000000000000002e-06,2.2582009491567984e-70,2.2719084496986761e-70,-8.7401533517477094e-13,1.4752989582947003e-14
3.8e-06,1.2694823499863833e-69,1.2775947864247392e-69,-1.1244221167202906e-12,9.5037245981482473e-15
3.8999999999999999e-06,6.8181666092838962e-69,6.8639674845408823e-69,-1.3920974758936788e-12,3.6129865614985109e-15
3.9999999999999998e-06,3.5066349667012333e-68,3.5313614467601085e-68,-1.6668677893551564e-12,-2.7293242737797532e-15
4.0999999999999997e-06,1.7307150705364307e-67,1.7435081753809125e-67,-1.9371936087567595e-12,-9.2936253595499024e-15
4.2000000000000004e-06,8.213626491343142e-67,8.2771894200981723e-67,-2.190717547228913e-12,-1.5819196153947605e-14
4.3000000000000003e-06,3.7550839635783294e-66,3.7854698530201793e-66,-2.4148679464619399e-12,-2.2025361430549482e-14
4.4000000000000002e-06,1.6566281190165723e-65,1.6706287799419368e-65,-2.5974883418211292e-12,-2.7624900981428316e-14
4.5000000000000001e-06,7.0639212564797051e-65,7.1262014378359813e-65,-2.7274611783611394e-12,-3.2339100665003207e-14
4.6e-06,2.9156191767786055e-64,2.9424074421941035e-64,-2.7952942506498448e-12,-3.5913708045559541e-14
4.6999999999999999e-06,1.1665046426165509e-63,1.1776619120885308e-63,-2.7936399308817204e-12,-3.8134935375166714e-14
4.7999999999999998e-06,4.5298201125535912e-63,4.5748784663161617e-63,-2.7177203674525465e-12,-3.8844576407657446e-14
4.9000000000000005e-06,1.7094130990220389e-62,1.7270794076356137e-62,-2.5656363069637479e-12,-3.7953275232745555e-14
5.0000000000000004e-06,6.2760303083393086e-62,6.3433566404964689e-62,-2.3385428136572667e-12,-3.5451016316286084e-14
5.1000000000000003e-06,2.2442202234885891e-61,2.2691878642264707e-61,-2.0406816519378385e-12,-3.1413990480814726e-14
5.2000000000000002e-06,7.8240450102147704e-61,7.9142394653033203e-61,-1.6792671402475199e-12,-2.6007137421659074e-14
5.3000000000000001e-06,2.6619520970492011e-60,2.6937224557796194e-60,-1.2642295250979178e-12,-1.9481862864298031e-14
5.4e-06,8.8463938898197665e-60,8.955615928328573e-60,-8.0782700844870553e-13,-1.2168670363933131e-14
5.4999999999999999e-06,2.8740996097421666e-59,2.9107794814602657e-59,-3.2414413057075555e-13,-4.4647244697423711e-15
5.5999999999999997e-06,9.136062456998056e-59,9.2564932060798367e-59,1.7150006761989757e-13,3.1833423154620735e-15
5.7000000000000005e-06,2.8436193878808276e-58,2.8823079300867299e-58,6.6320608741249114e-13,1.0300768873275693e-14
5.8000000000000004e-06,8.6727150107084506e-58,8.7944143206529352e-58,1.1351789862161083e-12,1.6409254017891865e-14
5.9000000000000003e-06,2.5936400459896059e-57,2.6311514459561809e-57,1.5724114461108821e-12,2.1053645902557527e-14
6.0000000000000002e-06,7.6106200309133834e-57,7.7239907408213406e-57,1.9613319196427203e-12,2.3829379662904251e-14
6.1e-06,2.1925860980076001e-56,2.2262046773690029e-56,2.2903864650002175e-12,2.4409167030934914e-14
6.1999999999999999e-06,6.2055020892449779e-56,6.3033752454600837e-56,2.5505260228208102e-12,2.2567383373494257e-14
6.2999999999999998e-06,1.7263381850747637e-55,1.7543283646863768e-55,2.7355754594412466e-12,1.820061142231757e-14
6.3999999999999997e-06,4.7232068987781993e-55,4.801883540145574e-55,2.8424664564213951e-12,1.1342916767644222e-14
6.5000000000000004e-06,1.2715481898494597e-54,1.293295871538402e-54,2.8713230040641339e-12,2.1746259672915501e-15
6.6000000000000003e-06,3.3699687828236579e-54,3.4291148194955744e-54,2.8253955126066937e-12,-8.976339656397267e-15
6.7000000000000002e-06,8.7966843479570977e-54,8.9550250206400375e-54,2.7108470376492465e-12,-2.1641167642036739e-14
6.8000000000000001e-06,2.2625912260423432e-53,2.3043370307729293e-53,2.5364024519073337e-12,-3.5225078887574347e-14
6.9e-06,5.7368377300986392e-53,5.8452746892745001e-53,2.3128782100721352e-12,-4.903021007626925e-14
6.9999999999999999e-06,1.4344844691564525e-52,1.4622475953797172e-52,2.052616318979467e-12,-6.2285732909071535e-14
7.0999999999999998e-06,3.5387173244283046e-52,3.6088080565460567e-52,1.7688509195435677e-12,-7.4184039662586177e-14
7.2000000000000005e-06,8.6155984734111324e-52,8.7901490734007917e-52,1.4750392805850697e-12,-8.3921416004848801e-14
7.3000000000000004e-06,2.0709551801003723e-51,2.1138506108981879e-51,1.1841908181299745e-12,-9.0741276733528785e-14
7.4000000000000003e-06,4.91644737382943e-51,5.0205073072831476e-51,9.0822788128255312e-13,-9.3977777060865134e-14
7.5000000000000002e-06,1.1531115230578991e-50,1.1780394739237053e-50,6.5741048160786679e-13,-9.3097460356798877e-14
7.6000000000000001e-06,2.6728128447624999e-50,2.7318006171413716e-50,4.3985395620429327e-13,-8.7736567956559626e-14
7.7000000000000008e-06,6.1245731305834873e-50,6.2624991181588273e-50,2.6116389420850675e-13,-7.7731731666111748e-14
7.7999999999999999e-06,1.3877804063841551e-49,1.4196568569344599e-49,1.2420674732028873e-13,-6.3141996821625331e-14
7.9000000000000006e-06,3.1104706159624638e-49,3.1833088875193165e-49,2.9027693195014016e-14,-4.4260473986412087e-14
7.9999999999999996e-06,6.8977913664597969e-49,7.0623938819554384e-49,-2.7080161549284469e-14,-2.1614383566736855e-14
8.1000000000000004e-06,1.5138624343649476e-48,1.5506598495051583e-48,-4.9358862582964303e-14,4.0471836470945209e-15
8.1999999999999994e-06,3.2890072422077905e-48,3.3704054306268429e-48,-4.5232166725728829e-14,3.1777843054174683e-14
8.3000000000000002e-06,7.0754001651250381e-48,7.2536122948210674e-48,-2.3833816074018344e-14,6.0470217339690888e-14
8.4000000000000009e-06,1.5074637701111115e-47,1.5460906402308935e-47,4.5580846257837807e-15,8.8902685132845509e-14
8.4999999999999999e-06,3.1816383364174815e-47,3.2645417626444662e-47,2.915124247366364e-14,1.1579467011598346e-13
8.6000000000000007e-06,6.6536159149048482e-47,6.8298474382285558e-47,3.9301067358626673e-14,1.398680017317126e-13
8.6999999999999997e-06,1.3789842634123562e-46,1.4160964871232625e-46,2.5169598120311166e-14,1.5991142202062638e-13
8.8000000000000004e-06,2.8329840369097549e-46,2.9104237164607292e-46,-2.1653318731141868e-14,1.7484499273945963e-13
8.8999999999999995e-06,5.7702918173066684e-46,5.930436005368073e-46,-1.0759970155530129e-13,1.8378099635470899e-13
9.0000000000000002e-06,1.1654751542188129e-45,1.1983031865897141e-45,-2.3667370326253247e-13,1.8607793503043756e-13
9.100000000000001e-06,2.3347474156024214e-45,2.4014659896568954e-45,-4.1012730969552502e-13,1.813844339888966e-13
9.2e-06,4.6396570728851055e-45,4.7741181024605127e-45,-6.2628009323875138e-13,1.6967023202555713e-13
9.3000000000000007e-06,9.1477845399127552e-45,9.4165484112247638e-45,-8.8049443996692628e-13,1.5124199539911573e-13
9.3999999999999998e-06,1.7897922867441968e-44,1.8430821617407351e-44,-1.1653098079260344e-12,1.2674238901280019e-13
9.5000000000000005e-06,3.4754921691007137e-44,3.5803232656147298e-44,-1.4707314760723482e-12,9.7131655017512911e-14
9.5999999999999996e-06,6.6992333858929599e-44,6.903867106709264e-44,-1.7846612807773682e-12,6.365184887593914e-14
9.7000000000000003e-06,1.2820207494696334e-43,1.3216644166096896e-43,-2.0934504409799189e-12,2.7774809365168863e-14
9.800000000000001e-06,2.4360723760424512e-43,2.512305874205877e-43,-2.3825481081375269e-12,-8.8641402954307351e-15
9.9000000000000001e-06,4.5969799828732075e-43,4.7425115439954745e-43,-2.6372140780245271e-12,-4.4543911464822696e-14
1.0000000000000001e-05,8.6159384252143003e-43,8.891786441292774e-43,-2.8432604405267266e-12,-7.7543201776536854e-14
1.01e-05,1.6041264002132005e-42,1.6560475264816692e-42,-2.9877850336972246e-12,-1.0622970928073931e-13
1.0200000000000001e-05,2.9671355059796866e-42,3.0641950851631553e-42,-3.0598594914080786e-12,-1.2914845310249482e-13
1.03e-05,5.453233502441302e-42,5.6334562473704911e-42,-3.0511364858107476e-12,-1.4510448834602868e-13
1.04e-05,9.9596085937718381e-42,1.0292048334510225e-41,-2.9563443744221255e-12,-1.5323538565864168e-13
1.0499999999999999e-05,1.8078147859935055e-41,1.8687407092223419e-41,-2.7736426966016147e-12,-1.5306918611701345e-13
1.06e-05,3.2616671522252166e-41,3.3726176842721664e-41,-2.5048186006916949e-12,-1.4456412053200018e-13
1.0700000000000001e-05,5.8499012421321364e-41,6.050692854241067e-41,-2.1553119826552556e-12,-1.2812718995543801e-13
1.08e-05,1.0431059032238809e-40,1.0792219418993729e-40,-1.7340655099567374e-12,-1.0460969733556551e-13
1.0900000000000001e-05,1.8493781437884252e-40,1.9139496868300044e-40,-1.2532043802941129e-12,-7.5278963776463407e-14
1.1e-05,3.2605112040863372e-40,3.3752778308894647e-40,-7.2755918590964098e-13,-4.1766692596898266e-14
1.11e-05,5.7167910810096309e-40,5.9195916344505611e-40,-1.7405319692959549e-13,-5.9957071759639544e-15
1.1199999999999999e-05,9.9693858704766213e-40,1.0325710809033224e-39,3.8901766295679354e-13,2.9911988381759224e-14
1.13e-05,1.7293210410043442e-39,1.7915783343888605e-39,9.4277826039587421e-13,6.3741757647924588e-14
1.1400000000000001e-05,2.9841081376391392e-39,3.0922872637053201e-39,1.4686032425609306e-12,9.3302468253680452e-14
1.15e-05,5.1230042367186196e-39,5.3099635695691171e-39,1.9489415703931251e-12,1.1654647075137162e-13
1.1600000000000001e-05,8.7507361452706081e-39,9.0721329091735922e-39,2.3680964339288904e-12,1.3168722182973105e-13
1.17e-05,1.4873448577515369e-38,1.5423072671309737e-38,2.7129222297772728e-12,1.3730821339010493e-13
1.1800000000000001e-05,2.515721227832304e-38,2.6092312672116643e-38,2.9734040572179657e-12,1.32457055605041e-13
1.19e-05,4.234798129236825e-38,4.3930891655931988e-38,3.1430907161903876e-12,1.1671908565285787e-13
1.2e-05,7.0950748478775356e-38,7.3616971794423924e-38,3.2193592163124808e-12,9.0265715305894458e-14
1.2100000000000001e-05,1.1832299691361707e-37,1.227920395690625e-37,3.2034969990739573e-12,5.3873861893331895e-14
1.22e-05,1.9642748197800288e-37,2.0388243818222981e-37,3.1005970164541833e-12,8.9141766592960259e-15
1.2300000000000001e-05,3.2462983248187316e-37,3.3700703101771058e-37,2.9192700866154281e-12,-4.2692664289030304e-14
1.24e-05,5.3414489952841206e-37,5.5459896112182345e-37,2.6711880688033907e-12,-9.8550691460924222e-14
1.2500000000000001e-05,8.7507413367476007e-37,9.0872135741148523e-37,2.3704799321046028e-12,-1.5589180874789046e-13
1.26e-05,1.4274982679389202e-36,1.4825997398321288e-36,2.0330102902437369e-12,-2.1170320459246001e-13
1.27e-05,2.318891739969763e-36,2.4087281868994893e-36,1.675576047359556e-12,-2.6287336980014597e-13
1.2799999999999999e-05,3.7513531993544734e-36,3.8971835018422309e-36,1.3150611459901532e-12,-3.0634987124153442e-13
1.29e-05,6.0440189399483742e-36,6.2797292685298679e-36,9.6759177367253923e-13,-3.3930113434789285e-13
1.3000000000000001e-05,9.6988708397113491e-36,1.0078250659764355e-35,6.4773464647782574e-13,-3.5927395686216374e-13
1.31e-05,1.5502456251214324e-35,1.6110539651867355e-35,3.6777910202138482e-13,-3.6433836357237717e-13
1.3200000000000001e-05,2.4682531036425366e-35,2.5653204851374327e-35,1.371397822917496e-13,-3.5321173022863243e-13
1.33e-05,3.9148395222732402e-35,4.0691630270055633e-35,-3.8089160303538087e-14,-3.2535486447416907e-13
1.34e-05,6.1858302985893846e-35,6.4302106181412133e-35,-1.5540485951947045e-13,-2.81033898953925e-13
1.3499999999999999e-05,9.7379133216114979e-35,1.0123393460875947e-34,-2.1597678490569242e-13,-2.2134339245007974e-13
1.36e-05,1.5273593247211185e-34,1.5879303774879101e-34,-2.2453283787838548e-13,-1.4818786993692797e-13
1.3700000000000001e-05,2.3869699932014357e-34,2.4817858037207743e-34,-1.89055203407595e-13,-6.4221090365150381e-14
1.38e-05,3.7171116643391784e-34,3.8649794641045094e-34,-1.2030043222879771e-13,2.7255497526943928e-14
1.3900000000000001e-05,5.7681845117597966e-34,5.9979410403495729e-34,-3.1167372955685487e-14,1.2243147441651249e-13
1.4e-05,8.9200862318292582e-34,9.2757889838859529e-34,6.4055394759616105e-14,2.1715763207500384e-13
1.4100000000000001e-05,1.3747266051695664e-33,1.4295991308364721e-33,1.5052444697008651e-13,3.0714005412591063e-13
1.42e-05,2.1115508042915669e-33,2.1959025017156946e-33,2.1371589389391526e-13,3.8814900229253106e-13
1.43e-05,3.2325460964541855e-33,3.3617650440324633e-33,2.402938888588095e-13,4.5623240221013445e-13
1.4400000000000001e-05,4.9324824851545077e-33,5.1297583618281236e-33,2.1892764884012482e-13,5.0792310187720662e-13
1.45e-05,7.5021064006499974e-33,7.8022704404142983e-33,1.4101342915044118e-13,5.40428992960811e-13
1.4600000000000001e-05,1.1374086313557909e-32,1.1829285327249733e-32,1.2621956140192568e-15,5.5179557152351771e-13
1.47e-05,1.7190315016181639e-32,1.7878369140676524e-32,-2.0187990833117482e-13,5.4103155754727694e-13
1.4800000000000001e-05,2.5900202077923926e-32,2.6936877504828268e-32,-4.6600309570871331e-13,5.0818976683175538e-13
1.49e-05,3.8903804264198337e-32,4.046077984559992e-32,-7.8471278371802138e-13,4.5439746225531444e-13
1.5e-05,5.8259642685253801e-32,6.0590732988995601e-32,-1.1478206804793339e-12,3.8183282508110819e-13
1.5100000000000001e-05,8.6985576662622603e-32,9.0464892268832265e-32,-1.5417422520401579e-12,2.9364685839442203e-13
1.52e-05,1.2949317071796214e-31,1.3467048762359509e-31,-1.9500840661310988e-12,1.9383283928885142e-13
1.5299999999999999e-05,1.9221303095137859e-31,1.9989389853730995e-31,-2.354394549128559e-12,8.7048237915737533e-14
1.5400000000000002e-05,2.8449258531819697e-31,2.9585389685749805e-31,-2.7350429261096043e-12,-2.1603341520038662e-14
1.5500000000000001e-05,4.1988149026688635e-31,4.3663774803768085e-31,-3.0721839956310394e-12,-1.2682029693934069e-13
1.56e-05,6.1796706758261606e-31,6.4260891946157979e-31,-3.3467613191292239e-12,-2.2336942867860669e-13
1.5699999999999999e-05,9.0698815519692797e-31,9.4312368601418626e-31,-3.5414986333821348e-12,-3.0635742573935406e-13
1.5800000000000001e-05,1.3275477084764006e-30,1.3803894391874819e-30,-3.6418290358317725e-12,-3.714935316234741e-13
1.59e-05,1.9378723119374289e-30,2.0149302738337275e-30,-3.6367137584549611e-12,-4.153294503124185e-13
1.5999999999999999e-05,2.8212440012765184e-30,2.9333095101512903e-30,-3.5193070872405737e-12,-4.3546324884007907e-13
1.6100000000000002e-05,4.0964749447740225e-30,4.2590134064704281e-30,-3.2874309789019329e-12,-4.3069541573188195e-13
1.6200000000000001e-05,5.9326337763011808e-30,6.1677515757972085e-30,-2.9438318682517732e-12,-4.0112731235591284e-13
1.63e-05,8.5696979253194035e-30,8.9089130542341075e-30,-2.4962026228790194e-12,-3.4819489995498788e-13
1.6399999999999999e-05,1.2347445527492284e-29,1.2835580719953618e-29,-1.956964080366159e-12,-2.7463375317181311e-13
1.6500000000000001e-05,1.7745776129856007e-29,1.8446415914207877e-29,-1.3428125426211857e-12,-1.8437479263068311e-13
1.66e-05,2.5440846019859577e-29,2.6443967469890963e-29,-6.7405140294899515e-13,-8.2373769596495006e-14
1.6699999999999999e-05,3.6383035462236152e-29,3.7815653072067764e-29,2.6263849248598364e-14,2.5618923166298301e-14
1.6800000000000002e-05,5.1904984309011947e-29,5.3945964625716373e-29,7.3332822113669309e-13,1.3333819301615805e-13
1.6900000000000001e-05,7.3870944194609223e-29,7.6771575661888224e-29,1.4216904237929044e-12,2.3432108635679224e-13
1.7e-05,1.0488277366895257e-28,1.089952619319011e-28,2.0664039642263292e-12,3.2224528991665428e-13
1.7099999999999999e-05,1.4856341240181048e-28,1.5438026522744766e-28,2.6441702233714895e-12,3.91272397731177e-13
1.7200000000000001e-05,2.0994609812307048e-28,2.1815443953363666e-28,3.1344171845245953e-12,4.3637819659095032e-13
1.73e-05,2.9600758081751177e-28,3.0756388772398356e-28,3.5202598644962983e-12,4.5365226618843004e-13
1.7399999999999999e-05,4.1639699836435538e-28,4.3262971378721748e-28,3.7892936226943867e-12,4.4055016120315924e-13
1.7500000000000002e-05,5.8443003757005277e-28,6.0718015378766672e-28,3.9341791627766681e-12,3.9608330435682663e-13
1.7600000000000001e-05,8.1844200717210346e-28,8.5025525721193198e-28,3.952987859787046e-12,3.2093443339408099e-13
1.77e-05,1.1436254606078522e-27,1.1880145084896098e-27,3.8492875751154635e-12,2.1748987030187788e-13
1.7799999999999999e-05,1.5945206092670399e-27,1.6563219862544163e-27,3.6319618177863736e-12,8.9783894522292754e-14
1.7900000000000001e-05,2.2183833490712173e-27,2.3042423697618166e-27,3.3147683400304257e-12,-5.6645112220451907e-14
1.8e-05,3.0797307178626596e-27,3.1987589171811772e-27,2.9156563836097389e-12,-2.1498251040132368e-13
1.8099999999999999e-05,4.2664627985869259e-27,4.4311274664144796e-27,2.4558741291179459e-12,-3.7744050106722464e-13
1.8200000000000002e-05,5.8980910313025934e-27,6.1254163759219218e-27,1.9589088516745043e-12,-5.3562352136897348e-13
1.8300000000000001e-05,8.136775414579772e-27,8.4499613172374836e-27,1.4493112354901845e-12,-6.8093930354352615e-13
1.84e-05,1.1202099912481822e-26,1.1632699178231018e-26,9.5146181408403442e-13,-8.0503599543229117e-13
1.8499999999999999e-05,1.5390813057398704e-26,1.5981654175376618e-26,4.8834117348415133e-13,-9.0024370392384435e-13
1.8600000000000001e-05,2.1103150618248622e-26,2.1912253770791611e-26,8.0366188711099056e-14,-9.599978166623683e-13
1.8700000000000001e-05,2.8877866870150526e-26,2.9983680760253364e-26,-2.5564794128654496e-13,-9.7922159809676026e-13
1.88e-05,3.9438765993895237e-26,4.0947157810580599e-26,-5.0734565269265078e-13,-9.5464685541414205e-13
1.8900000000000002e-05,5.3756391154976393e-26,5.5809959193682678e-26,-6.6746314510779967e-13,-8.850539191530811e-13
1.9000000000000001e-05,7.3129654529814366e-26,7.5920112354929875e-26,-7.3419967463926631e-13,-7.7141567661121797e-13
1.91e-05,9.9293652130297101e-26,1.0307826725094766e-25,-7.1130577719547448e-13,-6.1693480714737618e-13
1.9199999999999999e-05,1.345617988636281e-25,1.3968517383672542e-25,-6.0788027830429967e-13,-4.2696848471803967e-13
1.9300000000000002e-05,1.8201286458280237e-25,1.8893574500640962e-25,-4.3788266851111371e-13,-2.0884041043286377e-13
1.9400000000000001e-05,2.4573664733175263e-25,2.5507395596187169e-25,-2.1938207088848532e-13,2.8454172732916683e-14
1.95e-05,3.3115608451448217e-25,3.437270478121607e-25,2.6422190556596967e-14,2.7463912355949968e-13
1.9600000000000002e-05,4.4544882894122363e-25,4.6234292530544193e-25,2.7636114413230739e-13,5.1862703560152991e-13
1.9700000000000001e-05,5.9809802484304395e-25,6.2076159821383214e-25,5.0658051311242924e-13,7.4904654870545108e-13
1.98e-05,8.0161061418916205e-25,8.3196043345897738e-25,6.9388419245633846e-13,9.548023310069269e-13
1.9899999999999999e-05,1.0724524978147033e-24,1.1130243916712223e-24,8.1706802987758291e-13,1.1256401826234332e-12
2.0000000000000002e-05,1.432263914388434e-24,1.486406987244693e-24,8.5817433438672295e-13,1.2526885056540765e-12
2.0100000000000001e-05,1.9094362956129787e-24,1.9815662782039917e-24,8.0360031057239534e-13,1.3289476166583134e-12
2.02e-05,2.5411546293436565e-24,2.6370838209473025e-24,6.4499983190580365e-13,1.3497000838991643e-12
2.0299999999999999e-05,3.3760382946253568e-24,3.5034045446387736e-24,3.7992737653775777e-13,1.3128184202362444e-12
2.0400000000000001e-05,4.4775500285965243e-24,4.6463735759538025e-24,1.2185135867753521e-14,1.2189509311576073e-12
2.05e-05,5.9283891513225935e-24,6.1517942594724598e-24,-4.4815129230910782e-13,1.0715721317219094e-12
2.0599999999999999e-05,7.8361439158871302e-24,8.1312925721216227e-24,-9.8503729187297317e-13,8.7689064306832551e-13
2.0700000000000002e-05,1.0340551989671783e-23,1.0729850062230437e-23,-1.5770856769040585e-12,6.4361457272672384e-13
2.0800000000000001e-05,1.3622811493850416e-23,1.4135464387584181e-23,-2.1984905825878766e-12,3.8258170275996389e-13
2.09e-05,1.7917502558515021e-23,1.8591518492529071e-23,-2.8202084890154677e-12,1.062690149093549e-13
2.0999999999999999e-05,2.3527826977663965e-23,2.4412592666547253e-23,-3.4113421024399173e-12,-1.7179722832269589e-13
2.1100000000000001e-05,3.084505868611896e-23,3.2004645862749017e-23,-3.9406613221922504e-12,-4.377037921207856e-13
2.12e-05,4.0373329597271285e-23,4.1890733241951816e-23,-4.3781871062633517e-12,-6.7785348247097823e-13
2.1299999999999999e-05,5.276116515465054e-23,5.4743727696777539e-23,-4.6967592181433212e-12,-8.7967401184481593e-13
2.1400000000000002e-05,6.8841545712834478e-23,7.1427888584958511e-23,-4.873507902132936e-12,-1.0322963956340497e-12
2.1500000000000001e-05,8.968272074421232e-23,9.3051588889029509e-23,-4.891152603528881e-12,-1.1271668950602367e-12
2.16e-05,1.1665256396674204e-22,1.2103409442863655e-22,-4.7390578856954261e-12,-1.1585587378227769e-12
2.1699999999999999e-05,1.5149995469201822e-22,1.5719001246331959e-22,-4.4139873769419878e-12,-1.123953861844456e-12
2.1800000000000001e-05,1.9645753571813409e-22,2.0383592497225411e-22,-3.9205104998470969e-12,-1.0242706272432732e-12
2.19e-05,2.5437126973428815e-22,2.6392483437267126e-22,-3.2710331992352387e-12,-8.6392055684551575e-13
2.1999999999999999e-05,3.2886354185092131e-22,3.4121542565426866e-22,-2.4854421731093814e-12,-6.5068541096716577e-13
2.2100000000000002e-05,4.2453819331441649e-22,4.4048484888813484e-22,-1.5903712995413873e-12,-3.9541486933062123e-13
2.2200000000000001e-05,5.4723789109139534e-22,5.6779582291931099e-22,-6.1811812482377097e-13,-1.1155435510036364e-13
2.23e-05,7.0436672540097852e-22,7.308314436732345e-22,3.9474355820882112e-13,1.854783705458522e-13
2.2399999999999999e-05,9.0529398635720551e-22,9.3931425685229988e-22,1.4089927541724616e-12,4.7904077393225048e-13
2.2500000000000001e-05,1.1618588276630542e-21,1.2055300557703397e-21,2.3845561936869256e-12,7.521028586778345e-13
2.26e-05,1.4890001323299641e-21,1.5449816491652389e-21,3.2823834507583808e-12,9.8813398336014282e-13
2.27e-05,1.9055415371231379e-21,1.9772037026744211e-21,4.0663107161899803e-12,1.1719949888140148e-12
2.2800000000000002e-05,2.4351684715209881e-21,2.5267769226185292e-21,4.7048203043412566e-12,1.2907896257284321e-12
2.2900000000000001e-05,3.1076424918625101e-21,3.2245886007530719e-21,5.1726062343851197e-12,1.3346297515364195e-12
2.3e-05,3.9603084651917732e-21,4.1093972095346637e-21,5.4518640565251453e-12,1.297271615529827e-12
2.3099999999999999e-05,5.0399626685693941e-21,5.2297717329374229e-21,5.533235206028775e-12,1.176585688951722e-12
2.3200000000000001e-05,6.4051650846549792e-21,6.6464922226409238e-21,5.4163520269964529e-12,9.7482974899040148e-13
2.3300000000000001e-05,8.1290976522226063e-21,8.4355172645804007e-21,5.1099485343610948e-12,6.9870398828119244e-13
2.34e-05,1.0303092640204435e-20,1.0691647322084666e-20,4.6315230420785111e-12,3.5917739355499308e-13
2.3500000000000002e-05,1.3040982455932493e-20,1.3533041120855138e-20,4.0065610200332833e-12,-2.8913962973049943e-14
2.3600000000000001e-05,1.6484455027604803e-20,1.7106776350872908e-20,3.2673488050767082e-12,-4.4748431827693402e-13
2.37e-05,2.0809638556344863e-20,2.1595687164911445e-20,2.4514300271738304e-12,-8.7600734817403929e-13
2.3799999999999999e-05,2.6235187270256628e-20,2.7226760662363873e-20,1.5997756567045442e-12,-1.2924823593309547e-12
2.3900000000000002e-05,3.3032197443461235e-20,3.4281434436744127e-20,7.5475450880960031e-13,-1.6745135515946014e-12
2.4000000000000001e-05,4.1536352281066986e-20,4.3108209325853179e-20,-4.1997101357223698e-14,-2.000450955088333e-12
2.41e-05,5.2162777585682769e-20,5.4138078095474704e-20,-7.5170066390430933e-13,-2.2505366277430645e-12
2.4200000000000002e-05,6.5424190099651095e-20,6.7903374705732462e-20,-1.3404478940961248e-12,-2.4079973901357694e-12
2.4300000000000001e-05,8.1953040237475924e-20,8.5060773359666787e-20,-1.7809958014158795e-12,-2.4600259919435921e-12
2.44e-05,1.025284943379593e-19,1.064193156206208e-19,-2.0542487289744499e-12,-2.3985962280166071e-12
2.4499999999999999e-05,1.281092730017598e-19,1.3297452211413209e-19,-2.1503454470177984e-12,-2.2210640656389325e-12
2.4600000000000002e-05,1.5987356675121002e-19,1.6594985812636012e-19,-2.069287647990682e-12,-1.9305160745780421e-12
2.4700000000000001e-05,1.9926749428835377e-19,2.0684707615700046e-19,-1.821068044221593e-12,-1.535838002054021e-12
2.48e-05,2.4806385923929806e-19,2.5750726067872216e-19,-1.4252807792398922e-12,-1.0514896867152397e-12
2.4900000000000002e-05,3.0843330691133085e-19,3.2018475979594127e-19,-9.1022280026993809e-13,-4.9698704166192582e-13
2.5000000000000001e-05,3.830303931585755e-19,3.9763661549358008e-19,-3.115209534488545e-13,1.0389313357510355e-13
2.51e-05,4.750975645426183e-19,4.9323061078766746e-19,3.2965545642619072e-13,7.2415500026940982e-13
2.5199999999999999e-05,5.8859062613190066e-19,6.1107565243720246e-19,9.6871433949786928e-13,1.3348279374096902e-12
2.5300000000000002e-05,7.2832995631723673e-19,7.5617891841281778e-19,1.5599915015698936e-12,1.9063570076201674e-12
2.5400000000000001e-05,9.0018253535900306e-19,9.3463503923366497e-19,2.0592168159844147e-12,2.4100739001727578e-12
2.55e-05,1.1112808074777577e-18,1.1538535739235735e-18,2.4259716053330569e-12,2.8196761300242136e-12
2.5599999999999999e-05,1.370285520097196e-18,1.4228322106821307e-18,2.6260102415370249e-12,3.1126392149024406e-12
2.5700000000000001e-05,1.687701007309204e-18,1.7524844995878714e-18,2.6333226348311e-12,3.2714872573352933e-12
2.58e-05,2.0762529413428862e-18,2.1560325447430653e-18,2.4318242875394576e-12,3.2848518761656735e-12
2.5899999999999999e-05,2.5513404046836855e-18,2.6494769867673422e-18,2.0165765789632985e-12,3.1482577167765686e-12
2.6000000000000002e-05,3.131576281502621e-18,3.2521588403434705e-18,1.3944613012335198e-12,2.8645844962563192e-12
2.6100000000000001e-05,3.8394324822023705e-18,3.987430369792708e-18,5.8425921077760057e-13,2.4441702552073421e-12
2.62e-05,4.7020094591434363e-18,4.8834552509284933e-18,-3.8388865867213703e-13,1.9045375531636683e-12
2.6299999999999999e-05,5.751952914092236e-18,5.9741618517568645e-18,-1.4696273450540118e-12,1.2697429495828765e-12
2.6400000000000001e-05,7.0285446181714282e-18,7.300377650890705e-18,-2.6241012196895304e-12,5.6936940334863036e-13
2.65e-05,8.5789989545110917e-18,8.9111776961556892e-18,-3.7921634434269125e-12,-1.6279980348522505e-13
2.6599999999999999e-05,1.0460002257341749e-17,1.0865485696239381e-17,-4.9149836915294656e-12,-8.9036929332970296e-13
2.6700000000000002e-05,1.2739538379253054e-17,1.3233972960872522e-17,-5.932933206276048e-12,-1.5761101706540948e-12
2.6800000000000001e-05,1.5499051308531045e-17,1.6101308103655924e-17,-6.7886086896463715e-12,-2.1838447531552146e-12
2.69e-05,1.8836004238428194e-17,1.9568819360640161e-17,-7.4298455032388307e-12,-2.6803447175215786e-12
2.6999999999999999e-05,2.2866904439852605e-17,2.3757641744903268e-17,-7.8125668326742823e-12,-3.0371457919626404e-12
2.7100000000000001e-05,2.7730874813538291e-17,2.8812433266878137e-17,-7.9033192848946738e-12,-3.2321827958218611e-12
2.72e-05,3.3593866331109927e-17,3.4905758346147531e-17,-7.6813568512003708e-12,-3.2511544334855314e-12
2.73e-05,4.0653620982635669e-17,4.2243252600620142e-17,-7.1401539075402762e-12,-3.0885376905772677e-12
2.7400000000000002e-05,4.9145512633600517e-17,5.1069701739121786e-17,-6.288253221989472e-12,-2.7481866155348621e-12
2.7500000000000001e-05,5.9349413699845456e-17,6.1676188661825276e-17,-5.1493856883624538e-12,-2.2434690828149966e-12
2.76e-05,7.1597759163813767e-17,7.4408487495840927e-17,-3.7618333361061351e-12,-1.5969170517629155e-12
2.7699999999999999e-05,8.6285006619676791e-17,8.967691162064579e-17,-2.1770444358259273e-12,-8.3938980477905882e-13
2.7800000000000001e-05,1.0387872224631303e-16,1.0796785528994428e-16,-4.5754743561674415e-13,-8.7745904346624839e-15
2.7900000000000001e-05,1.2493255842769295e-16,1.2985730582038746e-16,1.325752862577829e-12,8.5172628482388505e-13
2.8e-05,1.5010142980374031e-16,1.5602664615581588e-16,3.0967799209278852e-12,1.6956497929022306e-12
2.8100000000000002e-05,1.8015924155495296e-16,1.8728111667457345e-16,4.7778452345843499e-12,2.4755755538339317e-12
2.8200000000000001e-05,2.1601957750379305e-16,2.2457136122648797e-16,6.2933954097736442e-12,3.145569489478759e-12
2.83e-05,2.5875981705690873e-16,2.6901854650856227e-16,7.5737642727709796e-12,3.6636475887739941e-12
2.8399999999999999e-05,3.0964922012633958e-16,3.2194361707266138e-16,8.5587420142053163e-12,3.9941338646498637e-12
2.8500000000000002e-05,3.7018159908849094e-16,3.8490133169057636e-16,9.2007769381452358e-12,4.1097870381157208e-12
2.8600000000000001e-05,4.4211328783516358e-16,4.5971982180920529e-16,9.4676382922397704e-12,3.9935773532345905e-12
2.87e-05,5.2750722145856198e-16,5.4854652089485417e-16,9.3443905863386839e-12,3.640008117093834e-12
2.8800000000000002e-05,6.2878405767364504e-16,6.5390143624690517e-16,8.8345598790840037e-12,3.0558956419290467e-12
2.8900000000000001e-05,7.4878140447915287e-16,7.7873887420345846e-16,7.9604095255611844e-12,2.260545501983495e-12
2.9e-05,8.908223697550732e-16,9.2651888762023494e-16,6.7622851439940042e-12,1.2852913845912707e-12
2.9099999999999999e-05,1.0587948196698955e-15,1.1012898933640003e-15,5.2970341325112588e-12,1.7239403208554048e-13
2.9200000000000002e-05,1.2572429263462798e-15,1.3077841098599555e-15,3.6355518030841308e-12,-1.0266696342050675e-12
2.9300000000000001e-05,1.4914728038919096e-15,1.5515276932818115e-15,1.8595517251679139e-12,-2.2534647411168847e-12
2.94e-05,1.7676742786134072e-15,1.8389677088881992e-15,5.769995551131587e-14,-3.4453110749660757e-12
2.9500000000000002e-05,2.0930611172785347e-15,2.1776183647335417e-15,-1.678710822313144e-12,-4.5383300985307917e-12
2.9600000000000001e-05,2.4760323502998063e-15,2.5762292623182127e-15,-3.2603425434624977e-12,-5.4706843884194213e-12
2.97e-05,2.9263576786762398e-15,3.044978786884781e-15,-4.6044244053895967e-12,-6.1858518296988227e-12
2.9799999999999999e-05,3.455390348846985e-15,3.5956961736312517e-15,-5.63916425922192e-12,-6.6357685870629147e-12
2.9900000000000002e-05,4.0763113231147691e-15,4.242116250174804e-15,-6.3077288575377564e-12,-6.7836746475857689e-12
3.0000000000000001e-05,4.804409070293908e-15,5.0001713757339537e-15,-6.5715774540662203e-12,-6.6065039538005266e-12
3.01e-05,5.6573998575415655e-15,5.8883256798135811e-15,-6.4129589504886529e-12,-6.0966777047623075e-12
3.0200000000000002e-05,6.6557940463048983e-15,6.9279573543646944e-15,-5.8364188394096188e-12,-5.2631838529138447e-12
3.0300000000000001e-05,7.8233145899132376e-15,8.1437954807604181e-15,-4.8692071871238396e-12,-4.1318572098909109e-12
3.04e-05,9.1873747051487886e-15,9.5644186844610277e-15,-3.5605308256811247e-12,-2.744811627768725e-12
3.0499999999999999e-05,1.0779622553403999e-14,1.1222823814629348e-14,-1.979649464845314e-12,-1.159016772888261e-12
3.0599999999999998e-05,1.2636561727764869e-14,1.3157073852664173e-14,-2.1287388267616181e-13,5.5594481728701174e-13
3.0700000000000001e-05,1.4800257410304885e-14,1.541103537292064e-14,1.6404181369534761e-12,2.3208615232663546e-12
3.0800000000000003e-05,1.731913924961126e-14,1.8035217121928564e-14,3.4725787864576149e-12,4.0504974006485333e-12
3.0899999999999999e-05,2.0248913323542278e-14,2.1087722661270408e-14,5.1730837926383048e-12,5.6576613312639984e-12
3.1000000000000001e-05,2.3653597008799783e-14,2.4635331546984695e-14,6.6342684419368293e-12,7.0575536796724897e-12
3.1100000000000004e-05,2.7606692190435094e-14,2.8754725208994534e-14,7.7571256321927167e-12,8.172181395511487e-12
3.1199999999999999e-05,3.2192514025251685e-14,3.3533875562786963e-14,8.4568723517989383e-12,8.9346199660095667e-12
3.1300000000000002e-05,3.7507694438660073e-14,3.9073616448691401e-14,8.667992086080006e-12,9.2928987548684416e-12
3.1399999999999998e-05,4.3662881701436638e-14,4.5489420269123149e-14,8.3484764894404255e-12,9.2132956058274961e-12
3.15e-05,5.0784659818764823e-14,5.2913404699816922e-14,7.4830199581842265e-12,8.6828471688825348e-12
3.1600000000000002e-05,5.9017714087838392e-14,6.1496597107418966e-14,6.0849645022572746e-12,7.7109126596720519e-12
3.1699999999999998e-05,6.8527272062379736e-14,7.1411487334221987e-14,4.1968478347855226e-12,6.3296695872471939e-12
3.18e-05,7.950185232416782e-14,8.2854902834090361e-14,1.8894725757160544e-12,4.5934687242586687e-12
3.1900000000000003e-05,9.2156356925905831e-14,9.6051243785934309e-14,-7.4051405272504319e-13,2.5770301735420797e-12
3.1999999999999999e-05,1.0673554716066784e-13,1.1125611979811346e-13,-3.5744659449003341e-12,3.725202825170414e-13
3.2100000000000001e-05,1.2351794645631102e-13,1.287604341760237e-13,-6.4768708264807516e-12,-1.9143923737509908e-12
3.2200000000000003e-05,1.4282021871557375e-13,1.4889496648449856e-13,-9.3015613297491122e-12,-4.1693475849483744e-12
3.2299999999999999e-05,1.650020753524483e-13,1.7203550932669137e-13,-1.1898733321813975e-11,-6.2747654608647331e-12
3.2400000000000001e-05,1.9047176964255714e-13,1.9860862091346546e-13,-1.4122449059512456e-11,-8.1157317327092385e-12
3.2500000000000004e-05,2.1969224284077268e-13,2.2909806114516539e-13,-1.5838265552535876e-11,-9.5860161281949215e-12
3.26e-05,2.5318799285564343e-13,2.6405198560559217e-13,-1.6930607838544647e-11,-1.0593923971826662e-11
3.2700000000000002e-05,2.9155274314104989e-13,3.0409097911210206e-13,-1.7309504383259633e-11,-1.1067675765745253e-11
3.2799999999999998e-05,3.3545799690585314e-13,3.4991701831338362e-13,-1.6916318328862033e-11,-1.0960019257303497e-11
3.29e-05,3.8566256978820508e-13,4.0232346131630962e-13,-1.5728143755542443e-11,-1.0251803547932263e-11
3.3000000000000003e-05,4.430232028297626e-13,4.6220617149514166e-13,-1.3760589497726941e-11,-8.9542846295107333e-12
3.3099999999999998e-05,5.0850636695430625e-13,5.3057589253115674e-13,-1.1068742385749696e-11,-7.1099850136117809e-12
3.3200000000000001e-05,5.8320138024395841e-13,6.085720023902287e-13,-7.7461843195935371e-12,-4.7919947960546304e-12
3.3300000000000003e-05,6.6833497015364086e-13,6.9747778541247887e-13,-3.9220297169666326e-12,-2.1016748917685111e-12
3.3399999999999999e-05,7.652874244502791e-13,7.9873737400477115e-13,2.4395251323910428e-13,8.3519800806641004e-13
3.3500000000000001e-05,8.7561048714732745e-13,9.1397452463672855e-13,4.5679699125666663e-12,3.8737246203299596e-12
3.3600000000000004e-05,1.0010471690670528e-12,1.0450134069872531e-12,8.8503333004904282e-12,6.8564158671253109e-12
3.3699999999999999e-05,1.1435536569418083e-12,1.1939016002140048e-12,1.288473686487929e-11,9.6206945627071696e-12
3.3800000000000002e-05,1.305323520199533e-12,1.3629355064649933e-12,1.6468276679280676e-11,1.2007033163135958e-11
3.3900000000000004e-05,1.4888144308049693e-12,1.5546884089602839e-12,1.9411738143626506e-11,1.3867346321053512e-11
3.4e-05,1.6967776287820228e-12,1.7720414202821794e-12,2.1549649158434569e-11,1.5073225298470307e-11
3.4100000000000002e-05,1.9322903843575023e-12,2.0182175859613787e-12,2.2749585639995959e-11,1.5523588709081631e-11
3.4199999999999998e-05,2.1987917270727708e-12,2.2968194290691975e-12,2.2920230810865668e-11,1.515133217159856e-11
3.43e-05,2.5001217327349314e-12,2.6118702433534511e-12,2.2017729850408942e-11,1.392858882693858e-11
3.4400000000000003e-05,2.8405646807464952e-12,2.9678594655156193e-12,2.0049946099352853e-11,1.1870262898351602e-11
3.4499999999999998e-05,3.2248964171809897e-12,3.3697924815424931e-12,1.7078311933664107e-11,9.0355680965827724e-12
3.4600000000000001e-05,3.6584362829752398e-12,3.8232452475944234e-12,1.3217073382110067e-11,5.527389173991848e-12
3.4700000000000003e-05,4.1471039917947192e-12,4.334424132826131e-12,8.6298481367939595e-12,1.4893848716112743e-12
3.4799999999999999e-05,4.6974818684971481e-12,4.910231419679438e-12,3.5235465636425827e-12,-2.8991403871798471e-12
3.4900000000000001e-05,5.3168828866642995e-12,5.5583369266371255e-12,-1.8601613233682089e-12,-7.430455403461229e-12
3.5000000000000004e-05,6.013424972377121e-12,6.2872562491510052e-12,-7.2555196075609029e-12,-1.1877458904744579e-11
3.5099999999999999e-05,6.7961120712493553e-12,7.1064361464335788e-12,-1.238506675888395e-11,-1.6004215898435446e-11
3.5200000000000002e-05,7.6749225066737312e-12,8.026347634998012e-12,-1.6973183307415144e-11,-1.957752249605502e-11
3.5299999999999997e-05,8.6609051892247848e-12,9.0585873842007931e-12,-2.0760184468401863e-11,-2.2378972563735587e-11
3.54e-05,9.7662842701426358e-12,1.02159880445268e-11,-2.3516278802384265e-11,-2.421694625413004e-11
3.5500000000000002e-05,1.1004572865718051e-11,1.1512738175885092e-11,-2.5054688289697154e-11,-2.4937913126448212e-11
3.5599999999999998e-05,1.2390696514120928e-11,1.2964512480666825e-11,-2.5243232960281928e-11,-2.4436443858576728e-11
3.57e-05,1.3941127061655801e-11,1.4588613084649052e-11,-2.4013725602445829e-11,-2.2663355924191825e-11
3.5800000000000003e-05,1.567402771146529e-11,1.6404122647886127e-11,-2.1368598703122395e-11,-1.9631480099102805e-11
3.5899999999999998e-05,1.7609410004193185e-11,1.8432070127370748e-11,-1.7384294445501312e-11,-1.5418624826883946e-11
3.6000000000000001e-05,1.9769303536900367e-11,2.0695610053305579e-11,-1.2211085617816513e-11,-1.0167431453549677e-11
3.6100000000000003e-05,2.2177939263415573e-11,2.3220216221117417e-11,-6.06915532569734e-12,-4.0819507724172671e-12
3.6199999999999999e-05,2.486194725609286e-11,2.603389074166006e-11,7.5906020366184144e-13,2.579075301375189e-12
3.6300000000000001e-05,2.7850569845409074e-11,2.9167389432155024e-11,7.9400764596463083e-12,9.5120804809684178e-12
3.6400000000000004e-05,3.1175891089713711e-11,3.265446457005127e-11,1.5103738849584264e-11,1.638137836189389e-11
3.65e-05,3.4873083562460335e-11,3.6532126070859621e-11,2.1860223906611305e-11,2.2834234875297054e-11
3.6600000000000002e-05,3.8980673478097261e-11,4.0840922188819866e-11,2.7818954973046211e-11,2.8517695391343445e-11
3.6699999999999998e-05,4.3540825210141975e-11,4.5625240875645177e-11,3.2608592103056293e-11,3.3096430624375444e-11
3.68e-05,4.859964628544686e-11,5.0933632967186458e-11,3.5897158347461024e-11,3.6270772276331491e-11
3.6900000000000002e-05,5.4207513966893691e-11,5.6819158400265334e-11,3.7411307618757498e-11,3.7794051421731546e-11
3.6999999999999998e-05,6.0419424562311203e-11,6.3339756691703575e-11,3.6953727761713789e-11,3.748833471154018e-11
3.7100000000000001e-05,6.7295366619845688e-11,7.0558642938265144e-11,3.4417709232757643e-11,3.5257678745269809e-11
3.7200000000000003e-05,7.4900719188851579e-11,7.8544730619326149e-11,2.9797995624711791e-11,3.1098092612551159e-11
3.7299999999999999e-05,8.3306676340100157e-11,8.7373082503071267e-11,2.3197165621447078e-11,2.5103511829877971e-11
3.7400000000000001e-05,9.259069914919426e-11,9.7125390971324324e-11,1.4826972954293602e-11,1.7467240748810166e-11
3.7500000000000003e-05,1.0283699635196393e-10,1.0789048908716485e-10,5.0042853826446207e-12,8.4785098885733128e-12
3.7599999999999999e-05,1.1413703487970844e-10,1.197648937326475e-10,-5.8584925982508243e-12,-1.4859874432346408e-12
3.7700000000000002e-05,1.2659008147483379e-10,1.3285338214057711e-10,-1.7268365774368118e-11,-1.1975477273845502e-11
3.7800000000000004e-05,1.4030377657306727e-10,1.4726960313373136e-10,-2.8671644882052574e-11,-2.2483056757160933e-11
3.79e-05,1.5539474161635508e-10,1.6313672436646494e-10,-3.9478110127584192e-11,-3.2467621253419785e-11
3.8000000000000002e-05,1.7198922093008344e-10,1.805881168365615e-10,-4.9088509666944872e-11,-4.1378940595997835e-11
3.8099999999999998e-05,1.9022375925871218e-10,1.9976807789878015e-10,-5.6924243539604767e-11,-4.8684852222818407e-11
3.82e-05,2.1024591600456344e-10,2.2083259396502457e-10,-6.2457908316367469e-11,-5.3899369433825251e-11
3.8300000000000003e-05,2.3221501715464869e-10,2.4395014401867877e-10,-6.5243255646445886e-11,-5.6610380754584772e-11
3.8399999999999998e-05,2.5630294580932181e-10,2.6930254500163389e-10,-6.4943057673254771e-11,-5.6505549880358939e-11
3.8500000000000001e-05,2.8269497214349038e-10,2.9708584005110289e-10,-6.1353380365310449e-11,-5.3395021537186715e-11
3.8600000000000003e-05,3.1159062353538387e-10,3.2751123046870999e-10,-5.4422845712555667e-11,-4.7229600887652604e-11
3.8699999999999999e-05,3.4320459548876077e-10,3.6080605219579457e-10,-4.4265615903583668e-11,-3.811320398430786e-11
3.8800000000000001e-05,3.777677038512419e-10,3.9721479744562754e-10,-3.1167054153470942e-11,-2.6308572426038228e-11
3.8900000000000004e-05,4.1552787869352569e-10,4.3700018200459029e-10,-1.558130153490269e-11,-1.2235501697506079e-11
3.8999999999999999e-05,4.5675120006092849e-10,4.8044425855960269e-10,1.8796525122124491e-12,3.5388584237283419e-12
3.9100000000000002e-05,5.0172297563941229e-10,5.278495762375609e-10,2.0465448855263146e-11,2.0317722608577392e-11
3.9200000000000004e-05,5.5074886019245926e-10,5.7954038635364024e-10,3.9315023887551868e-11,3.7300120829274647e-11
3.93e-05,6.0415601642233535e-10,6.3586389415847866e-10,5.749168422199628e-11,5.3613403930030876e-11
3.9400000000000002e-05,6.6229431668902514e-10,6.9719155614898266e-10,7.4024409026938868e-11,6.8351741332193038e-11
3.9499999999999998e-05,7.255375847820695e-10,7.6392042226339042e-10,8.7953822169374795e-11,8.0619186381938948e-11
3.96e-05,7.9428487668441515e-10,8.3647452201792539e-10,9.8380948169792177e-11,8.9575564387629179e-11
3.9700000000000003e-05,8.6896179899303325e-10,9.153062933596673e-10,1.0451660350667385e-10,9.4483176789346384e-11
3.9799999999999998e-05,9.5002186336839589e-10,1.0008980527080023e-09,1.0572909419499226e-10,9.4752128043049306e-11
3.9900000000000001e-05,1.0379478750739732e-09,1.0937635043351883e-09,1.0158780506292187e-10,8.998198316286046e-11
4.0000000000000003e-05,1.1332533533378969e-09,1.1944492868953005e-09,9.1900285765051416e-11,7.9997463844001056e-11
4.0099999999999999e-05,1.2364839809221432e-09,1.3035365545503327e-09,7.6740569066700921e-11,6.4875996404339754e-11
4.0200000000000001e-05,1.3482190799204601e-09,1.4216425897629803e-09,5.6466699704635499e-11,4.4965137795467915e-11
4.0300000000000004e-05,1.4690731104254434e-09,1.5494224444281221e-09,3.1725803587859894e-11,2.0888224532220877e-11
4.0399999999999999e-05,1.5996971883084118e-09,1.6875706056000499e-09,3.4454787802302978e-12,-6.4629933533052251e-12
4.0500000000000002e-05,1.740780617944016e-09,1.8368226816409438e-09,-2.7189171709877453e-11,-3.5949467031728476e-11
4.0599999999999998e-05,1.893052435285994e-09,1.9979571041691225e-09,-5.8772937763824992e-11,-6.6219870908275818e-11
4.07e-05,2.0572829562624987e-09,2.1717968407244757e-09,-8.9731748376524263e-11,-9.5759065020066352e-11
4.0800000000000002e-05,2.2342853250105059e-09,2.3592111125948142e-09,-1.183865075404566e-10,-1.2294887830588021e-10
4.0899999999999998e-05,2.4249170560107855e-09,2.5611171117623324e-09,-1.4302759030627925e-10,-1.4613944011045297e-10
4.1e-05,2.6300815637196641e-09,2.7784817104360322e-09,-1.6199743358504977e-10,-1.6372866140148287e-10
4.1100000000000003e-05,2.8507296728236585e-09,3.0123231561359261e-09,-1.7377808428701978e-10,-1.7424689707794053e-10
4.1199999999999999e-05,3.0878611017703043e-09,3.2637127447906888e-09,-1.7708008769919851e-10,-1.7644333428614823e-10
4.1300000000000001e-05,3.3425259117559496e-09,3.533776463804727e-09,-1.7092873758341572e-10,-1.6937027487475567e-10
4.1400000000000003e-05,3.6158259128816835e-09,3.8236965965464474e-09,-1.5474348892795851e-10,-1.5246123610710068e-10
4.1499999999999999e-05,3.9089160187251507e-09,4.1347132792099029e-09,-1.2840627271686692e-10,-1.2559870138035076e-10
4.1600000000000002e-05,4.2230055401220317e-09,4.4681260005104808e-09,-9.2314562034563625e-11,-8.9167425827486444e-11
4.1700000000000004e-05,4.5593594085100532e-09,4.8252950341954074e-09,-4.7415326574605497e-11,-4.408944808201935e-11
4.18e-05,4.919299318764303e-09,5.2076427938856543e-09,4.7835224928849256e-12,8.1626195910162668e-12
4.1900000000000002e-05,5.3042047810492961e-09,5.6166550993211718e-09,6.2226961049097665e-11,6.5576860984721223e-11
4.1999999999999998e-05,5.7155140708349263e-09,6.0538823426608339e-09,1.2235392917501545e-10,1.2563997825857668e-10
4.21e-05,6.1547250658743739e-09,6.520940543096321e-09,1.8216671138807933e-10,1.8540307845757422e-10
4.2200000000000003e-05,6.6233959586268714e-09,7.0195122776801924e-09,2.3832864992996926e-10,2.4157554524286727e-10
4.2299999999999998e-05,7.1231458323314234e-09,7.5513474759474812e-09,2.8728912697513481e-10,2.9064614914925672e-10
4.2400000000000001e-05,7.655655088704063e-09,8.1182640656320221e-09,3.254336265425247e-10,3.2902944195659259e-10
4.2500000000000003e-05,8.2226657150457383e-09,8.7221484565487794e-09,3.4925557271657601e-10,3.53234373628114e-10
4.2599999999999999e-05,8.8259813784154347e-09,9.3649558495365619e-09,3.5554558091673556e-10,3.6005100646668164e-10
4.2700000000000001e-05,9.4674673344484839e-09,1.004871035723701e-08,3.4159279717434707e-10,3.4675022396460685e-10
4.2800000000000004e-05,1.0149050138388357e-08,1.0775504923430886e-08,3.0539217840532049e-10,3.1129048337233986e-10
4.2899999999999999e-05,1.0872717145956103e-08,1.1547501027666424e-08,2.4585092326441958e-10,2.5252498060278241e-10
4.3000000000000002e-05,1.164051579181024e-08,1.2366928162002312e-08,1.6298683175187511e-10,1.7040211842708361e-10
4.3100000000000004e-05,1.245455263355558e-08,1.3236083066854347e-08,5.8111179406170511e-11,6.6151922715422486e-11
4.32e-05,1.3316992149547057e-08,1.4157328713185133e-08,-6.6011242176118908e-11,-5.7548942079869226e-11
4.3300000000000002e-05,1.4230055279108123e-08,1.513309301861487e-08,-2.0503193240403934e-10,-1.9644063527529104e-10
4.3399999999999998e-05,1.5196017694247025e-08,1.6165867285462598e-08,-3.5292474680819516e-10,-3.4457861709764307e-10
4.35e-05,1.6217207792511639e-08,1.7258204349255659e-08,-5.0193376774911312e-10,-4.9427287583826605e-10
4.3600000000000003e-05,1.7296004401278272e-08,1.8412716426873745e-08,-6.4256742544151726e-10,-6.3607259388084752e-10
4.3699999999999998e-05,1.8434834184524529e-08,1.9632072654226867e-08,-7.636420006897254e-10,-7.5879967727383886e-10
4.3800000000000001e-05,1.9636168743993585e-08,2.0918996304205708e-08,-8.5237615541229292e-10,-8.4963312760991019e-10
4.3900000000000003e-05,2.0902521407619089e-08,2.2276261676591443e-08,-8.9453652593562918e-10,-8.9424465162560723e-10
4.3999999999999999e-05,2.2236443699147434e-08,2.3706690652671194e-08,-8.7463273000879331e-10,-8.7698423438236424e-10
4.4100000000000001e-05,2.3640521484068248e-08,2.5213148908476254e-08,-7.7615843890867127e-10,-7.8111270242725815e-10
4.4200000000000004e-05,2.5117370788244729e-08,2.6798541781843492e-08,-5.8187351099730799e-10,-5.8907663366011485e-10
4.4299999999999999e-05,2.6669633287021851e-08,2.8465809789895288e-08,-2.7412063327453574e-10,-2.8281939139233608e-10
4.4400000000000002e-05,2.8299971464081404e-08,3.0217923795038966e-08,1.6483146827145538e-10,1.5587936905590622e-10
4.4500000000000004e-05,3.0011063440905465e-08,3.2057879819201198e-08,7.5242735549807725e-10,7.4504459576183638e-10
4.46e-05,3.1805597479401498e-08,3.3988693507732644e-08,1.505456747230915e-09,1.5021369781729865e-09
4.4700000000000002e-05,3.3686266162028311e-08,3.6013394246240015e-08,2.4396895266771655e-09,2.4436848345114854e-09
4.4799999999999998e-05,3.5655760255637668e-08,3.8135018935521668e-08,3.569524735218216e-09,3.5849275886492941e-09
4.49e-05,3.7716762267205367e-08,4.0356605431792427e-08,4.9076642946564535e-09,4.9394816542951867e-09
4.5000000000000003e-05,3.9871939701660671e-08,4.2681185661478164e-08,6.4648217290493553e-09,6.5190391566321658e-09
4.5099999999999998e-05,4.2123938034126707e-08,4.5111778422030172e-08,8.2494753274683381e-09,8.3331091712690686e-09
4.5200000000000001e-05,4.4475373411046742e-08,4.7651381882447977e-08,1.0267674019672344e-08,1.0388810063559645e-08
4.5300000000000003e-05,4.6928825096882791e-08,5.0302965799493431e-08,1.2522902759711925e-08,1.269072009706438e-08
4.5399999999999999e-05,4.9486827685322373e-08,5.3069463467919789e-08,1.5016012471809217e-08,1.5240791789507764e-08
4.5500000000000001e-05,5.215186309620341e-08,5.5953763425414264e-08,1.7745217662961793e-08,1.8038333580292934e-08
4.5600000000000004e-05,5.4926352381654773e-08,5.8958700935347e-08,2.0706162710782413e-08,2.1080060297198295e-08
4.57e-05,5.781264736723484e-08,6.2087049272820906e-08,2.3892055663229618e-08,2.4360211740315219e-08
4.5800000000000002e-05,6.0813022156119042e-08,6.534151084190849e-08,2.7293866213234956e-08,2.7870736512499148e-08
4.5899999999999998e-05,6.3929664526622713e-08,6.8724708154328756e-08,3.0900582411706656e-08,3.1601536093900794e-08
4.6e-05,6.7164667255532095e-08,7.2239174702141515e-08,3.4699518731806309e-08,3.5540762159324314e-08
4.6100000000000002e-05,7.0520019401835582e-08,7.5887345759301064e-08,3.8676666366550546e-08,3.9675158343785779e-08
4.6199999999999998e-05,7.399759758748202e-08,7.9671549149097087e-08,4.2817075195038011e-08,4.3990436140276801e-08
4.6300000000000001e-05,7.7599157313724532e-08,8.359399601659892e-08,4.7105255745146248e-08,4.8471673422410319e-08
4.6400000000000003e-05,8.132632435341696e-08,8.7656771647190577e-08,5.1525588756389922e-08,5.3103723270332978e-08
4.6499999999999999e-05,8.5180586261298541e-08,9.1861826374118501e-08,5.6062729636648684e-08,5.7871620375444596e-08
4.6600000000000001e-05,8.9163284045808588e-08,9.6210966619651012e-08,6.0701995227127588e-08,6.2760972327901561e-08
4.6700000000000003e-05,9.3275604047300451e-08,1.0070584611594817e-07,6.542972084232506e-08,6.7758323555300173e-08
4.6799999999999999e-05,9.7518570068650779e-08,1.0534795735304377e-07,7.0233576521665612e-08,7.2851480570245108e-08
4.6900000000000002e-05,1.0189303580516937e-07,1.1013862330242598e-07,7.5102832786863704e-08,7.8029788471999041e-08
4.7000000000000004e-05,1.0639967762138634e-07,1.1507898946555151e-07,8.0028567900208722e-08,8.3284350291594989e-08
4.71e-05,1.11038987722711e-07,1.2017001629722079e-07,8.5003810606353575e-08,8.8608182715651579e-08
4.7200000000000002e-05,1.1581126777010136e-07,1.2541247205406024e-07,9.0023614545939365e-08,9.3996303904949782e-08
4.7299999999999998e-05,1.2071662298574067e-07,1.3080692611838517e-07,9.5085062876334405e-08,9.9445751463519417e-08
4.74e-05,1.257549567972708e-07,1.3635374284743655e-07,1.0018720404025636e-07,1.0495553102990524e-07
4.7500000000000003e-05,1.3092596606737094e-07,1.4205307599738266e-07,1.0533092200104872e-07,1.1052649836793749e-07
4.7599999999999998e-05,1.3622913695437686e-07,1.4790486377054043e-07,1.1051874652833103e-07,1.1616118014290662e-07
4.7700000000000001e-05,1.41663741448209e-07,1.5390882453298474e-07,1.1575461118721048e-07,1.2186354069633182e-07
4.7800000000000003e-05,1.472288346240965e-07,1.6006445324807488e-07,1.2104356848234061e-07,1.2763870400026121e-07
4.7899999999999999e-05,1.5292325265445745e-07,1.6637101866942053e-07,1.2639147306825974e-07,1.3349264151086083e-07
4.8000000000000001e-05,1.5874561161680328e-07,1.7282756133443647e-07,1.3180464500494089e-07,1.3943183779313112e-07
4.8100000000000004e-05,1.6469430713269013e-07,1.79432892396887e-07,1.372895256716069e-07,1.4546294650996603e-07
4.8199999999999999e-05,1.7076751486953286e-07,1.8618559333370195e-07,1.4285233912780938e-07,1.5159244963111659e-07
4.8300000000000002e-05,1.7696319193353677e-07,1.930840165578565e-07,1.4849877142016334e-07,1.578263325094583e-07
4.8400000000000004e-05,1.8327907917809289e-07,2.0012628696525247e-07,1.5423367958516549e-07,1.6416978679920543e-07
4.85e-05,1.897127044477371e-07,2.0731030443932789e-07,1.6006084091913535e-07,1.7062695207674354e-07
4.8600000000000002e-05,1.9626138677319736e-07,2.1463374733256633e-07,1.6598275151792659e-07,1.7720070550933363e-07
4.8699999999999998e-05,2.0292224152817104e-07,2.2209407693919076e-07,1.7200048118841422e-07,1.8389250705548678e-07
4.88e-05,2.0969218655329736e-07,2.2968854296812903e-07,1.7811358967095462e-07,1.9070230554154885e-07
4.8900000000000003e-05,2.1656794924734446e-07,2.3741419001984819e-07,1.8432010676648579e-07,1.9762850862147124e-07
4.8999999999999998e-05,2.235460746199394e-07,2.4526786506489793e-07,1.9061657652131706e-07,2.0466801717794648e-07
4.9100000000000001e-05,2.3062293429426164e-07,2.5324622591600783e-07,1.9699816317778106e-07,2.1181632225487984e-07
4.9200000000000003e-05,2.3779473644202678e-07,2.6134575067937954e-07,2.0345881424177458e-07,2.1906766021667325e-07
4.9299999999999999e-05,2.450575366268433e-07,2.6956274816443408e-07,2.0999147383774228e-07,2.2641521959963694e-07
4.9400000000000001e-05,2.5240724952566462e-07,2.7789336922476078e-07,2.1658833760058952e-07,2.3385139114003195e-07
4.9500000000000004e-05,2.5983966149162556e-07,2.8633361899639719e-07,2.2324113876565074e-07,2.4136805080753206e-07
4.9599999999999999e-05,2.6735044391508589e-07,2.9487936999290292e-07,2.299414539234781e-07,2.4895686440643757e-07
4.9700000000000002e-05,2.7493516733324853e-07,3.0352637601000627e-07,2.3668101615219348e-07,2.5660960147881592e-07
4.9800000000000004e-05,2.8258931623232494e-07,3.1227028678596315e-07,2.4345202295666432e-07,2.6431844588721476e-07
4.99e-05,2.9030830447993162e-07,3.2110666335720667e-07,2.5024742664310679e-07,2.7207629058448648e-07
5.0000000000000002e-05,2.9808749131927054e-07,3.3003099404244737e-07,2.5706119543411491e-07,2.7987700469143191e-07
5.0099999999999998e-05,3.0592219785071966e-07,3.3903871098214987e-07,2.6388853475820142e-07,2.877156620774677e-07
5.02e-05,3.1380772392080113e-07,3.4812520715432137e-07,2.7072605968881877e-07,2.9558872213577021e-07
5.0300000000000003e-05,3.217393653331371e-07,3.5728585378185343e-07,2.775719114027178e-07,3.0349415530655357e-07
5.0399999999999999e-05,3.2971243129101917e-07,3.6651601804130957e-07,2.8442581270577354e-07,3.1143150805995685e-07
5.0500000000000001e-05,3.3772226197664273e-07,3.7581108097811064e-07,2.9128906005371728e-07,3.1940190442185077e-07
5.0600000000000003e-05,3.4576424616795413e-07,3.8516645552857773e-07,2.9816445198529786e-07,3.2740798362104861e-07
5.0699999999999999e-05,3.5383383879046865e-07,3.9457760454531676e-07,3.0505615639145129e-07,3.3545377595964681e-07
5.0800000000000002e-05,3.6192657829839053e-07,4.0404005871899831e-07,3.1196952146987376e-07,3.4354452146214415e-07
5.0900000000000004e-05,3.700381037769542e-07,4.1354943428677249e-07,3.1891083746662924e-07,3.5168643814870859e-07
5.1e-05,3.7816417165613764e-07,4.23101450415385e-07,3.2588705829759156e-07,3.598864488146412e-07
5.1100000000000002e-05,3.8630067192482907e-07,4.3269194614558496e-07,3.3290549379479435e-07,3.6815187690127032e-07
5.1199999999999998e-05,3.9444364373418265e-07,4.4231689678366802e-07,3.3997348457063332e-07,3.7649012334633714e-07
5.13e-05,4.0258929027930999e-07,4.5197242962601199e-07,3.4709807228598826e-07,3.8490833715141103e-07
5.1400000000000003e-05,4.1073399284965531e-07,4.6165483890327835e-07,3.542856784132665e-07,3.9341309276480571e-07
5.1499999999999998e-05,4.1887432394040436e-07,4.7136059983257717e-07,3.6154180438716613e-07,4.0201008723382565e-07
5.1600000000000001e-05,4.2700705932010956e-07,4.8108638166836593e-07,3.6887076533844336e-07,4.1070386943221502e-07
5.1700000000000003e-05,4.3512918895337494e-07,4.9082905964616553e-07,3.7627546843232843e-07,4.1949761253913794e-07
5.1799999999999999e-05,4.4323792668194388e-07,5.0058572571735931e-07,3.8375724522439925e-07,4.2839293937448593e-07
5.1900000000000001e-05,4.5133071857287275e-07,5.1035369797837216e-07,3.9131574546057169e-07,4.3738980823928164e-07
5.2000000000000004e-05,4.5940524984863424e-07,5.2013052870341724e-07,3.9894889745690151e-07,4.4648646464103073e-07
5.2099999999999999e-05,4.6745945032097117e-07,5.2991401089672424e-07,4.0665293768332119e-07,4.5567946178647742e-07
5.2200000000000002e-05,4.7549149825808354e-07,5.3970218328770901e-07,4.1442250953643933e-07,4.6496375009145743e-07
5.2300000000000004e-05,4.8349982262325256e-07,5.4949333370088001e-07,4.2225082861848969e-07,4.7433283328855092e-07
5.24e-05,4.9148310363224676e-07,5.5928600074137313e-07,4.301299092425709e-07,4.8377898610837314e-07
5.2500000000000002e-05,4.9944027158677372e-07,5.690789737468039e-07,4.3805084445616946e-07,4.9329352606872838e-07
5.2599999999999998e-05,5.0737050395178016e-07,5.7887129096660204e-07,4.4600412970806501e-07,5.0286712972021334e-07
5.27e-05,5.1527322065551161e-07,5.8866223594106164e-07,4.5398001846048174e-07,5.1249018185123616e-07
5.2800000000000003e-05,5.2314807760285022e-07,5.9845133206395451e-07,4.6196889663967358e-07,5.221531447212021e-07
5.2899999999999998e-05,5.3099495840448269e-07,6.0823833532464369e-07,4.6996166187895402e-07,5.3184693342386305e-07
5.3000000000000001e-05,5.3881396433683723e-07,6.1802322523810871e-07,4.779500930770542e-07,5.4156328302293176e-07
5.3100000000000003e-05,5.4660540256038005e-07,6.2780619398408295e-07,4.8592719589103107e-07,5.5129509316884713e-07
5.3199999999999999e-05,5.5436977263669092e-07,6.3758763378951811e-07,4.9388751040699335e-07,5.6103673650031385e-07
5.3300000000000001e-05,5.6210775139765639e-07,6.4736812260172312e-07,5.018273683645836e-07,5.7078431823731743e-07
5.3400000000000004e-05,5.6982017623301639e-07,6.5714840811269834e-07,5.097450889143593e-07,5.8053587594700581e-07
5.3499999999999999e-05,5.7750802687529619e-07,6.6692939020828139e-07,5.1764110390597718e-07,5.9029151045387752e-07
5.3600000000000002e-05,5.8517240577372583e-07,6.7671210192864508e-07,5.2551800606858381e-07,6.0005344120156585e-07
5.3700000000000004e-05,5.9281451716100879e-07,6.86497689039329e-07,5.3338051607013146e-07,6.0982598197088651e-07
5.38e-05,6.0043564492863009e-07,6.9628738832424506e-07,5.4123536723651666e-07,6.1961543562565056e-07
5.3900000000000002e-05,6.0803712943769141e-07,7.0608250472384636e-07,5.4909110957525195e-07,6.2942990939399127e-07
5.3999999999999998e-05,6.1562034340293471e-07,7.1588438745281906e-07,5.5695783758083905e-07,6.392790549976947e-07
5.41e-05,6.2318666699753708e-07,7.2569440524209369e-07,5.6484684899879434e-07,6.4917374061450535e-07
5.4200000000000003e-05,6.3073746233535781e-07,7.3551392085962206e-07,5.7277024419768563e-07,6.5912566410313917e-07
5.4299999999999998e-05,6.382740474954828e-07,7.4534426507309189e-07,5.8074047795554897e-07,6.6914691905111815e-07
5.4400000000000001e-05,6.4579767026104702e-07,7.5518671022548171e-07,5.8876987723321514e-07,6.7924952694591735e-07
5.4500000000000003e-05,6.5330948175035794e-07,7.6504244360100005e-07,5.9687013982031133e-07,6.8944495005948037e-07
5.4599999999999999e-05,6.6081051012318728e-07,7.7491254076441362e-07,6.0505182955482363e-07,6.9974360043025317e-07
5.4700000000000001e-05,6.6830163454869706e-07,7.8479793906098799e-07,6.1332388410631306e-07,7.1015436059899124e-07
5.4800000000000004e-05,6.7578355962374799e-07,7.9469941146716998e-07,6.2169315106734711e-07,7.2068413149721996e-07
5.49e-05,6.8325679043124284e-07,8.0461754098367015e-07,6.3016396732746978e-07,7.3133742211105693e-07
5.5000000000000002e-05,6.9072160842766518e-07,8.1455269576272197e-07,6.3873779543742053e-07,7.4211599427865431e-07
5.5100000000000004e-05,6.981780483470252e-07,8.2450500515995746e-07,6.4741292895422616e-07,7.5301857427251524e-07
5.52e-05,7.0562587630502304e-07,8.3447433689851708e-07,6.5618427665067281e-07,7.6404064073134068e-07
5.5300000000000002e-05,7.1306456928236204e-07,8.4446027552871174e-07,6.650432330504765e-07,7.7517429611393603e-07
5.5399999999999998e-05,7.204932961598032e-07,8.5446210236075101e-07,6.7397764009653044e-07,7.8640822623527969e-07
5.5500000000000001e-05,7.2791090046976055e-07,8.6447877704077832e-07,6.8297184196624149e-07,7.977277497034062e-07
5.5600000000000003e-05,7.3531588502002375e-07,8.7450892093172323e-07,6.9200683220968143e-07,8.091149562999952e-07
5.5699999999999999e-05,7.4270639853460698e-07,8.8455080245033567e-07,7.0106048959893062e-07,8.2054893063247088e-07
5.5800000000000001e-05,7.5008022444481191e-07,8.9460232450026532e-07,7.1010789643252302e-07,8.3200605482156254e-07
5.5900000000000004e-05,7.5743477195043023e-07,9.0466101412824198e-07,7.191217306236176e-07,8.434603816601271e-07
5.5999999999999999e-05,7.647670694566768e-07,9.1472401451639668e-07,7.280727207905781e-07,8.5488406766105794e-07
5.6100000000000002e-05,7.7207376047702819e-07,9.2478807940860867e-07,7.3693015182892697e-07,8.6624785376603205e-07
5.6200000000000004e-05,7.7935110207575955e-07,9.3484957005259118e-07,7.456624071246839e-07,8.7752158026086021e-07
5.63e-05,7.8659496590672385e-07,9.4490445472233975e-07,7.5423753270611663e-07,8.8867472166916635e-07
5.6400000000000002e-05,7.9380084188694208e-07,9.5494831086769237e-07,7.6262380824230836e-07,8.9967692708931061e-07
5.6500000000000005e-05,8.0096384452499712e-07,9.6497632991921972e-07,7.7079030988479991e-07,9.1049855159915886e-07
5.66e-05,8.080787219052016e-07,9.749833247576274e-07,7.7870745049827611e-07,9.2111116496092733e-07
5.6700000000000003e-05,8.1513986730917319e-07,9.8496373983744576e-07,7.8634748380746833e-07,9.3148802488211066e-07
5.6799999999999998e-05,8.2214133343697672e-07,9.9491166393518584e-07,7.9368496035642256e-07,9.4160450348089463e-07
5.6900000000000001e-05,8.2907684917052956e-07,1.0048208454724909e-06,8.0069712487629027e-07,9.5143845730783715e-07
5.7000000000000003e-05,8.3593983880267574e-07,1.014684710345289e-06,8.0736424662324684e-07,9.6097053322267917e-07
5.7099999999999999e-05,8.4272344363640085e-07,1.0244963821707196e-06,8.1366987640571664e-07,9.7018440454184593e-07
5.7200000000000001e-05,8.4942054584021715e-07,1.0342487048448411e-06,8.196010262924381e-07,9.7906693408168636e-07
5.7300000000000004e-05,8.5602379442798982e-07,1.0439342672859708e-06,8.2514827030168711e-07,9.8760826294694131e-07
5.7399999999999999e-05,8.6252563321455548e-07,1.0535454302211641e-06,8.3030576663974458e-07,9.9580182607780497e-07
5.7500000000000002e-05,8.6891833058254083e-07,1.0630743548569214e-06,8.3507120421122418e-07,1.0036442976023206e-06
5.7600000000000004e-05,8.7519401088099789e-07,1.0725130332599274e-06,8.3944567809865441e-07,1.0111354708805175e-06
5.77e-05,8.8134468726296036e-07,1.0818533202595733e-06,8.4343350044760283e-07,1.0182780797199311e-06
5.7800000000000002e-05,8.8736229575693467e-07,1.0910869666713551e-06,8.4704195464964509e-07,1.0250775685466836e-06
5.7899999999999998e-05,8.9323873035677565e-07,1.1002056536291123e-06,8.5028100185502496e-07,1.0315418203026005e-06
5.8e-05,8.9896587890549366e-07,1.1092010278045597e-06,8.5316294964832728e-07,1.037680851490587e-06
5.8100000000000003e-05,9.0453565954137587e-07,1.1180647372848026e-06,8.5570209317526243e-07,1.0435064841036424e-06
5.8199999999999998e-05,9.0994005746946346e-07,1.126788467872572e-06,8.5791433912155939e-07,1.049032004156924e-06
5.8300000000000001e-05,9.1517116181798515e-07,1.1353639795698722e-06,8.5981682273203016e-07,1.05427181621797e-06
5.8400000000000003e-05,9.2022120233784072e-07,1.1437831430036252e-06,8.6142752754638467e-07,1.0592411027283335e-06
5.8499999999999999e-05,9.2508258570369049e-07,1.1520379755517809e-06,8.6276491675509601e-07,1.0639554960710646e-06
5.8600000000000001e-05,9.2974793117766578e-07,1.1601206769302448e-06,8.6384758408707289e-07,1.0684307703080115e-06
5.8700000000000004e-05,9.3421010540114052e-07,1.1680236640048685e-06,8.6469393098065818e-07,1.072682558340993e-06
5.8799999999999999e-05,9.3846225608639183e-07,1.1757396045986199e-06,8.6532187551275621e-07,1.0767260989938087e-06
5.8900000000000002e-05,9.4249784438827365e-07,1.1832614500718719e-06,8.6574859722100056e-07,1.0805760172208215e-06
5.9000000000000004e-05,9.4631067574617157e-07,1.1905824664634496e-06,8.6599032060289665e-07,1.084246139374077e-06
5.91e-05,9.4989492899842455e-07,1.1976962639916004e-06,8.6606213876230608e-07,1.087749344249814e-06
5.9200000000000002e-05,9.5324518358497031e-07,1.2045968247272722e-06,8.6597787744166485e-07,1.091097449528902e-06
5.9299999999999998e-05,9.5635644466911774e-07,1.211278528266921e-06,8.6574999856429708e-07,1.0943011322559638e-06
5.94e-05,9.5922416602588962e-07,1.2177361752483675e-06,8.6538954144554841e-07,1.0973698811947396e-06
5.9500000000000003e-05,9.6184427056220872e-07,1.2239650085708441e-06,8.6490609903418198e-07,1.1003119782680623e-06
5.9599999999999999e-05,9.6421316835313093e-07,1.2299607321991526e-06,8.6430782592987239e-07,1.1031345058463987e-06
5.9700000000000001e-05,9.6632777209819411e-07,1.2357195274516355e-06,8.6360147449138407e-07,1.1058433763878978e-06
5.9800000000000003e-05,9.6818550992256791e-07,1.2412380666922234e-06,8.6279245509890261e-07,1.1084433808441139e-06
5.9899999999999999e-05,9.6978433546885438e-07,1.2465135243679998e-06,8.6188491655069135e-07,1.110938252312561e-06
6.0000000000000002e-05,9.7112273524691423e-07,1.2515435853553117e-06,8.6088184263994395e-07,1.1133307416156236e-06
6.0100000000000004e-05,9.7219973323075398e-07,1.2563264505992118e-06,8.5978516114889481e-07,1.1156227017881564e-06
6.02e-05,9.7301489271312325e-07,1.2608608400527785e-06,8.5859586178658671e-07,1.1178151788314693e-06
6.0300000000000002e-05,9.7356831544977283e-07,1.2651459929443678e-06,8.5731411995476813e-07,1.1199085065086439e-06
6.0400000000000004e-05,9.7386063814619201e-07,1.2691816654219206e-06,8.5593942362378704e-07,1.1219024033829469e-06
6.05e-05,9.7389302635977641e-07,1.2729681256438533e-06,8.5447070100815741e-07,1.1237960707091267e-06
6.0600000000000003e-05,9.7366716590964001e-07,1.2765061464056037e-06,8.5290644712439188e-07,1.1255882901506689e-06
6.0699999999999998e-05,9.7318525190447239e-07,1.2797969954093937e-06,8.5124484766895406e-07,1.1272775205941855e-06
6.0800000000000001e-05,9.7244997551574726e-07,1.2828424233019917e-06,8.4948389895501272e-07,1.1288619935503925e-06
6.0900000000000003e-05,9.7146450863907676e-07,1.2856446496210944e-06,8.4762152288118963e-07,1.1303398067600005e-06
6.0999999999999999e-05,9.7023248660041522e-07,1.2882063468051613e-06,8.4565567606732922e-07,1.1317090156619923e-06
6.1100000000000008e-05,9.6875798907597622e-07,1.2905306224340613e-06,8.4358445238234039e-07,1.1329677223341014e-06
6.1199999999999997e-05,9.6704551940508003e-07,1.2926209998785434e-06,8.4140617811204167e-07,1.1341141613923458e-06
6.1299999999999999e-05,9.650999824835309e-07,1.2944813975452529e-06,8.3911949898222739e-07,1.1351467821540124e-06
6.1400000000000002e-05,9.6292666143150841e-07,1.2961161069106802e-06,8.3672345817854622e-07,1.1360643261464653e-06
6.1500000000000004e-05,9.6053119323424709e-07,1.2975297695419992e-06,8.3421756440843724e-07,1.1368658988061257e-06
6.1600000000000007e-05,9.5791954355597572e-07,1.2987273533051715e-06,8.3160184895177751e-07,1.1375510339827486e-06
6.1699999999999995e-05,9.5509798092765698e-07,1.2997141279609802e-06,8.2887691056686866e-07,1.1381197496688595e-06
6.1799999999999998e-05,9.5207305050703204e-07,1.3004956403477771e-06,8.2604394707725541e-07,1.1385725932368766e-06
6.19e-05,9.4885154760538856e-07,1.3010776893457622e-06,8.231047724810289e-07,1.1389106744078597e-06
6.2000000000000003e-05,9.4544049116936149e-07,1.3014663008115883e-06,8.2006181851277911e-07,1.1391356842138352e-06
6.2100000000000005e-05,9.4184709739807318e-07,1.3016677026641e-06,8.1691811976047078e-07,1.1392498983611755e-06
6.2200000000000008e-05,9.3807875366610213e-07,1.3016883002921807e-06,8.1367728170086471e-07,1.1392561636632115e-06
6.2299999999999996e-05,9.3414299291127889e-07,1.3015346524441174e-06,8.1034343136849342e-07,1.1391578665839575e-06
6.2399999999999999e-05,9.3004746863330517e-07,1.30121344774475e-06,8.0692115080868005e-07,1.1389588834164103e-06
6.2500000000000001e-05,9.2579993063483526e-07,1.3007314819721493e-06,8.0341539397391631e-07,1.1386635121931891e-06
6.2600000000000004e-05,9.2140820162114374e-07,1.300095636209797e-06,7.9983138828796737e-07,1.1382763870754067e-06
6.2700000000000006e-05,9.1688015475803431e-07,1.2993128559735063e-06,7.9617452270193145e-07,1.1378023766621742e-06
6.2799999999999995e-05,9.1222369227044057e-07,1.2983901313947519e-06,7.924502246756911e-07,1.1372464683792657e-06
6.2899999999999997e-05,9.0744672514644042e-07,1.2973344785239845e-06,7.8866382910837134e-07,1.1366136418073303e-06
6.3e-05,9.0255715399342549e-07,1.2961529217990703e-06,7.848204427829706e-07,1.1359087344659919e-06
6.3100000000000002e-05,8.9756285107512019e-07,1.2948524777054912e-06,7.8092480835330136e-07,1.1351363041438418e-06
6.3200000000000005e-05,8.9247164354032653e-07,1.2934401396365874e-06,7.7698117225758984e-07,1.134300492325621e-06
6.3300000000000007e-05,8.8729129783689306e-07,1.2919228639442112e-06,7.7299316116684772e-07,1.1334048935863476e-06
6.3399999999999996e-05,8.8202950528769905e-07,1.2903075571528674e-06,7.6896367164676281e-07,1.132452435974834e-06
6.3499999999999999e-05,8.7669386878966881e-07,1.2886010642940342e-06,7.6489477761291683e-07,1.1314452773765505e-06
6.3600000000000001e-05,8.7129189058217193e-07,1.2868101583020917e-06,7.6078765988219562e-07,1.1303847226187966e-06
6.3700000000000003e-05,8.6583096101785028e-07,1.28494153039932e-06,7.5664256166601259e-07,1.1292711656548772e-06
6.3800000000000006e-05,8.6031834825712141e-07,1.2830017813850244e-06,7.5245877321904404e-07,1.1281040605454932e-06
6.3899999999999995e-05,8.547611887975193e-07,1.2809974137331095e-06,7.4823464806438572e-07,1.1268819241572813e-06
6.3999999999999997e-05,8.4916647874078866e-07,1.2789348243935788e-06,7.4396765228314148e-07,1.1256023725432884e-06
6.41e-05,8.4354106569438199e-07,1.2768202981865558e-06,7.3965444731169533e-07,1.1242621918873195e-06
6.4200000000000002e-05,8.3789164119981138e-07,1.2746600016726745e-06,7.3529100556694388e-07,1.1228574437194916e-06
6.4300000000000004e-05,8.3222473357826631e-07,1.2724599773811107e-06,7.308727570579302e-07,1.1213836028856881e-06
6.4400000000000007e-05,8.2654670108404446e-07,1.270226138276187e-06,7.263947639834115e-07,1.119835725523277e-06
6.4499999999999996e-05,8.2086372525869929e-07,1.2679642623454166e-06,7.2185191920324174e-07,1.1182086431073143e-06
6.4599999999999998e-05,8.1518180438333355e-07,1.2656799871960368e-06,7.1723916345107254e-07,1.1164971775310368e-06
6.4700000000000001e-05,8.0950674693315052e-07,1.2633788045534689e-06,7.1255171526876476e-07,1.1146963712187109e-06
6.4800000000000003e-05,8.038441649470931e-07,1.2610660545637e-06,7.0778530692818186e-07,1.1128017254774244e-06
6.4900000000000005e-05,7.9819946723608525e-07,1.2587469198121563e-06,7.0293641909666536e-07,1.110809439714685e-06
6.5000000000000008e-05,7.9257785236586515e-07,1.2564264189841391e-06,6.9800250672559713e-07,1.1087166438079676e-06
6.5099999999999997e-05,7.869843013645154e-07,1.254109400106137e-06,6.9298220861545543e-07,1.1065216158328808e-06
6.5199999999999999e-05,7.8142357012034644e-07,1.2518005333231309e-06,6.8787553334546883e-07,1.1042239775474454e-06
6.5300000000000002e-05,7.7590018145255263e-07,1.2495043031841595e-06,6.8268401475160365e-07,1.1018248604936802e-06
6.5400000000000004e-05,7.7041841685480051e-07,1.2472250004266545e-06,6.7741083088332235e-07,1.0993270363041467e-06
6.5500000000000006e-05,7.6498230793034231e-07,1.2449667132691653e-06,6.7206088134810478e-07,1.0967350057708813e-06
6.5599999999999995e-05,7.5959562755611442e-07,1.24273331824173e-06,6.6664081913439189e-07,1.0940550424184544e-06
6.5699999999999998e-05,7.5426188083226982e-07,1.2405284706031052e-06,6.6115903435165681e-07,1.0912951876841132e-06
6.58e-05,7.4898429589240759e-07,1.2383555944139473e-06,6.5562558879699181e-07,1.0884651963006008e-06
6.5900000000000003e-05,7.4376581466809655e-07,1.2362178723546001e-06,6.5005210180127964e-07,1.0855764320514307e-06
6.6000000000000005e-05,7.3860908371881781e-07,1.234118235395036e-06,6.4445158937207412e-07,1.0826417156688259e-06
6.6100000000000007e-05,7.3351644525488639e-07,1.2320593524424182e-06,6.3883826017975988e-07,1.0796751282154831e-06
6.6199999999999996e-05,7.2848992849593216e-07,1.2300436201083799e-06,6.3322727337396988e-07,1.0766917747762166e-06
6.6299999999999999e-05,7.2353124152085323e-07,1.2280731527531649e-06,6.2763446451671562e-07,1.073707514631201e-06
6.6400000000000001e-05,7.1864176377651647e-07,1.2261497729769556e-06,6.2207604702929482e-07,1.0707386652394233e-06
6.6500000000000004e-05,7.1382253942161718e-07,1.2242750027397266e-06,6.1656829743058119e-07,1.0678016882864565e-06
6.6600000000000006e-05,7.0907427168880642e-07,1.2224500552996217e-06,6.1112723326082226e-07,1.0649128667100502e-06
6.6699999999999995e-05,7.043973184522258e-07,1.2206758281658607e-06,6.0576829291341519e-07,1.0620879819847417e-06
6.6799999999999997e-05,6.9979168918880384e-07,1.2189528972654047e-06,6.0050602662283154e-07,1.059342001007651e-06
6.69e-05,6.9525704351992975e-07,1.2172815125228603e-06,5.953538075764238e-07,1.0566887816783297e-06
6.7000000000000002e-05,6.9079269151530496e-07,1.2156615950502625e-06,5.9032357153891353e-07,1.0541408057125623e-06
6.7100000000000005e-05,6.8639759593286954e-07,1.2140927361373492e-06,5.8542559251915604e-07,1.0517089463919508e-06
6.7200000000000007e-05,6.820703765576289e-07,1.2125741982237082e-06,5.8066830089774534e-07,1.0494022778564248e-06
6.7299999999999996e-05,6.7780931678805861e-07,1.2111049180217069e-06,5.7605814910885326e-07,1.0472279312332308e-06
6.7399999999999998e-05,6.7361237260154965e-07,1.2096835119434662e-06,5.7159952847580111e-07,1.0451910014092518e-06
6.7500000000000001e-05,6.6947718401023611e-07,1.2083082839663992e-06,5.6729473918882655e-07,1.0432945066454224e-06
6.7600000000000003e-05,6.6540108909563579e-07,1.2069772360501184e-06,5.6314401374096594e-07,1.041539401558852e-06
6.7700000000000006e-05,6.6138114068506946e-07,1.2056880811930308e-06,5.5914559246226037e-07,1.0399246423184499e-06
6.7800000000000008e-05,6.5741412570501902e-07,1.2044382591898629e-06,5.5529584817109121e-07,1.038447301271249e-06
6.7899999999999997e-05,6.5349658721672659e-07,1.203224955121992e-06,5.5158945545083404e-07,1.0371027266961647e-06
6.7999999999999999e-05,6.4962484910775194e-07,1.2020451205810784e-06,5.4801959871156509e-07,1.0358847420208267e-06
6.8100000000000002e-05,6.4579504338022795e-07,1.2008954975934585e-06,5.4457821205603747e-07,1.0347858776821378e-06
6.8200000000000004e-05,6.4200313994257499e-07,1.1997726451784111e-06,5.4125624307471169e-07,1.0337976278994634e-06
6.8300000000000007e-05,6.3824497877684884e-07,1.198672968438184e-06,5.3804393207502307e-07,1.0329107239910141e-06
6.8399999999999996e-05,6.3451630431914241e-07,1.1975927500419757e-06,5.3493109792415847e-07,1.0321154155169797e-06
6.8499999999999998e-05,6.3081280185597033e-07,1.1965281839303604e-06,5.3190742166058402e-07,1.0314017504861789e-06
6.86e-05,6.2713013570578527e-07,1.1954754110313733e-06,5.2896271930448178e-07,1.0307598461133347e-06
6.8700000000000003e-05,6.234639889221822e-07,1.1944305567451402e-06,5.2608719585762706e-07,1.0301801421485186e-06
6.8800000000000005e-05,6.1981010422437987e-07,1.1933897699209954e-06,5.2327167330514148e-07,1.0296536295948419e-06
6.8900000000000008e-05,6.1616432583168683e-07,1.1923492630199467e-06,5.2050778648243472e-07,1.0291720486530752e-06
6.8999999999999997e-05,6.1252264185229761e-07,1.1913053531266371e-06,5.1778814190931921e-07,1.0287280509419948e-06
6.9099999999999999e-05,6.0888122685335423e-07,1.1902545034489907e-06,5.1510643607298279e-07,1.0283153223939483e-06
6.9200000000000002e-05,6.0523648421912524e-07,1.1891933649210234e-06,5.1245753111071659e-07,1.027928664666434e-06
6.9300000000000004e-05,6.0158508788779651e-07,1.1881188175052042e-06,5.0983748734784266e-07,1.0275640343883666e-06
6.9400000000000006e-05,5.9792402304503699e-07,1.1870280107756397e-06,5.0724355363213042e-07,1.0272185410205216e-06
6.9499999999999995e-05,5.9425062534451933e-07,1.1859184033525848e-06,5.0467411781988547e-07,1.0268904055022565e-06
6.9599999999999998e-05,5.9056261822217794e-07,1.1847878007526149e-06,5.0212862106193334e-07,1.0265788831311777e-06
6.97e-05,5.8685814787237898e-07,1.1836343912174741e-06,4.9960744066574983e-07,1.026284155237121e-06
6.9800000000000003e-05,5.8313581546051083e-07,1.1824567790883239e-06,4.9711174723578382e-07,1.0260071951290431e-06
6.9900000000000005e-05,5.793947061578812e-07,1.1812540153009916e-06,4.9464334248926993e-07,1.0257496144861005e-06
7.0000000000000007e-05,5.7563441460125982e-07,1.1800256245919129e-06,4.9220448458871351e-07,1.0255134968115795e-06
7.0099999999999996e-05,5.7185506640091682e-07,1.1787716290237757e-06,4.8979770801586122e-07,1.0253012247620374e-06
7.0199999999999999e-05,5.6805733534750166e-07,1.1774925674643735e-06,4.8742564493398188e-07,1.0251153081026036e-06
7.0300000000000001e-05,5.6424245599944105e-07,1.1761895106816829e-06,4.850908546561837e-07,1.0249582187329363e-06
7.0400000000000004e-05,5.604122313685043e-07,1.1748640717525686e-06,4.8279566727520504e-07,1.0248322386950928e-06
7.0500000000000006e-05,5.5656903546153608e-07,1.1735184115214623e-06,4.8054204674228149e-07,1.024739326340523e-06
7.0599999999999995e-05,5.527158104807654e-07,1.1721552388886e-06,4.7833147774314285e-07,1.0246810049321403e-06
7.0699999999999997e-05,5.4885605853319464e-07,1.1707778057545125e-06,4.7616487964767619e-07,1.0246582769274214e-06
7.08e-05,5.4499382775092512e-07,1.169389896498031e-06,4.7404254965051083e-07,1.0246715660725159e-06
7.0900000000000002e-05,5.4113369277840118e-07,1.1679958119185969e-06,4.7196413601854777e-07,1.0247206882799622e-06
7.1000000000000005e-05,5.3728072963895084e-07,1.1666003476296126e-06,4.6992864116506954e-07,1.0248048511088239e-06
7.1100000000000007e-05,5.3344048505107371e-07,1.1652087669473546e-06,4.6793445312384939e-07,1.0249226805600157e-06
7.1199999999999996e-05,5.2961894032410548e-07,1.163826768378987e-06,4.6597940294277244e-07,1.0250722728815319e-06
7.1299999999999998e-05,5.2582247002252916e-07,1.1624604478727951e-06,4.640608445927016e-07,1.0252512681849513e-06
7.1400000000000001e-05,5.2205779564765627e-07,1.1611162560532571e-06,4.6217575322539189e-07,1.0254569419360613e-06
7.1500000000000003e-05,5.1833193464400739e-07,1.1598009507222857e-06,4.6032083703873169e-07,1.0256863098227284e-06
7.1600000000000006e-05,5.1465214509479089e-07,1.1585215449652258e-06,4.5849265763561705e-07,1.0259362411381304e-06
7.1700000000000008e-05,5.1102586652574104e-07,1.1572852512552886e-06,4.5668775360263715e-07,1.0262035756552162e-06
7.1799999999999997e-05,5.0746065728855598e-07,1.1560994220023656e-06,4.5490276208689096e-07,1.0264852390093406e-06
7.1899999999999999e-05,5.0396412904361231e-07,1.1549714870409369e-06,4.5313453340524715e-07,1.0267783518415562e-06
7.2000000000000002e-05,5.0054387890588368e-07,1.1539088885964325e-06,4.5138023416469233e-07,1.0270803283710062e-06
7.2100000000000004e-05,4.9720741985745007e-07,1.1529190143093144e-06,4.4963743498198642e-07,1.0273889606382085e-06
7.2200000000000007e-05,4.9396211006407671e-07,1.152009128930792e-06,4.4790417963729038e-07,1.0277024853655304e-06
7.2299999999999996e-05,4.9081508176153735e-07,1.1511863053329198e-06,4.461790333462177e-07,1.0280196311839818e-06
7.2399999999999998e-05,4.8777317039918142e-07,1.1504573554984306e-06,4.4446110875171394e-07,1.0283396448427203e-06
7.25e-05,4.8484284474326928e-07,1.1498287621716325e-06,4.4275006918282778e-07,1.02866229591286e-06
7.2600000000000003e-05,4.8203013865049214e-07,1.1493066118607181e-06,4.4104610966384605e-07,1.0289878603836248e-06
7.2700000000000005e-05,4.7934058522254198e-07,1.1488965298836575e-06,4.3934991704722901e-07,1.0293170843924871e-06
7.2800000000000008e-05,4.7677915404542713e-07,1.1486036181443047e-06,4.3766261145344666e-07,1.0296511300985294e-06
7.2899999999999997e-05,4.7435019220229324e-07,1.1484323963123373e-06,4.359856718998635e-07,1.0299915063722879e-06
7.2999999999999999e-05,4.7205736972578208e-07,1.1483867470601855e-06,4.3432084956474609e-07,1.0303399875120721e-06
7.3100000000000001e-05,4.6990363012549368e-07,1.1484698659822232e-06,4.3267007254199374e-07,1.0306985235884308e-06
7.3200000000000004e-05,4.6789114658804549e-07,1.1486842167864189e-06,4.3103534618558162e-07,1.0310691462541855e-06
7.3300000000000006e-05,4.6602128440178646e-07,1.149031492306529e-06,4.2941865321413583e-07,1.0314538739318147e-06
7.3399999999999995e-05,4.6429457010574973e-07,1.1495125818341817e-06,4.2782185764780915e-07,1.0318546202050209e-06
7.3499999999999998e-05,4.6271066780333322e-07,1.1501275452151759e-06,4.2624661638960085e-07,1.0322731090051911e-06
7.36e-05,4.6126836301598996e-07,1.1508755940935373e-06,4.2469430185650501e-07,1.0327107998094948e-06
7.3700000000000002e-05,4.5996555438148471e-07,1.1517550806208574e-06,4.2316593853239899e-07,1.0331688255752908e-06
7.3800000000000005e-05,4.5879925342570716e-07,1.1527634938778366e-06,4.2166215567895685e-07,1.033647945547555e-06
7.3900000000000007e-05,4.5776559255736928e-07,1.153897464180421e-06,4.2018315773164526e-07,1.0341485144194596e-06
7.3999999999999996e-05,4.5685984135198288e-07,1.155152775365228e-06,4.1872871315494692e-07,1.0346704686284638e-06
7.4099999999999999e-05,4.5607643110618761e-07,1.1565243850688666e-06,4.1729816176600234e-07,1.0352133298613955e-06
7.4200000000000001e-05,4.5540898755670844e-07,1.1580064529341021e-06,4.1589043978986596e-07,1.0357762251496162e-06
7.4300000000000004e-05,4.5485037157094356e-07,1.1595923765934708e-06,4.1450412121187675e-07,1.0363579222884748e-06
7.4400000000000006e-05,4.5439272752941468e-07,1.1612748351987822e-06,4.1313747337020072e-07,1.0369568787364787e-06
7.4499999999999995e-05,4.5402753903506787e-07,1.1630458401838476e-06,4.1178852420727818e-07,1.0375713016622313e-06
7.4599999999999997e-05,4.5374569150172677e-07,1.1648967928686681e-06,4.1045513819155282e-07,1.0381992164266774e-06
7.47e-05,4.5353754109487743e-07,1.1668185484370691e-06,4.0913509764350943e-07,1.0388385405278213e-06
7.4800000000000002e-05,4.5339298942340101e-07,1.1688014857472854e-06,4.0782618606073094e-07,1.0394871599009681e-06
7.4900000000000005e-05,4.5330156331183017e-07,1.1708355823671083e-06,4.0652627003753843e-07,1.0401430044625786e-06
7.5000000000000007e-05,4.532524989200839e-07,1.1729104941627686e-06,4.0523337651189886e-07,1.040804119905224e-06
7.5099999999999996e-05,4.532348294222944e-07,1.1750156387144458e-06,4.039457623370371e-07,1.0414687329875017e-06
7.5199999999999998e-05,4.5323747540903454e-07,1.1771402817819775e-06,4.0266197355350246e-07,1.0421353079032222e-06
7.5300000000000001e-05,4.532493371386812e-07,1.179273626002566e-06,4.0138089221127354e-07,1.042802591741157e-06
7.5400000000000003e-05,4.532593877343832e-07,1.1814049009686752e-06,4.001017691393699e-07,1.0434696475415183e-06
7.5500000000000006e-05,4.5325676640362898e-07,1.1835234538093678e-06,3.9882424165876484e-07,1.0441358739958951e-06
7.5600000000000008e-05,4.5323087074807813e-07,1.1856188393824716e-06,3.9754833585742869e-07,1.0448010114001681e-06
7.5699999999999997e-05,4.5317144723237347e-07,1.1876809091784939e-06,3.9627445366907243e-07,1.0454651340324671e-06
7.5799999999999999e-05,4.5306867889219462e-07,1.1896998980403684e-06,3.9500334559426449e-07,1.0461286296671642e-06
7.5900000000000002e-05,4.5291326938381323e-07,1.1916665078160164e-06,3.9373607045106327e-07,1.0467921674308384e-06
7.6000000000000004e-05,4.5269652250971574e-07,1.193571987083361e-06,3.9247394402153447e-07,1.0474566556379951e-06
7.6100000000000007e-05,4.5241041639716066e-07,1.1954082061197208e-06,3.9121847885302535e-07,1.0481231915980602e-06
7.6199999999999995e-05,4.5204767155842261e-07,1.197167726329254e-06,3.8997131776570604e-07,1.0487930056483833e-06
7.6299999999999998e-05,4.5160181212237535e-07,1.1988438633929507e-06,3.887341638014977e-07,1.0494674018330699e-06
7.64e-05,4.5106721959631638e-07,1.2004307434651793e-06,3.8750870941974584e-07,1.0501476977105923e-06
7.6500000000000003e-05,4.5043917859374329e-07,1.2019233518084135e-06,3.8629656770220704e-07,1.0508351657347112e-06
7.6600000000000005e-05,4.4971391404727617e-07,1.2033175733328455e-06,3.8509920817886965e-07,1.0515309785179121e-06
7.6700000000000008e-05,4.4888861951509186e-07,1.2046102245893944e-06,3.8391789963576886e-07,1.0522361600622969e-06
7.6799999999999997e-05,4.4796147628305708e-07,1.2057990768522729e-06,3.8275366192916481e-07,1.0529515447422307e-06
7.6899999999999999e-05,4.4693166306208814e-07,1.2068828700198673e-06,3.816072284229345e-07,1.0536777454587469e-06
7.7000000000000001e-05,4.4579935617998256e-07,1.2078613171592042e-06,3.8047902020615842e-07,1.054415131976173e-06
7.7100000000000004e-05,4.4456572026786004e-07,1.2087350996186497e-06,3.7936913275534758e-07,1.0551638200128359e-06
7.7200000000000006e-05,4.4323288954222669e-07,1.2095058527345879e-06,3.7827733520120346e-07,1.0559236712095836e-06
7.7299999999999995e-05,4.4180393988334323e-07,1.2101761422594876e-06,3.7720308186365821e-07,1.0566943036596504e-06
7.7399999999999998e-05,4.4028285200785876e-07,1.21074943173981e-06,3.7614553525068993e-07,1.0574751122693171e-06
7.75e-05,4.3867446612743552e-07,1.2112300411714244e-06,3.7510359929393059e-07,1.0582652978457299e-06
7.7600000000000002e-05,4.3698442857426685e-07,1.2116230973563881e-06,3.7407596123278094e-07,1.0590639034908022e-06
7.7700000000000005e-05,4.3521913095795326e-07,1.2119344764769332e-06,3.7306114027128669e-07,1.05986985662852e-06
7.7800000000000007e-05,4.3338564249523794e-07,1.2121707394891516e-06,3.7205754092743695e-07,1.0606820148156566e-06
7.7899999999999996e-05,4.3149163622377156e-07,1.2123390610190821e-06,3.7106350887870717e-07,1.0614992133877049e-06
7.7999999999999999e-05,4.2954530987264035e-07,1.2124471525166534e-06,3.7007738708220755e-07,1.062320312973971e-06
7.8100000000000001e-05,4.275553022152378e-07,1.2125031804872982e-06,3.6909757001110017e-07,1.0631442449767747e-06
7.8200000000000003e-05,4.2553060577367746e-07,1.2125156806761648e-06,3.6812255399561633e-07,1.0639700532442646e-06
7.8300000000000006e-05,4.2348047677794662e-07,1.2124934691249884e-06,3.671509818785941e-07,1.0647969303675888e-06
7.8400000000000008e-05,4.2141434330712604e-07,1.212445551056215e-06,3.6618168048072478e-07,1.0656242472896238e-06
7.8499999999999997e-05,4.1934171255410943e-07,1.2123810285624475e-06,3.6521368970616339e-07,1.0664515752140273e-06
7.86e-05,4.1727207815931017e-07,1.2123090080913037e-06,3.6424628248986643e-07,1.0672786991346802e-06
7.8700000000000002e-05,4.1521482855295249e-07,1.2122385087162165e-06,3.6327897517793033e-07,1.0681056226542604e-06
7.8800000000000004e-05,4.1317915722988544e-07,1.2121783721724512e-06,3.6231152832510782e-07,1.0689325641109723e-06
7.8900000000000007e-05,4.1117397585574861e-07,1.2121371756148276e-06,3.6134393827370199e-07,1.0697599443714374e-06
7.8999999999999996e-05,4.0920783106914072e-07,1.2121231480195297e-06,3.6037642023043429e-07,1.0705883669618092e-06
7.9099999999999998e-05,4.0728882580167197e-07,1.2121440911074317e-06,3.5940938386937942e-07,1.0714185914868432e-06
7.9200000000000001e-05,4.0542454588697675e-07,1.2122073056110635e-06,3.5844340274849594e-07,1.0722515015184704e-06
7.9300000000000003e-05,4.0362199267152612e-07,1.2123195236424245e-06,3.5747917902606107e-07,1.0730880683134524e-06
7.9400000000000006e-05,4.018875222750862e-07,1.2124868478451518e-06,3.5651750509536778e-07,1.0739293118387381e-06
7.9500000000000008e-05,4.0022679207762521e-07,1.2127146979329908e-06,3.5555922381843789e-07,1.0747762606412094e-06
7.9599999999999997e-05,3.9864471493312403e-07,1.2130077651281738e-06,3.5460518903192725e-07,1.0756299120945509e-06
7.9699999999999999e-05,3.9714542152985939e-07,1.2133699749193154e-06,3.5365622792362323e-07,1.07649119449274e-06
7.9800000000000002e-05,3.9573223123210106e-07,1.2138044584600094e-06,3.5271310674129717e-07,1.0773609323423487e-06
7.9900000000000004e-05,3.9440763165058147e-07,1.2143135328277203e-06,3.5177650110456257e-07,1.0782398160398297e-06
8.0000000000000007e-05,3.9317326709937132e-07,1.2148986902591208e-06,3.5084697195466322e-07,1.0791283769146391e-06
8.0099999999999995e-05,3.9202993600572502e-07,1.2155605963740509e-06,3.4992494790748526e-07,1.0800269683833665e-06
8.0199999999999998e-05,3.9097759724784569e-07,1.2162990972970931e-06,3.4901071448389867e-07,1.0809357537045687e-06
8.03e-05,3.9001538530416062e-07,1.2171132354846617e-06,3.4810441039091217e-07,1.0818547005594739e-06
8.0400000000000003e-05,3.8914163400737125e-07,1.2180012739677498e-06,3.472060307299056e-07,1.0827835824209603e-06
8.0500000000000005e-05,3.8835390860803407e-07,1.2189607286272683e-06,3.4631543672588972e-07,1.0837219864220774e-06
8.0600000000000008e-05,3.8764904576650254e-07,1.2199884080313551e-06,3.4543237131553159e-07,1.0846693272059762e-06
8.0699999999999996e-05,3.8702320100947539e-07,1.2210804602831658e-06,3.4455647971076228e-07,1.0856248660385879e-06
8.0799999999999999e-05,3.8647190310890182e-07,1.2222324262543776e-06,3.4368733387704977e-07,1.0865877343014301e-06
8.0900000000000001e-05,3.8599011476732616e-07,1.2234392985147754e-06,3.4282445973650126e-07,1.0875569603584522e-06
8.1000000000000004e-05,3.8557229892563771e-07,1.2246955852124923e-06,3.4196736582926787e-07,1.0885314987118663e-06
8.1100000000000006e-05,3.8521248994733506e-07,1.2259953781132785e-06,3.4111557214391636e-07,1.0895102603280187e-06
8.1199999999999995e-05,3.8490436887851227e-07,1.2273324239710039e-06,3.4026863785714535e-07,1.0904921430252468e-06
8.1299999999999997e-05,3.8464134193548873e-07,1.2287001983756577e-06,3.3942618680295981e-07,1.0914760608687136e-06
8.14e-05,3.8441662133298556e-07,1.2300919812095679e-06,3.3858792961593326e-07,1.0924609716087235e-06
8.1500000000000002e-05,3.8422330753558858e-07,1.231500932837352e-06,3.3775368165618179e-07,1.0934459013232758e-06
8.1600000000000005e-05,3.8405447199449907e-07,1.2329201701600907e-06,3.369233760174116e-07,1.094429965576609e-06
8.1700000000000007e-05,3.8390323942075264e-07,1.2343428416790979e-06,3.3609707113481997e-07,1.0954123865755548e-06
8.1799999999999996e-05,3.8376286864561367e-07,1.2357622007390419e-06,3.3527495273783566e-07,1.0963925059873804e-06
8.1899999999999999e-05,3.8362683112908395e-07,1.2371716761535473e-06,3.3445733012399249e-07,1.0973697932683753e-06
8.2000000000000001e-05,3.8348888619864636e-07,1.2385649394581566e-06,3.3364462695524671e-07,1.0983438495343176e-06
8.2100000000000003e-05,3.8334315213264673e-07,1.2399359680850154e-06,3.3283736698854477e-07,1.0993144071747815e-06
8.2200000000000006e-05,3.8318417224611661e-07,1.2412791038100455e-06,3.3203615534026656e-07,1.100281325566952e-06
8.2300000000000008e-05,3.8300697519124503e-07,1.2425891058859663e-06,3.3124165604290885e-07,1.1012445833755994e-06
8.2399999999999997e-05,3.8280712874984601e-07,1.2438611983424043e-06,3.3045456677697855e-07,1.1022042680297715e-06
8.25e-05,3.8258078647061359e-07,1.2450911110066657e-06,3.29675591747712e-07,1.103160563041431e-06
8.2600000000000002e-05,3.8232472658912046e-07,1.2462751138746598e-06,3.2890541372315785e-07,1.1041137338735047e-06
8.2700000000000004e-05,3.8203638276261135e-07,1.2474100445400544e-06,3.2814466625688509e-07,1.1050641130766209e-06
8.2800000000000007e-05,3.817138662537393e-07,1.2484933284701587e-06,3.2739390708654486e-07,1.1060120853936964e-06
8.2899999999999996e-05,3.8135597930634809e-07,1.2495229919984364e-06,3.2665359363122408e-07,1.1069580734839921e-06
8.2999999999999998e-05,3.8096221957093858e-07,1.250497667985089e-06,3.2592406141044179e-07,1.1079025248451382e-06
8.3100000000000001e-05,3.8053277555610258e-07,1.2514165941780883e-06,3.2520550608043085e-07,1.1088459004172966e-06
8.3200000000000003e-05,3.8006851320337483e-07,1.2522796043865627e-06,3.2449796963544085e-07,1.1097886652439483e-06
8.3300000000000005e-05,3.7957095380490615e-07,1.2530871126559194e-06,3.2380133115951212e-07,1.1107312814424018e-06
8.3400000000000008e-05,3.7904224360427677e-07,1.2538400907087914e-06,3.231153023443775e-07,1.1116742036106155e-06
8.3499999999999997e-05,3.7848511553874298e-07,1.2545400389872487e-06,3.2243942781880336e-07,1.1126178766709106e-06
8.3599999999999999e-05,3.7790284369430201e-07,1.2551889516991208e-06,3.2177309017014487e-07,1.113562736029508e-06
8.3700000000000002e-05,3.7729919115122402e-07,1.2557892763342013e-06,3.2111551938640458e-07,1.1145092098199861e-06
8.3800000000000004e-05,3.7667835199521634e-07,1.2563438681740562e-06,3.2046580631175142e-07,1.1154577229015447e-06
8.3900000000000006e-05,3.7604488835632889e-07,1.2568559403716561e-06,3.1982291959478067e-07,1.1164087022037324e-06
8.3999999999999995e-05,3.7540366341234875e-07,1.2573290102236874e-06,3.1918572551999315e-07,1.117362582949617e-06
8.4099999999999998e-05,3.7475977135421342e-07,1.2577668422987683e-06,3.185530100512823e-07,1.118319815251977e-06
8.42e-05,3.7411846535652941e-07,1.2581733891185003e-06,3.1792350238262445e-07,1.119280870561605e-06
8.4300000000000003e-05,3.7348508462550069e-07,1.2585527301150482e-06,3.1729589928547606e-07,1.1202462474538981e-06
8.4400000000000005e-05,3.7286498160858929e-07,1.2589090096083711e-06,3.1666888956349342e-07,1.1212164762676033e-06
8.4500000000000008e-05,3.7226345044451944e-07,1.2592463745581278e-06,3.1604117797064883e-07,1.1221921221568445e-06
8.4599999999999996e-05,3.7168565770856433e-07,1.2595689128493268e-06,3.1541150801572581e-07,1.1231737861810904e-06
8.4699999999999999e-05,3.7113657646656692e-07,1.2598805928668371e-06,3.1477868316065489e-07,1.1241621041350149e-06
8.4800000000000001e-05,3.7062092459232981e-07,1.260185205101742e-06,3.1414158601791455e-07,1.1251577429071963e-06
8.4900000000000004e-05,3.701431082277111e-07,1.2604863065120726e-06,3.1349919525866447e-07,1.1261613942502424e-06
8.5000000000000006e-05,3.6970717117419752e-07,1.2607871683317001e-06,3.1285060005373048e-07,1.1271737659407224e-06
8.5100000000000009e-05,3.6931675090043911e-07,1.2610907279840757e-06,3.1219501197929366e-07,1.1281955704022751e-06
8.5199999999999997e-05,3.6897504173408023e-07,1.2613995457122279e-06,3.115317744238895e-07,1.1292275109551499e-06
8.53e-05,3.6868476568036425e-07,1.261715766483112e-06,3.1086036962902301e-07,1.1302702659377055e-06
8.5400000000000002e-05,3.6844815117680961e-07,1.2620410876634062e-06,3.1018042357909159e-07,1.1313244710173909e-06
8.5500000000000005e-05,3.6826691995533728e-07,1.2623767328955085e-06,3.0949170902446491e-07,1.1323907000675567e-06
8.5600000000000007e-05,3.6814228204329813e-07,1.2627234325273899e-06,3.0879414697274233e-07,1.1334694450313835e-06
8.5699999999999996e-05,3.6807493879570466e-07,1.2630814108687051e-06,3.0808780701602776e-07,1.1345610952240143e-06
8.5799999999999998e-05,3.6806509371542544e-07,1.2634503804589517e-06,3.0737290687605032e-07,1.1356659165380106e-06
8.5900000000000001e-05,3.681124706889183e-07,1.2638295434423913e-06,3.0664981154470276e-07,1.1367840310162309e-06
8.6000000000000003e-05,3.6821633914489563e-07,1.2642176000499409e-06,3.0591903237592509e-07,1.1379153972407333e-06
8.6100000000000006e-05,3.6837554553458415e-07,1.2646127640914546e-06,3.0518122644752974e-07,1.1390597919575324e-06
8.6200000000000008e-05,3.6858855043716755e-07,1.2650127852639916e-06,3.0443719646093705e-07,1.1402167933172271e-06
8.6299999999999997e-05,3.6885347051446908e-07,1.2654149779841898e-06,3.0368789138535845e-07,1.1413857660616291e-06
8.6399999999999999e-05,3.6916812447647852e-07,1.265816256357156e-06,3.0293440798372069e-07,1.1425658489304749e-06
8.6500000000000002e-05,3.6953008217507878e-07,1.266213174801849e-06,3.0217799328383126e-07,1.1437559445002812e-06
8.6600000000000004e-05,3.6993671591796866e-07,1.2666019737653052e-06,3.0142004798280144e-07,1.144954711604236e-06
8.6700000000000007e-05,3.7038525308854285e-07,1.2669786298767884e-06,3.0066213069905655e-07,1.1461605604179144e-06
8.6799999999999996e-05,3.7087282917013057e-07,1.267338909819546e-06,2.9990596291685843e-07,1.1473716502337505e-06
8.6899999999999998e-05,3.7139654030380848e-07,1.2676784271338187e-06,2.9915343440599495e-07,1.1485858898900976e-06
8.7000000000000001e-05,3.7195349455681772e-07,1.2679927011114184e-06,2.9840660884635343e-07,1.1498009407680916e-06
8.7100000000000003e-05,3.7254086114185782e-07,1.2682772169008656e-06,2.9766772934504222e-07,1.1510142222250888e-06
8.7200000000000005e-05,3.7315591690421714e-07,1.2685274859138334e-06,2.9693922350427138e-07,1.1522229192962745e-06
8.7300000000000008e-05,3.737960894815418e-07,1.2687391056094054e-06,2.9622370768159983e-07,1.153423992467667e-06
8.7399999999999997e-05,3.744589966374665e-07,1.2689078177331188e-06,2.9552399008134884e-07,1.154614189304123e-06
8.7499999999999999e-05,3.7514248137257629e-07,1.2690295641033788e-06,2.9484307232608925e-07,1.1557900577049422e-06
8.7600000000000002e-05,3.7584464252134345e-07,1.2691005390687556e-06,2.9418414918017049e-07,1.1569479605569187e-06
8.7700000000000004e-05,3.7656386064889114e-07,1.2691172378058369e-06,2.9355060613154676e-07,1.1580840915594144e-06
8.7800000000000006e-05,3.7729881916379206e-07,1.2690764996882628e-06,2.9294601458299857e-07,1.159194492006908e-06
8.7899999999999995e-05,3.7804852065990712e-07,1.268975546032617e-06,2.9237412445684684e-07,1.160275068331475e-06
8.7999999999999998e-05,3.7881229858898458e-07,1.2688120116149727e-06,2.9183885407720946e-07,1.1613216102278229e-06
8.81e-05,3.7958982444417928e-07,1.2685839694517457e-06,2.9134427725820409e-07,1.1623298092070692e-06
8.8200000000000003e-05,3.8038111070095727e-07,1.2682899484485448e-06,2.9089460759359912e-07,1.1632952774503616e-06
8.8300000000000005e-05,3.8118650981461628e-07,1.2679289436390212e-06,2.9049418001095661e-07,1.1642135668581779e-06
8.8400000000000007e-05,3.8200670961192767e-07,1.2675004188602712e-06,2.9014742971950444e-07,1.16508018821524e-06
8.8499999999999996e-05,3.8284272543774683e-07,1.2670043018398471e-06,2.8985886874379567e-07,1.1658906304126476e-06
8.8599999999999999e-05,3.8369588942593204e-07,1.2664409717994948e-06,2.8963306029326389e-07,1.1666403796877351e-06
8.8700000000000001e-05,3.845678372581506e-07,1.2658112398098357e-06,2.8947459126939808e-07,1.1673249388570102e-06
8.8800000000000004e-05,3.8546049275524671e-07,1.2651163222558381e-06,2.8938804325638297e-07,1.1679398465285361e-06
8.8900000000000006e-05,3.8637605061537379e-07,1.2643578078925384e-06,2.8937796237675589e-07,1.1684806962862249e-06
8.9000000000000008e-05,3.8731695757304339e-07,1.2635376190816328e-06,2.894488284203109e-07,1.1689431558400465e-06
8.9099999999999997e-05,3.8828589220597964e-07,1.2626579678999694e-06,2.8960502367158205e-07,1.1693229861333934e-06
8.92e-05,3.8928574356480536e-07,1.261721307898489e-06,2.8985080186900235e-07,1.1696160603913244e-06
8.9300000000000002e-05,3.9031958874695294e-07,1.260730282362957e-06,2.9019025772703899e-07,1.1698183830825773e-06
8.9400000000000005e-05,3.9139066948368271e-07,1.2596876699842824e-06,2.9062729744185674e-07,1.1699261087538103e-06
8.9500000000000007e-05,3.9250236776059076e-07,1.258596328885133e-06,2.911656105818949e-07,1.1699355606776448e-06
8.9599999999999996e-05,3.9365818045027595e-07,1.2574591399700648e-06,2.9180864373778244e-07,1.1698432492377273e-06
8.9699999999999998e-05,3.9486169290341678e-07,1.2562789505680191e-06,2.9255957627236897e-07,1.1696458899540646e-06
8.9800000000000001e-05,3.9611655142361966e-07,1.2550585193188016e-06,2.9342129847200772e-07,1.1693404210327924e-06
8.9900000000000003e-05,3.9742643454379919e-07,1.2538004632194189e-06,2.9439639235612487e-07,1.1689240203053052e-06
9.0000000000000006e-05,3.9879502302882405e-07,1.2525072076927536e-06,2.9548711535405741e-07,1.1683941214047097e-06
9.0100000000000008e-05,4.0022596855141338e-07,1.2511809404712464e-06,2.9669538700801272e-07,1.1677484290126888e-06
9.0199999999999997e-05,4.0172286102588493e-07,1.2498235700036289e-06,2.9802277880933224e-07,1.1669849329980369e-06
9.0299999999999999e-05,4.03289194636764e-07,1.2484366889953358e-06,2.9947050722355916e-07,1.1661019212600898e-06
9.0400000000000002e-05,4.0492833266525888e-07,1.2470215435852443e-06,3.0103942990902135e-07,1.1650979910863318e-06
9.0500000000000004e-05,4.0664347129429862e-07,1.2455790085454294e-06,3.0273004508485864e-07,1.1639720588339385e-06
9.0600000000000007e-05,4.0843760265977552e-07,1.2441095687693457e-06,3.045424939584679e-07,1.162723367750445e-06
9.0699999999999996e-05,4.1031347750879611e-07,1.2426133071901522e-06,3.0647656608021906e-07,1.1613514937587511e-06
9.0799999999999998e-05,4.1227356792165787e-07,1.2410898991475836e-06,3.085317074556201e-07,1.1598563490468541e-06
9.09e-05,4.1432003064909418e-07,1.2395386131017709e-06,3.1070703121245364e-07,1.1582381833221619e-06
9.1000000000000003e-05,4.164546717059819e-07,1.2379583174784077e-06,3.130013305934574e-07,1.1564975826144229e-06
9.1100000000000005e-05,4.1867891294300709e-07,1.2363474933242259e-06,3.1541309402398537e-07,1.1546354655392084e-06
9.1200000000000008e-05,4.2099376138457148e-07,1.2347042523572158e-06,3.1794052198908512e-07,1.152653076965365e-06
9.1299999999999997e-05,4.2339978217053404e-07,1.2330263599143567e-06,3.205815454456743e-07,1.1505519790640685e-06
9.1399999999999999e-05,4.2589707596757405e-07,1.2313112622324993e-06,3.2333384549276231e-07,1.1483340397534553e-06
9.1500000000000001e-05,4.2848526171988664e-07,1.2295561174466108e-06,3.2619487402585921e-07,1.1460014185906322e-06
9.1600000000000004e-05,4.3116346558602681e-07,1.2277578296546884e-06,3.2916187511045229e-07,1.1435565502008761e-06
9.1700000000000006e-05,4.339303168572109e-07,1.22591308538051e-06,3.3223190682313088e-07,1.141002125371916e-06
9.1799999999999995e-05,4.3678395157130107e-07,1.2240183917638767e-06,3.3540186332713554e-07,1.1383410699777631e-06
9.1899999999999998e-05,4.3972202442601327e-07,1.2220701158224455e-06,3.3866849697103047e-07,1.1355765219313481e-06
9.2e-05,4.4274172945554007e-07,1.220064524158543e-06,3.4202844022405118e-07,1.1327118063968263e-06
9.2100000000000003e-05,4.4583982976874406e-07,1.2179978225269862e-06,3.4547822728858457e-07,1.1297504095208215e-06
9.2200000000000005e-05,4.4901269645728567e-07,1.2158661947340183e-06,3.4901431525847386e-07,1.1266959509655918e-06
9.2300000000000007e-05,4.5225635657245204e-07,1.2136658404007898e-06,3.5263310472014274e-07,1.1235521555463366e-06
9.2399999999999996e-05,4.5556654984483757e-07,1.2113930111949403e-06,3.5633095972145047e-07,1.1203228242881899e-06
9.2499999999999999e-05,4.5893879358700555e-07,1.2090440452081645e-06,3.601042270594222e-07,1.1170118052268462e-06
9.2600000000000001e-05,4.623684549820818e-07,1.2066153992334659e-06,3.6394925486201963e-07,1.1136229642784986e-06
9.2700000000000004e-05,4.6585082972762528e-07,1.2041036787704496e-06,3.6786241046009667e-07,1.1101601565009387e-06
9.2800000000000006e-05,4.6938122578114589e-07,1.2015056656578905e-06,3.7184009756299464e-07,1.106627198058057e-06
9.2900000000000008e-05,4.7295505074842657e-07,1.19881834329749e-06,3.7587877276434638e-07,1.1030278391845345e-06
9.2999999999999997e-05,4.7656790127538401e-07,1.1960389194891167e-06,3.7997496141340499e-07,1.0993657384268269e-06
9.31e-05,4.8021565265525431e-07,1.1931648469440242e-06,3.8412527289115975e-07,1.0956444384116131e-06
9.3200000000000002e-05,4.8389454675153374e-07,1.1901938415771891e-06,3.8832641532975739e-07,1.0918673433631703e-06
9.3300000000000005e-05,4.8760127626866802e-07,1.1871238987020365e-06,3.9257520980855465e-07,1.0880376985591865e-06
9.3400000000000007e-05,4.9133306338132866e-07,1.1839533072599217e-06,3.968686040504848e-07,1.0841585718791731e-06
9.3499999999999996e-05,4.9508773076241647e-07,1.180680662212894e-06,4.0120368562917855e-07,1.0802328375635167e-06
9.3599999999999998e-05,4.9886376313156619e-07,1.1773048752120047e-06,4.0557769468068977e-07,1.0762631622643818e-06
9.3700000000000001e-05,5.0266035758032085e-07,1.1738251836258285e-06,4.0998803609471549e-07,1.0722519934330273e-06
9.3800000000000003e-05,5.0647746111621951e-07,1.1702411579764663e-06,4.1443229113958943e-07,1.0682015500531881e-06
9.3900000000000006e-05,5.1031579410315307e-07,1.1665527077851041e-06,4.1890822845383984e-07,1.0641138156970566e-06
9.4000000000000008e-05,5.1417685855533809e-07,1.1627600857785341e-06,4.2341381431599906e-07,1.0599905338506145e-06
9.4099999999999997e-05,5.1806293056143785e-07,1.158863890354569e-06,4.2794722208416114e-07,1.0558332054285735e-06
9.4199999999999999e-05,5.2197703646672104e-07,1.1548650661508679e-06,4.3250684067881578e-07,1.0516430883771523e-06
9.4300000000000002e-05,5.259229128163997e-07,1.1507649025112814e-06,4.3709128196721485e-07,1.0474211992450069e-06
9.4400000000000004e-05,5.299049504531413e-07,1.1465650295994271e-06,4.4169938689620235e-07,1.0431683165900337e-06
9.4500000000000007e-05,5.33928123556094e-07,1.1422674118736765e-06,4.4633023021320617e-07,1.0388849860811763e-06
9.4599999999999996e-05,5.3799790479700209e-07,1.1378743386137413e-06,4.5098312361295188e-07,1.034571527151027e-06
9.4699999999999998e-05,5.4212016816021158e-07,1.1333884111789364e-06,4.5565761715046972e-07,1.030228041055672e-06
9.48e-05,5.4630108131684397e-07,1.12881252668392e-06,4.603534987696189e-07,1.0258544202028217e-06
9.4900000000000003e-05,5.505469897487163e-07,1.1241498578006785e-06,4.650707918103772e-07,1.0214503586169739e-06
9.5000000000000005e-05,5.5486429507508063e-07,1.1194038284366035e-06,4.6980975037781755e-07,1.0170153634208425e-06
9.5100000000000008e-05,5.5925933023629408e-07,1.1145780850979303e-06,4.7457085248033223e-07,1.0125487672245383e-06
9.5199999999999997e-05,5.6373823432582297e-07,1.1096764638251153e-06,4.7935479087410489e-07,1.0080497413266795e-06
9.5299999999999999e-05,5.6830682992980122e-07,1.1047029526807825e-06,4.8416246158435252e-07,1.0035173096452166e-06
9.5400000000000001e-05,5.7297050582780975e-07,1.0996616498798478e-06,4.88994950110682e-07,9.9895036330773229e-07
9.5500000000000004e-05,5.7773410782768824e-07,1.0945567177728562e-06,4.9385351536344996e-07,9.9434767584206848e-07
9.5600000000000006e-05,5.8260184035122427e-07,1.0893923330243238e-06,4.9873957141899698e-07,9.8970791891658828e-07
9.5700000000000009e-05,5.8757718115884188e-07,1.0841726334643802e-06,5.0365466722346151e-07,9.8502967858506384e-07
9.5799999999999998e-05,5.9266281130445397e-07,1.0789016622301408e-06,5.0860046441634949e-07,9.8031147199380974e-07
9.59e-05,5.9786056205307065e-07,1.0735833099486281e-06,5.1357871348524528e-07,9.7555176450746439e-07
9.6000000000000002e-05,6.031713800821542e-07,1.0682212558411113e-06,5.1859122850100098e-07,9.707489872051192e-07
9.6100000000000005e-05,6.0859531183344984e-07,1.0628189087447294e-06,5.2363986071762242e-07,9.6590155469003164e-07
9.6200000000000007e-05,6.1413150739694359e-07,1.0573793491466724e-06,5.287264713518847e-07,9.6100788314470149e-07
9.6299999999999996e-05,6.1977824380580461e-07,1.0519052734046251e-06,5.3385290388390983e-07,9.5606640854818125e-07
9.6399999999999999e-05,6.2553296711454451e-07,1.0463989413806741e-06,5.390209562407122e-07,9.51075604955767e-07
9.6500000000000001e-05,6.3139235213655251e-07,1.0408621287409907e-06,5.4423235323959032e-07,9.4603400272261442e-07
9.6600000000000003e-05,6.3735237824603234e-07,1.0352960851675674e-06,5.4948871967699007e-07,9.4094020653343119e-07
9.6700000000000006e-05,6.4340841921717829e-07,1.029701499689094e-06,5.5479155445035072e-07,9.3579291308128321e-07
9.6800000000000008e-05,6.4955534469334157e-07,1.0240784742645874e-06,5.6014220609596094e-07,9.3059092822046399e-07
9.6899999999999997e-05,6.5578763056288235e-07,1.018426506645518e-06,5.6554185011433368e-07,9.2533318340219003e-07
9.7e-05,6.6209947527665407e-07,1.0127444834007149e-06,5.7099146843657389e-07,9.2001875118903988e-07
9.7100000000000002e-05,6.6848491898289445e-07,1.0070306838151977e-06,5.7649183136081001e-07,9.1464685963455001e-07
9.7200000000000004e-05,6.7493796228470784e-07,1.0012827951721734e-06,5.820434822569796e-07,9.0921690530991626e-07
9.7300000000000007e-05,6.8145268144675455e-07,9.9549793970064054e-07,5.8764672530211842e-07,9.0372846476013864e-07
9.7399999999999996e-05,6.8802333699197465e-07,9.8967271322415101e-07,5.9330161646658432e-07,8.9818130417823975e-07
9.7499999999999998e-05,6.9464447283412464e-07,9.8380323528492515e-07,5.9900795792569548e-07,8.9257538709817367e-07
9.7600000000000001e-05,7.0131100338276028e-07,9.7788521024793133e-07,6.0476529602101999e-07,8.8691087992513564e-07
9.7700000000000003e-05,7.0801828642651993e-07,9.7191399861858871e-07,6.1057292284248433e-07,8.8118815514591524e-07
9.7800000000000006e-05,7.1476218003805735e-07,9.6588469754252885e-07,6.1642988144659273e-07,8.7540779209119359e-07
9.7900000000000008e-05,7.2153908223733968e-07,9.5979222920367371e-07,6.2233497466902779e-07,8.6957057515622442e-07
9.7999999999999997e-05,7.2834595268496041e-07,9.5363143560500182e-07,6.2828677743200298e-07,8.6367748942462552e-07
9.8099999999999999e-05,7.3518031623764921e-07,9.473971780117194e-07,6.3428365238914239e-07,8.5772971368210775e-07
9.8200000000000002e-05,7.4204024876732264e-07,9.4108443916566193e-07,6.4032376869457037e-07,8.5172861085106478e-07
9.8300000000000004e-05,7.4892434620514974e-07,9.3468842624838984e-07,6.4640512362868164e-07,8.4567571592243392e-07
9.8400000000000007e-05,7.5583167830553872e-07,9.282046724835733e-07,6.52525566762617e-07,8.3957272150659687e-07
9.8499999999999995e-05,7.62761729114462e-07,9.2162913523076228e-07,6.5868282629679643e-07,8.3342146116954822e-07
9.8599999999999998e-05,7.6971432655597548e-07,9.1495828843520046e-07,6.6487453716779018e-07,8.2722389076236464e-07
9.87e-05,7.7668956390553249e-07,9.0818920736336302e-07,6.7109827048275043e-07,8.2098206799061521e-07
9.8800000000000003e-05,7.8368771618622721e-07,9.0131964367136885e-07,6.7735156381267964e-07,8.1469813050428837e-07
9.8900000000000005e-05,7.9070915469437852e-07,8.9434808902190397e-07,6.8363195185572379e-07,8.0837427281743954e-07
9.9000000000000008e-05,7.9775426292676406e-07,8.8727382568192831e-07,6.8993699697010133e-07,8.0201272238917458e-07
9.9099999999999996e-05,8.0482335713934606e-07,8.8009696279393472e-07,6.9626431907386981e-07,7.9561571521334218e-07
9.9199999999999999e-05,8.1191661461594884e-07,8.7281845731233225e-07,7.0261162441585334e-07,7.89185471272744e-07
9.9300000000000001e-05,8.1903401246791237e-07,8.6544011892681535e-07,7.0897673273891056e-07,7.8272417021514981e-07
9.9400000000000004e-05,8.261752794286833e-07,8.5796459864856973e-07,7.1535760238338406e-07,7.7623392760225886e-07
9.9500000000000006e-05,8.3333986266029119e-07,8.5039536110416753e-07,7.2175235291489921e-07,7.697167720697776e-07
9.9600000000000009e-05,8.4052691106459467e-07,8.4273664095676165e-07,7.2815928490625619e-07,7.6317462371721182e-07
9.9699999999999998e-05,8.4773527600669803e-07,8.3499338424502512e-07,7.3457689655716342e-07,7.5660927402016696e-07
9.98e-05,8.5496352972905642e-07,8.2717117578745015e-07,7.4100389689751413e-07,7.5002236752726451e-07
9.9900000000000002e-05,8.6221000108235632e-07,8.192761541335242e-07,7.4743921538812943e-07,7.4341538556831671e-07
0.0001,8.694728275444119e-07,8.1131491584478108e-07,7.5388200780658951e-07,7.3678963216181808e-07
0.00010010000000000001,8.7675002186276244e-07,8.0329441114933397e-07,7.6033165838297834e-07,7.3014622226875897e-07
0.0001002,8.8403955106205134e-07,7.9522183322577179e-07,7.6678777822953146e-07,7.2348607249745569e-07
0.0001003,8.913394250245015e-07,7.8710450352993862e-07,7.7325020018739371e-07,7.1680989432146177e-07
0.0001004,8.9864779140029093e-07,7.7894975567625155e-07,7.7971897029105589e-07,7.1011818983094271e-07
0.0001005,9.0596303325167968e-07,7.707648204205227e-07,7.8619433612436263e-07,7.0341124999782403e-07
0.00010060000000000001,9.1328386559489996e-07,7.6255671426210462e-07,7.9267673240942283e-07,6.9668915539761323e-07
0.00010070000000000001,9.2060942688838247e-07,7.5433213408972357e-07,7.9916676422931081e-07,6.8995177929678801e-07
0.0001008,9.2793936153240573e-07,7.4609736013952686e-07,8.0566518833537296e-07,6.8319879298450157e-07
0.0001009,9.3527388959718397e-07,7.3785816931933994e-07,8.1217289302841527e-07,6.7642967320167638e-07
0.000101,9.4261386028294031e-07,7.2961976068531463e-07,8.1869087712901787e-07,6.6964371149968164e-07
0.0001011,9.4996078603141482e-07,7.2138669454297258e-07,8.2522022856439516e-07,6.6284002534455327e-07
0.00010120000000000001,9.5731685474397473e-07,7.1316284629245921e-07,8.3176210309696948e-07,6.5601757077163171e-07
0.0001013,9.6468491820327582e-07,7.0495137575710868e-07,8.3831770370275289e-07,6.4917515638885265e-07
0.0001014,9.72068455525729e-07,6.9675471233557527e-07,8.4488826107614406e-07,6.4231145852477983e-07
0.0001015,9.7947151126987126e-07,6.8857455591182259e-07,8.5147501569195923e-07,6.3542503731944002e-07
0.0001016,9.8689860866735636e-07,6.8041189305549328e-07,8.5807920179679397e-07,6.2851435356126814e-07
0.00010170000000000001,9.9435463930281899e-07,6.7226702765887796e-07,8.6470203363143227e-07,6.2157778608188236e-07
0.00010180000000000001,1.001844731418966e-06,6.6413962479679858e-07,8.7134469410585461e-07,6.1461364953091906e-07
0.0001019,1.0093740998362405e-06,6.5602876627244677e-07,8.7800832606056744e-07,6.0762021236563878e-07
0.000102,1.0169478812247063e-06,6.4793301603482458e-07,8.8469402615529355e-07,6.0059571490302091e-07
0.0001021,1.0245709591232788e-06,6.3985049342986413e-07,8.9140284133094137e-07,5.935383872961075e-07
0.0001022,1.0322477836438516e-06,6.3177895208400303e-07,8.9813576769640335e-07,5.8644646730959563e-07
0.00010230000000000001,1.0399821912040876e-06,6.2371586212063962e-07,9.0489375160115442e-07,5.793182177826645e-07
0.0001024,1.0477772298850294e-06,6.1565849337926343e-07,9.1167769257075098e-07,5.7215194367865524e-07
0.0001025,1.0556349960950686e-06,6.0760399734494931e-07,9.184884477081531e-07,5.6494600863132067e-07
0.0001026,1.0635564881318343e-06,5.9954948560102787e-07,9.2532683710216065e-07,5.5769885090592422e-07
0.0001027,1.0715414819651274e-06,5.9149210278681262e-07,9.3219364973740008e-07,5.5040899869985206e-07
0.00010280000000000001,1.0795884341196379e-06,5.8342909226999468e-07,9.3908964937026264e-07,5.430750847120039e-07
0.00010290000000000001,1.0876944159238497e-06,5.7535785302266547e-07,9.4601557982412198e-07,5.3569585991293785e-07
0.000103,1.0958550826248324e-06,5.6727598651215856e-07,9.5297216916495244e-07,5.2827020644855478e-07
0.0001031,1.1040646799663403e-06,5.5918133277299816e-07,9.5996013224700744e-07,5.2079714960950922e-07
0.0001032,1.1123160898133417e-06,5.510719952030256e-07,9.6698017116606079e-07,5.1327586879673904e-07
0.0001033,1.1206009153075199e-06,5.4294635401339343e-07,9.7403297322512651e-07,5.0570570741069286e-07
0.00010340000000000001,1.1289096048866481e-06,5.3480306864629054e-07,9.8111920610195399e-07,4.980861815887978e-07
0.00010350000000000001,1.137231613329678e-06,5.2664106984373266e-07,9.8823951000840499e-07,4.9041698771252909e-07
0.0001036,1.1455555968342239e-06,5.1845954239362064e-07,9.9539448674454423e-07,4.826980086027275e-07
0.0001037,1.1538696380296166e-06,5.1025789988439448e-07,1.0025846856735909e-06,4.7492931832009973e-07
0.0001038,1.1621614958120059e-06,5.0203575305696266e-07,1.0098105867725909e-06,4.6711118548740548e-07
0.0001039,1.1704188739915624e-06,4.9379287354357103e-07,1.0170725810452643e-06,4.5924407505105326e-07
0.00010400000000000001,1.1786297019963351e-06,4.8552915492102682e-07,1.0243709487122962e-06,4.5132864840332816e-07
0.0001041,1.186782420309607e-06,4.7724457307529982e-07,1.0317058357173595e-06,4.4336576179215258e-07
0.0001042,1.1948662629497253e-06,4.6893914787324956e-07,1.0390772291997194e-06,4.3535646295361249e-07
0.0001043,1.2028715291499525e-06,4.6061290806455985e-07,1.0464849326812286e-06,4.273019859135655e-07
0.0001044,1.2107898364712138e-06,4.5226586119473312e-07,1.0539285417952494e-06,4.1920374391836082e-07
0.00010450000000000001,1.2186143478863917e-06,4.4389797010230437e-07,1.0614074214416149e-06,4.1106332047129861e-07
0.00010460000000000001,1.2263399659077858e-06,4.3550913730657093e-07,1.068920685284112e-06,4.0288245847043753e-07
0.0001047,1.2339634875792379e-06,4.2709919827441391e-07,1.076467178512014e-06,3.9466304746490478e-07
0.0001048,1.2414837151041092e-06,4.1866792419630922e-07,1.0840454647636746e-06,3.8640710907029026e-07
0.0001049,1.2489015180061537e-06,4.1021503451398718e-07,1.0916538180571326e-06,3.7811678060891872e-07
0.000105,1.256219843992895e-06,4.0174021903814104e-07,1.0992902204905707e-06,3.6979429706720667e-07
0.00010510000000000001,1.2634436770756695e-06,3.9324316908760459e-07,1.1069523663651567e-06,3.6144197148943045e-07
0.0001052,1.2705799429583079e-06,3.8472361668536719e-07,1.1146376732460172e-06,3.5306217395454166e-07
0.0001053,1.2776373631955257e-06,3.7618138047540031e-07,1.1223433003169059e-06,3.4465730930954252e-07
0.0001054,1.2846262610987871e-06,3.6761641669076101e-07,1.1300661742039953e-06,3.3622979385882648e-07
0.0001055,1.2915583237873954e-06,3.590288732200275e-07,1.1378030222481081e-06,3.2778203123307652e-07
0.00010560000000000001,1.2984463261023411e-06,3.5041914459668124e-07,1.1455504129984833e-06,3.1931638768340609e-07
0.00010570000000000001,1.305303823278744e-06,3.417879255836673e-07,1.1533048034888096e-06,3.1083516706561375e-07
0.0001058,1.3121448202716531e-06,3.3313626095006865e-07,1.1610625926452596e-06,3.0234058579532772e-07
0.0001059,1.3189834264163967e-06,3.2446558904327881e-07,1.1688201799712132e-06,2.9383474806702005e-07
0.000106,1.3258335046513248e-06,3.1577777685039934e-07,1.1765740284613051e-06,2.8531962163772996e-07
0.0001061,1.3327083248170216e-06,3.0707514441626659e-07,1.1843207305239236e-06,2.7679701447990993e-07
0.00010620000000000001,1.3396202305589405e-06,2.9836047673930784e-07,1.19205707554203e-06,2.6826855260636674e-07
0.00010630000000000001,1.3465803290949287e-06,2.8963702159442643e-07,1.1997801175825983e-06,2.5973565936433412e-07
0.0001064,1.3535982125686841e-06,2.8090847212590404e-07,1.2074872416792834e-06,2.5119953648448181e-07
0.0001065,1.360681718906658e-06,2.7217893350213112e-07,1.2151762270654075e-06,2.4266114715497231e-07
0.0001066,1.3678367390493029e-06,2.6345287341507122e-07,1.2228453057276548e-06,2.341212013701521e-07
0.00010670000000000001,1.3750670761655964e-06,2.5473505672627017e-07,1.2304932146864769e-06,2.2558014377864271e-07
0.00010680000000000001,1.3823743610172373e-06,2.4603046509224631e-07,1.238119240488947e-06,2.1703814422685835e-07
0.0001069,1.3897580260565278e-06,2.3734420292873788e-07,1.2457232545221072e-06,2.0849509116173237e-07
0.000107,1.39721533916548e-06,2.2868139157875845e-07,1.253305737918901e-06,1.9995058802124052e-07
0.0001071,1.4047414962222729e-06,2.2004705401714352e-07,1.2608677950312945e-06,1.9140395270388512e-07
0.0001072,1.4123297699662081e-06,2.1144599283844699e-07,1.2684111546829796e-06,1.8285422016917004e-07
0.00010730000000000001,1.4199717109755766e-06,2.0288266462108895e-07,1.2759381586808803e-06,1.7430014818109194e-07
0.00010740000000000001,1.4276573950251946e-06,1.943610540257212e-07,1.2834517373558991e-06,1.6574022616655648e-07
0.0001075,1.4353757096998903e-06,1.8588455115918839e-07,1.2909553722110822e-06,1.5717268712089604e-07
0.0001076,1.4431146719509247e-06,1.7745583580908175e-07,1.2984530460725222e-06,1.4859552245440401e-07
0.0001077,1.4508617673325422e-06,1.6907677212241401e-07,1.3059491814569574e-06,1.4000649963738255e-07
0.0001078,1.4586043009770879e-06,1.6074831716317149e-07,1.3134485681811672e-06,1.314031824673968e-07
0.00010790000000000001,1.466329749982862e-06,1.5247044653839769e-07,1.3209562815344207e-06,1.227829537518164e-07
0.000108,1.474026106813947e-06,1.4424209993526158e-07,1.3284775926069238e-06,1.1414304017176275e-07
0.0001081,1.4816822035508942e-06,1.3606114896966068e-07,1.3360178726075547e-06,1.054805390706557e-07
0.0001082,1.4892880073811736e-06,1.2792438922074045e-07,1.3435824932049443e-06,9.6792446891992663e-08
0.0001083,1.4968348785646498e-06,1.1982755772846595e-07,1.3511767250811064e-06,8.8075688976991234e-08
0.00010840000000000001,1.504315783228778e-06,1.1176537657868823e-07,1.3588056369904411e-06,7.9327150423322034e-08
0.00010850000000000001,1.5117254547085889e-06,1.0373162250963103e-07,1.3664739976648679e-06,7.0543707701418993e-08
0.0001086,1.5190604987079892e-06,9.5719221764526121e-08,1.3741861828945771e-06,6.1722260724533155e-08
0.0001087,1.526319439274772e-06,8.7720368707353236e-08,1.3819460900426512e-06,5.2859765072664421e-08
0.0001088,1.5335027044000753e-06,7.9726666032789826e-08,1.3897570621193032e-06,4.3953264078423857e-08
0.0001089,1.540612551918153e-06,7.1729283757815974e-08,1.3976218233506281e-06,3.4999920494287555e-08
0.00010900000000000001,1.5476529382364079e-06,6.3719133600395081e-08,1.4055424279293609e-06,2.5997047475261362e-08
0.0001091,1.5546293342107236e-06,5.5687054848279685e-08,1.4135202233369481e-06,1.694213862807602e-08
0.0001092,1.5615484941406894e-06,4.7624007414312815e-08,1.4215558292827998e-06,7.8328968971817724e-09
0.0001093,1.5684181853402822e-06,3.9521267477152879e-08,1.4296491329256037e-06,-1.3327379215074367e-09
0.0001094,1.575246886993893e-06,3.1370620928757083e-08,1.4377993006322718e-06,-1.0556563226634603e-08
0.00010950000000000001,1.5820434679939189e-06,2.3164549799532128e-08,1.4460048061011498e-06,-1.9840089382618076e-08
0.00010960000000000001,1.5888168541411497e-06,1.4896406912559401e-08,1.4542634742399558e-06,-2.91845173596193e-08
0.0001097,1.5955756954487266e-06,6.5605742297567628e-09,1.4625725397541162e-06,-3.859071836437856e-08
0.0001098,1.6023280443104699e-06,-1.8473993084976565e-09,1.4709287189823005e-06,-4.8059215563547675e-08
0.0001099,1.6090810549714431e-06,-1.0330684190352641e-08,1.4793282931209982e-06,-5.7590167981863022e-08
0.00011,1.6158407140801032e-06,-1.8891084159039721e-08,1.4877672006228917e-06,-6.7183356639718227e-08
0.00011010000000000001,1.622611611125514e-06,-2.7528979970426902e-08,1.4962411362431267e-06,-7.6838172978479469e-08
0.00011020000000000001,1.629396756298229e-06,-3.6243304854257007e-08,1.5047456539535326e-06,-8.6553609607437336e-08
0.0001103,1.6361974517976116e-06,-4.5031552655428561e-08,1.51327627075583e-06,-9.6328253393488155e-08
0.0001104,1.6430132208878096e-06,-5.3889818799273024e-08,1.5218285683076378e-06,-1.0616028090351974e-07
0.0001105,1.649841797132751e-06,-6.2812873379087978e-08,1.5303982892343986e-06,-1.1604745619977351e-07
0.0001106,1.6566791742760599e-06,-7.1794264828606003e-08,1.5389814250409115e-06,-1.2598713098015561e-07
0.00011070000000000001,1.6635197152370365e-06,-8.0826451839965788e-08,1.5475742926574896e-06,-1.359762470480949e-07
0.0001108,1.6703563167326986e-06,-8.9900960441713077e-08,1.5561735968592484e-06,-1.460113410900398e-07
0.0001109,1.6771806241718463e-06,-9.9008562482601174e-08,1.5647764760783538e-06,-1.5608855173262558e-07
0.000111,1.6839832897612433e-06,-1.081394711946507e-07,1.5733805294842591e-06,-1.662036288456314e-07
0.0001111,1.6907542652729064e-06,-1.1728354904962189e-07,1.5819838236289695e-06,-1.76351945050898e-07
0.00011120000000000001,1.6974831196954775e-06,-1.264305227901907e-07,1.5905848774344084e-06,-1.8652850939096559e-07
0.00011130000000000001,1.7041593710740523e-06,-1.3557020032061388e-07,1.5991826248266872e-06,-1.9672798310421266e-07
0.0001114,1.7107728212645229e-06,-1.4469268408759028e-07,1.6077763548855936e-06,-2.0694469744543111e-07
0.0001115,1.7173138821127903e-06,-1.5378857567240889e-07,1.6163656299634107e-06,-2.1717267348208871e-07
0.0001116,1.7237738817269408e-06,-1.6284916654822571e-07,1.6249501828220434e-06,-2.2740564378659108e-07
0.0001117,1.7301453400406499e-06,-1.7186661032526944e-07,1.6335297944252887e-06,-2.3763707593414195e-07
0.00011180000000000001,1.7364222037556061e-06,-1.8083407230184902e-07,1.6421041545909757e-06,-2.4786019770381463e-07
0.0001119,1.7426000319748524e-06,-1.8974585274650586e-07,1.6506727082387219e-06,-2.5806802386770014e-07
0.000112,1.7486761253618251e-06,-1.9859748103955327e-07,1.6592344904510477e-06,-2.6825338443951007e-07
0.0001121,1.7546495934356277e-06,-2.0738577858084267e-07,1.6677879539836545e-06,-2.7840895423989771e-07
0.0001122,1.7605213565872038e-06,-2.1610888920298381e-07,1.6763307932038568e-06,-2.8852728362160725e-07
0.00011230000000000001,1.7662940815120492e-06,-2.2476627669195544e-07,1.6848597686931645e-06,-2.9860083018320135e-07
0.00011240000000000001,1.7719720509362458e-06,-2.3335868988575747e-07,1.6933705369128531e-06,-3.0862199128648628e-07
0.0001125,1.7775609706942987e-06,-2.4188809667200373e-07,1.7018574893932956e-06,-3.1858313717957467e-07
0.0001126,1.7830677193290185e-06,-2.5035758901324179e-07,1.71031360586444e-06,-3.2847664451579075e-07
0.0001127,1.7885000473565153e-06,-2.5877126187169945e-07,1.7187303255953023e-06,-3.3829493004807514e-07
0.0001128,1.7938662351079047e-06,-2.6713406956242641e-07,1.7270974409545187e-06,-3.4803048427014282e-07
0.00011290000000000001,1.7991747195641178e-06,-2.7545166361730405e-07,1.7354030168462256e-06,-3.5767590476917805e-07
0.00011300000000000001,1.8044337017895128e-06,-2.8373021667711983e-07,1.7436333392218551e-06,-3.6722392905093912e-07
0.0001131,1.8096507474017318e-06,-2.9197623723332963e-07,1.7517728953265642e-06,-3.7666746659689281e-07
0.0001132,1.8148323929582585e-06,-3.0019638020763827e-07,1.7598043877212915e-06,-3.8599962991460338e-07
0.0001133,1.8199837711754911e-06,-3.0839725838254288e-07,1.7677087834390536e-06,-3.9521376434716746e-07
0.00011340000000000001,1.8251082675176944e-06,-3.1658525958011895e-07,1.7754653989033016e-06,-4.0430347641518479e-07
0.00011350000000000001,1.8302072199080669e-06,-3.2476637423433997e-07,1.7830520204722164e-06,-4.1326266047538782e-07
0.0001136,1.8352796721425793e-06,-3.3294603762282714e-07,1.7904450596928606e-06,-4.2208552349375504e-07
0.0001137,1.8403221900620181e-06,-3.4112899052956757e-07,1.7976197415723405e-06,-4.3076660774740039e-07
0.0001138,1.8453287477033238e-06,-3.4931916151655619e-07,1.8045503234155194e-06,-4.3930081128872023e-07
0.0001139,1.8502906885627426e-06,-3.5751957330807152e-07,1.8112103410609364e-06,-4.476834060267778e-07
0.00011400000000000001,1.8551967648240783e-06,-3.6573227505720127e-07,1.8175728786834932e-06,-4.5591005330455646e-07
0.00011410000000000001,1.860033255005816e-06,-3.7395830149269823e-07,1.8236108577421909e-06,-4.6397681687602741e-07
0.0001142,1.8647841580360193e-06,-3.8219765915860724e-07,1.8292973401474332e-06,-4.718801732136925e-07
0.0001143,1.8694314593507796e-06,-3.9044933918287308e-07,1.834605840319112e-06,-4.7961701910486569e-07
0.0001144,1.8739554623075608e-06,-3.9871135526734069e-07,1.8395106405136204e-06,-4.8718467652302217e-07
0.0001145,1.8783351760831716e-06,-4.0698080490197009e-07,1.843987103624749e-06,-4.9458089478868322e-07
0.00011460000000000001,1.8825487493564197e-06,-4.152539511906362e-07,1.8480119776144719e-06,-5.0180385006198799e-07
0.0001147,1.8865739375194413e-06,-4.2352632215199321e-07,1.8515636858088591e-06,-5.0885214223593716e-07
0.0001148,1.8903885899715516e-06,-4.3179282394101379e-07,1.8546225975006845e-06,-5.1572478932474949e-07
0.0001149,1.8939711432663491e-06,-4.4004786413598516e-07,1.8571712736312444e-06,-5.224212194657351e-07
0.000115,1.8973011055352807e-06,-4.4828548105926199e-07,1.8591946827729793e-06,-5.2894126067466522e-07
0.00011510000000000001,1.9003595177138729e-06,-4.5649947505130425e-07,1.860680383192935e-06,-5.3528512851413548e-07
0.00011520000000000001,1.9031293776511142e-06,-4.6468353769584166e-07,1.8616186674329661e-06,-5.4145341185102438e-07
0.0001153,1.9055960141744991e-06,-4.7283137519482255e-07,1.8620026665827212e-06,-5.4744705689289063e-07
0.0001154,1.9077473995854002e-06,-4.8093682240676277e-07,1.8618284122285727e-06,-5.5326734970399629e-07
0.0001155,1.9095743908309952e-06,-4.8899394447939296e-07,1.8610948549189992e-06,-5.5891589740903149e-07
0.0001156,1.9110708916871065e-06,-4.9699712351217553e-07,1.859803838874928e-06,-5.6439460829703018e-07
0.00011570000000000001,1.9122339306277752e-06,-5.0494112825884663e-07,1.8579600335721117e-06,-5.6970567103899915e-07
0.0001158,1.9130636515805855e-06,-5.1282116550512736e-07,1.8555708237115723e-06,-5.748515332308701e-07
0.0001159,1.9135632173937179e-06,-5.2063291241125027e-07,1.8526461599532076e-06,-5.7983487946830073e-07
0.000116,1.9137386284897612e-06,-5.2837252977141617e-07,1.8491983735968348e-06,-5.8465860915216278e-07
0.0001161,1.9135984617696908e-06,-5.3603665679112075e-07,1.8452419591355801e-06,-5.8932581421327946e-07
0.00011620000000000001,1.9131535372765792e-06,-5.4362238859759527e-07,1.8407933292618042e-06,-5.9383975693241518e-07
0.00011630000000000001,1.9124165223553533e-06,-5.5112723825884493e-07,1.8358705474595262e-06,-5.9820384801731127e-07
0.0001164,1.9114014849813985e-06,-5.5854908557533156e-07,1.8304930437572591e-06,-6.0242162508253408e-07
0.0001165,1.9101234095151831e-06,-5.6588611531020769e-07,1.8246813195306837e-06,-6.064967316610632e-07
0.0001166,1.9085976893212921e-06,-5.7313674782702133e-07,1.8184566474276163e-06,-6.1043289685880916e-07
0.0001167,1.9068396114299091e-06,-5.8029956529929188e-07,1.8118407725344916e-06,-6.1423391574545091e-07
0.00011680000000000001,1.9048638486922664e-06,-5.8737323673911003e-07,1.8048556208121096e-06,-6.1790363055700366e-07
0.00011690000000000001,1.902683974678998e-06,-5.9435644506058684e-07,1.7975230206009841e-06,-6.2144591276833881e-07
0.000117,1.9003120158969159e-06,-6.0124781925092185e-07,1.7898644426382588e-06,-6.2486464607752672e-07
0.0001171,1.8977580547755454e-06,-6.080458744731056e-07,1.7819007635469183e-06,-6.2816371032844364e-07
0.0001172,1.8950298953343834e-06,-6.1474896257929321e-07,1.7736520571653232e-06,-6.3134696638450595e-07
0.00011730000000000001,1.8921328015330278e-06,-6.213552350852541e-07,1.7651374173943704e-06,-6.3441824195433001e-07
0.00011740000000000001,1.8890693160886584e-06,-6.2786262015927744e-07,1.7563748154673592e-06,-6.3738131835980956e-07
0.0001175,1.8858391650883427e-06,-6.3426881463089699e-07,1.747380993711784e-06,-6.4023991822896358e-07
0.0001176,1.8824392511044516e-06,-6.4057129144480453e-07,1.7381713969921334e-06,-6.4299769408977366e-07
0.0001177,1.8788637348225055e-06,-6.4676732239327066e-07,1.7287601421204393e-06,-6.4565821783679387e-07
0.0001178,1.8751042024970449e-06,-6.5285401537652529e-07,1.7191600246158076e-06,-6.4822497104031024e-07
0.00011790000000000001,1.8711499139473825e-06,-6.5882836488472911e-07,1.7093825613094807e-06,-6.5070133606695663e-07
0.00011800000000000001,1.8669881233733356e-06,-6.6468731388618704e-07,1.6994380664471529e-06,-6.5309058798202829e-07
0.0001181,1.8626044630875719e-06,-6.7042782486155501e-07,1.6893357581563496e-06,-6.5539588720587645e-07
0.0001182,1.8579833783944295e-06,-6.7604695735789603e-07,1.679083891441999e-06,-6.5762027290027227e-07
0.0001183,1.8531086003530782e-06,-6.815419491619207e-07,1.6686899132648898e-06,-6.5976665706484014e-07
0.0001184,1.8479636420917135e-06,-6.8691029801778136e-07,1.6581606347594734e-06,-6.6183781932821948e-07
0.00011850000000000001,1.8425323037214971e-06,-6.9214984074730219e-07,1.6475024152720124e-06,-6.6383640242342226e-07
0.0001186,1.8367991707519591e-06,-6.9725882667178153e-07,1.6367213526558583e-06,-6.6576490834135959e-07
0.0001187,1.8307500912360698e-06,-7.0223598238326589e-07,1.6258234741533945e-06,-6.6762569516074441e-07
0.0001188,1.82437261766048e-06,-7.0708056516459956e-07,1.6148149222268866e-06,-6.694209745557568e-07
0.0001189,1.817656400816872e-06,-7.1179240270336618e-07,1.6037021298715217e-06,-6.7115280998554575e-07
0.00011900000000000001,1.8105935245025168e-06,-7.1637191717375528e-07,1.5924919802499831e-06,-6.7282311557068563e-07
0.00011910000000000001,1.8031787718478771e-06,-7.2082013225832972e-07,1.581191945920528e-06,-6.7443365566208347e-07
0.0001192,1.795409816291682e-06,-7.2513866223233681e-07,1.5698102034800248e-06,-6.7598604510637035e-07
0.0001193,1.787287332645895e-06,-7.2932968281857787e-07,1.5583557200957686e-06,-6.774817502095073e-07
0.0001194,1.7788150262348307e-06,-7.3339588412176261e-07,1.5468383091397364e-06,-6.7892209039651238e-07
0.0001195,1.7699995806712431e-06,-7.3734040654809379e-07,1.5352686529476394e-06,-6.8030824056045799e-07
0.00011960000000000001,1.7608505273636361e-06,-7.4116676118905586e-07,1.5236582915837418e-06,-6.8164123408793317e-07
0.0001197,1.7513800422513578e-06,-7.4487873667929195e-07,1.5120195773792866e-06,-6.8292196654186573e-07
0.0001198,1.7416026774601117e-06,-7.4848029500972224e-07,1.5003655959063095e-06,-6.841511999752668e-07
0.0001199,1.7315350374902675e-06,-7.51975459173299e-07,1.4887100549278256e-06,-6.8532956784240055e-07
0.00012,1.721195411133382e-06,-7.5536819582904507e-07,1.477067143707841e-06,-6.8645758046647309e-07
0.00012010000000000001,1.7106033715096977e-06,-7.5866229638019684e-07,1.4654513658507441e-06,-6.8753563101607632e-07
0.00012020000000000001,1.6997793573951894e-06,-7.6186125996741341e-07,1.4538773495489416e-06,-6.885640019362572e-07
0.0001203,1.6887442493394268e-06,-7.6496818187456328e-07,1.4423596397337018e-06,-6.895428717745426e-07
0.0001204,1.6775189539583835e-06,-7.6798565073246584e-07,1.4309124771314606e-06,-6.9047232233788035e-07
0.0001205,1.6661240092278002e-06,-7.7091565768851755e-07,1.4195495696137449e-06,-6.9135234611317895e-07
0.0001206,1.6545792226258545e-06,-7.737595203940911e-07,1.408283861483934e-06,-6.9218285388234794e-07
0.00012070000000000001,1.642903352615846e-06,-7.7651782425676127e-07,1.3971273064620549e-06,-6.9296368246234991e-07
0.00012080000000000001,1.6311138422698702e-06,-7.7919038292340423e-07,1.3860906501060673e-06,-6.9369460250187277e-07
0.0001209,1.619226611873635e-06,-7.8177621941794945e-07,1.3751832272453874e-06,-6.9437532626880775e-07
0.000121,1.6072559151898259e-06,-7.8427356877088627e-07,1.3644127797032979e-06,-6.9500551536662509e-07
0.0001211,1.5952142617684617e-06,-7.8667990236462679e-07,1.3537852991560093e-06,-6.9558478832293707e-07
0.00012120000000000001,1.5831124053568558e-06,-7.8899197359838704e-07,1.3433048994280532e-06,-6.9611272799962064e-07
0.00012130000000000001,1.5709593961596309e-06,-7.912058838673197e-07,1.3329737218688077e-06,-6.9658888878112696e-07
0.0001214,1.5587626925094854e-06,-7.9331716727169948e-07,1.3227918767094407e-06,-6.9701280350503262e-07
0.0001215,1.5465283255064703e-06,-7.9532089194045539e-07,1.3127574224801704e-06,-6.9738399010697702e-07
0.0001216,1.5342611084349356e-06,-7.9721177538504139e-07,1.3028663846949027e-06,-6.9770195796016903e-07
0.0001217,1.5219648813312553e-06,-7.9898431090825304e-07,1.2931128141040593e-06,-6.979662138973256e-07
0.00012180000000000001,1.5096427799991103e-06,-8.0063290178930832e-07,1.2834888838984196e-06,-6.9817626791052096e-07
0.00012190000000000001,1.4972975180868159e-06,-8.0215199975965013e-07,1.2739850243388963e-06,-6.9833163853085264e-07
0.000122,1.4849316705733759e-06,-8.0353624417877169e-07,1.2645900924110229e-06,-6.9843185789579674e-07
0.00012210000000000001,1.4725479471625374e-06,-8.047805983179527e-07,1.2552915732787207e-06,-6.9847647651678557e-07
0.00012220000000000002,1.4601494446483065e-06,-8.0588047926096715e-07,1.2460758095598039e-06,-6.9846506776321086e-07
0.00012229999999999999,1.4477398682679965e-06,-8.0683187813023403e-07,1.236928253783146e-06,-6.9839723208135632e-07
0.00012239999999999999,1.4353237133632494e-06,-8.0763146763725773e-07,1.2278337388296109e-06,-6.9827260096787678e-07
0.0001225,1.4229064002767899e-06,-8.0827669432753568e-07,1.2187767607201329e-06,-6.980908407174088e-07
0.0001226,1.4104943572636369e-06,-8.0876585333007963e-07,1.209741767803397e-06,-6.9785165596251794e-07
0.0001227,1.3980950482224927e-06,-8.0909814391607783e-07,1.2007134502212574e-06,-6.9755479302197057e-07
0.0001228,1.3857169441825112e-06,-8.0927370470436458e-07,1.1916770234951826e-06,-6.9720004307000613e-07
0.00012290000000000001,1.3733694396356866e-06,-8.0929362790672123e-07,1.1826185001834617e-06,-6.9678724513544443e-07
0.00012300000000000001,1.3610627169081498e-06,-8.0915995256671969e-07,1.1735249438031886e-06,-6.9631628893479383e-07
0.00012310000000000001,1.3488075637392409e-06,-8.0887563729513934e-07,1.1643846995886359e-06,-6.9578711753881802e-07
0.00012320000000000001,1.3366151510146194e-06,-8.0844451352699443e-07,1.1551875971581866e-06,-6.9519972986690942e-07
0.00012330000000000002,1.3244967791154017e-06,-8.0787122080514126e-07,1.1459251207760937e-06,-6.9455418299861946e-07
0.00012339999999999999,1.3124636025453336e-06,-8.0716112602026504e-07,1.1365905436059866e-06,-6.9385059428702121e-07
0.00012349999999999999,1.3005263433396704e-06,-8.0632022889575959e-07,1.1271790231470428e-06,-6.9308914325407842e-07
0.0001236,1.2886950042129698e-06,-8.053550562899853e-07,1.1176876558998555e-06,-6.9227007324444671e-07
0.0001237,1.276978592452509e-06,-8.0427254809157476e-07,1.1081154902098724e-06,-6.9139369281074706e-07
0.0001238,1.2653848652081588e-06,-8.0307993760254954e-07,1.0984634971599194e-06,-6.9046037680100067e-07
0.0001239,1.2539201060813688e-06,-8.01784629338424e-07,1.0887345003095883e-06,-6.8947056711700054e-07
0.00012400000000000001,1.242588941802674e-06,-8.0039407712637636e-07,1.0789330659863234e-06,-6.8842477311155045e-07
0.00012410000000000001,1.2313942063490702e-06,-7.9891566525661219e-07,1.0690653567015101e-06,-6.873235715923253e-07
0.00012420000000000001,1.2203368581417015e-06,-7.9735659524529055e-07,1.0591389510739154e-06,-6.8616760640071997e-07
0.00012430000000000001,1.209415954042339e-06,-7.9572378050881442e-07,1.049162634375509e-06,-6.8495758753551307e-07
0.00012440000000000002,1.1986286818035274e-06,-7.9402375093960826e-07,1.0391461644544206e-06,-6.8369428979330157e-07
0.00012449999999999999,1.1879704504966428e-06,-7.9226256902463529e-07,1.0291000183216683e-06,-6.8237855090039468e-07
0.00012459999999999999,1.1774350363215657e-06,-7.9044575877253085e-07,1.0190351251024937e-06,-6.8101126911441142e-07
0.0001247,1.1670147791681239e-06,-7.8857824832639878e-07,1.0089625913387964e-06,-6.7959340027764968e-07
0.0001248,1.1567008234268322e-06,-7.8666432674990294e-07,9.9889342478226346e-07,-6.7812595430899734e-07
0.0001249,1.1464833949030861e-06,-7.8470761509663224e-07,9.8883826283404799e-07,-6.7660999112598158e-07
0.000125,1.1363521043350788e-06,-7.8271105151810432e-07,9.7880711166722788e-07,-6.7504661599415527e-07
0.00012510000000000001,1.1262962670013606e-06,-7.806768898441845e-07,9.6880910181622406e-07,-6.7343697430683531e-07
0.00012520000000000001,1.1163052272670841e-06,-7.7860671078941505e-07,9.5885226563852562e-07,-6.7178224580451808e-07
0.00012530000000000001,1.106368676683131e-06,-7.7650144470616199e-07,9.4894334155798679e-07,-6.7008363824995306e-07
0.00012540000000000001,1.0964769544296558e-06,-7.7436140462490927e-07,9.3908760939736357e-07,-6.6834238058189852e-07
0.00012550000000000001,1.0866213194805117e-06,-7.7218632819566361e-07,9.2928876041436622e-07,-6.6655971557802797e-07
0.00012559999999999999,1.0767941848383067e-06,-7.6997542707229622e-07,9.195488048862303e-07,-6.6473689206505452e-07
0.00012569999999999999,1.0669893055182115e-06,-7.6772744226172428e-07,9.0986801926051832e-07,-6.6287515672200222e-07
0.00012579999999999999,1.0572019135959233e-06,-7.6544070398822345e-07,9.0024493402301656e-07,-6.6097574553082263e-07
0.0001259,1.0474287955240183e-06,-7.6311319469426944e-07,8.906763625464305e-07,-6.5903987493652481e-07
0.000126,1.0376683089945207e-06,-7.6074261390615031e-07,8.811574702966443e-07,-6.5706873278717334e-07
0.0001261,1.0279203388102859e-06,-7.5832644382719734e-07,8.7168188290510879e-07,-6.5506346913207195e-07
0.0001262,1.0181861934457376e-06,-7.5586201467510304e-07,8.6224183078662551e-07,-6.5302518696388996e-07
0.00012630000000000001,1.0084684461490743e-06,-7.5334656894350629e-07,8.5282832720839082e-07,-6.5095493299758362e-07
0.00012640000000000001,9.9877072648494667e-07,-7.5077732393287643e-07,8.4343137601613433e-07,-6.4885368858518402e-07
0.00012650000000000001,9.8909747006462048e-07,-7.4815153205335676e-07,8.3404020461050156e-07,-6.4672236087072551e-07
0.00012660000000000001,9.7945363579218158e-07,-7.4546653854501324e-07,8.2464351725492929e-07,-6.4456177429372559e-07
0.00012669999999999999,9.6984440121213118e-07,-7.4271983638244698e-07,8.1522976339489313e-07,-6.423726625521537e-07
0.00012679999999999999,9.602748474286178e-07,-7.3990911822591135e-07,8.0578741538557412e-07,-6.4015566113695233e-07
0.00012689999999999999,9.5074964554553384e-07,-7.3703232534647273e-07,7.9630524986564976e-07,-6.3791130054924727e-07
0.000127,9.4127275662997827e-07,-7.3408769348664036e-07,7.8677262698112424e-07,-6.3564000030877966e-07
0.0001271,9.3184715682444256e-07,-7.3107379562031441e-07,7.7717976175420736e-07,-6.3334206385719369e-07
0.0001272,9.224745984361427e-07,-7.2798958154866079e-07,7.6751798210472966e-07,-6.3101767445305402e-07
0.0001273,9.1315541664077582e-07,-7.2483441421508817e-07,7.5777996835923963e-07,-6.2866689214645049e-07
0.00012740000000000001,9.0388838989244499e-07,-7.21608102547829e-07,7.4795996951698076e-07,-6.2628965191020867e-07
0.00012750000000000001,8.9467066028417793e-07,-7.1831093054891834e-07,7.3805399207140239e-07,-6.2388576299182104e-07
0.00012760000000000001,8.8549771801804658e-07,-7.1494368225083333e-07,7.280599577976635e-07,-6.2145490953597515e-07
0.00012770000000000001,8.7636345189282669e-07,-7.1150766206449768e-07,7.179778275960054e-07,-6.1899665251153257e-07
0.00012779999999999999,8.6726026537924366e-07,-7.0800470995290653e-07,7.0780968921191729e-07,-6.1651043296016392e-07
0.00012789999999999999,8.5817925551042822e-07,-7.04437210791292e-07,6.9755980741953626e-07,-6.1399557656612761e-07
0.00012799999999999999,8.4911044955122527e-07,-7.0080809722505863e-07,6.8723463603745286e-07,-6.1145129952899276e-07
0.0001281,8.4004309230510099e-07,-6.9712084531738555e-07,6.7684279192815237e-07,-6.088767157032827e-07
0.0001282,8.309659750470549e-07,-6.9337946229493988e-07,6.6639499189666e-07,-6.0627084495191059e-07
0.0001283,8.2186779550274368e-07,-6.8958846575663803e-07,6.5590395413373537e-07,-6.0363262264416135e-07
0.0001284,8.1273753708525415e-07,-6.857528538091866e-07,6.4538426652876391e-07,-6.0096091021407563e-07
0.00012850000000000001,8.0356485479646075e-07,-6.8187806573473558e-07,6.3485222479340133e-07,-5.9825450668199809e-07
0.00012860000000000001,7.9434045483052095e-07,-6.7796993297889109e-07,6.2432564387621848e-07,-5.9551216103098914e-07
0.00012870000000000001,7.8505645499837531e-07,-6.7403462046809607e-07,6.1382364660136022e-07,-5.9273258532087016e-07
0.00012880000000000001,7.7570671362387994e-07,-6.7007855851860607e-07,6.033664338219034e-07,-5.8991446841613419e-07
0.00012890000000000002,7.6628711552826039e-07,-6.6610836587776523e-07,5.9297504063571852e-07,-5.8705649019987721e-07
0.00012899999999999999,7.5679580508833254e-07,-6.6213076473327418e-07,5.8267108336485349e-07,-5.8415733614415853e-07
0.00012909999999999999,7.4723335807941485e-07,-6.581524888275978e-07,5.7247650204776452e-07,-5.8121571210786792e-07
0.0001292,7.3760288603727022e-07,-6.5418018611159186e-07,5.6241330313913616e-07,-5.7823035923573969e-07
0.0001293,7.2791006912514991e-07,-6.5022031765232225e-07,5.5250330695808789e-07,-5.7520006883679788e-07
0.0001294,7.1816311589407694e-07,-6.4627905476323788e-07,5.4276790417884672e-07,-5.7212369712644262e-07
0.0001295,7.0837265079321381e-07,-6.4236217653903228e-07,5.3322782532671116e-07,-5.6900017972367646e-07
0.00012960000000000001,6.9855153273611633e-07,-6.3847497014212075e-07,5.2390292683583972e-07,-5.6582854580279003e-07
0.00012970000000000001,6.8871461037176162e-07,-6.3462213629333383e-07,5.1481199675653831e-07,-5.626079318072117e-07
0.00012980000000000001,6.7887842186371478e-07,-6.3080770245841555e-07,5.059725826798032e-07,-5.5933759464133712e-07
0.00012990000000000001,6.6906084887022623e-07,-6.2703494618846188e-07,4.9740084389047397e-07,-5.5601692426411804e-07
0.00013000000000000002,6.5928073597501071e-07,-6.2330633096297303e-07,4.8911142918069898e-07,-5.5264545561509155e-07
0.00013009999999999999,6.4955748798703197e-07,-6.1962345669768836e-07,4.8111738116715304e-07,-5.4922287980975879e-07
0.00013019999999999999,6.3991065826535755e-07,-6.1598702681734832e-07,4.7343006737210645e-07,-5.4574905454608265e-07
0.0001303,6.3035954150468099e-07,-6.123968334602073e-07,4.6605913776379563e-07,-5.4222401366748202e-07
0.0001304,6.2092278422718082e-07,-6.0885176198331286e-07,4.590125079176771e-07,-5.386479758301612e-07
0.0001305,6.1161802557227584e-07,-6.0534981548454607e-07,4.5229636646879583e-07,-5.3502135222369655e-07
0.0001306,6.0246157987933849e-07,-6.0188815956072993e-07,4.459152050864659e-07,-5.3134475329405821e-07
0.00013070000000000001,5.9346817105702508e-07,-5.9846318699418633e-07,4.3987186882414636e-07,-5.2761899441759223e-07
0.00013080000000000001,5.8465072687861825e-07,-5.9507060151794699e-07,4.3416762438645035e-07,-5.2384510047351554e-07
0.00013090000000000001,5.7602023920036661e-07,-5.9170551926844464e-07,4.2880224361656789e-07,-5.2002430926131875e-07
0.00013100000000000001,5.6758569374446865e-07,-5.8836258601055495e-07,4.2377409934363431e-07,-5.1615807370881483e-07
0.00013110000000000002,5.5935407060311068e-07,-5.8503610772996676e-07,4.1908027064193259e-07,-5.1224806281645909e-07
0.00013119999999999999,5.513304140928559e-07,-5.8172019174817822e-07,4.1471665454118267e-07,-5.0829616128485233e-07
0.00013129999999999999,5.4351796810948211e-07,-5.7840889514099755e-07,4.1067808128680848e-07,-5.0430446777492523e-07
0.0001314,5.3591837079057859e-07,-5.7509637694573716e-07,4.0695843037669515e-07,-5.0027529175499874e-07
0.0001315,5.2853190017079593e-07,-5.7177705043673362e-07,4.03550744790365e-07,-4.962111488954322e-07
0.0001316,5.2135776068906234e-07,-5.6844573164228773e-07,4.0044734107088126e-07,-4.9211475498056819e-07
0.0001317,5.1439439894458013e-07,-5.6509778027462395e-07,3.9763991321015455e-07,-4.8798901831886651e-07
0.00013180000000000001,5.0763983605251583e-07,-5.6172922935098218e-07,3.9511962861638946e-07,-4.8383703064560692e-07
0.00013190000000000001,5.0109200335996164e-07,-5.5833689999806489e-07,3.9287721479735887e-07,-4.7966205652802259e-07
0.00013200000000000001,4.9474906817084974e-07,-5.5491849825013894e-07,3.9090303576586303e-07,-4.7546752130011279e-07
0.00013210000000000001,4.8860973650091541e-07,-5.5147269106609935e-07,3.8918715755326569e-07,-4.7125699757313993e-07
0.00013220000000000001,4.8267352072923536e-07,-5.4799915929266333e-07,3.8771940259376256e-07,-4.6703419038743475e-07
0.00013229999999999999,4.7694096130299054e-07,-5.4449862587656033e-07,3.8648939310624306e-07,-4.6280292109136653e-07
0.00013239999999999999,4.7141379334265983e-07,-5.4097285826264903e-07,3.8548658394339754e-07,-4.585671100531184e-07
0.0001325,4.6609505102703509e-07,-5.3742464458973321e-07,3.8470028569097636e-07,-4.5433075833022973e-07
0.0001326,4.6098910493995901e-07,-5.3385774399239493e-07,3.8411967907654936e-07,-4.5009792843941236e-07
0.0001327,4.5610163005221503e-07,-5.3027681201530989e-07,3.8373382198108787e-07,-4.4587272438507763e-07
0.0001328,4.5143950460403748e-07,-5.2668730282588017e-07,3.835316505329697e-07,-4.4165927111821515e-07
0.0001329,4.4701064275369196e-07,-5.2309535055144808e-07,3.8350197589977904e-07,-4.374616936075824e-07
0.00013300000000000001,4.4282376637211771e-07,-5.1950763264965861e-07,3.836334784759671e-07,-4.3328409571225265e-07
0.00013310000000000001,4.3888812370186585e-07,-5.1593121872704116e-07,3.8391470119369802e-07,-4.2913053904804157e-07
0.00013320000000000001,4.3521316467539017e-07,-5.1237340863599993e-07,3.8433404366067046e-07,-4.250050220402624e-07
0.00013330000000000001,4.3180818442684751e-07,-5.0884156399119319e-07,3.8487975875423261e-07,-4.2091145935160706e-07
0.00013339999999999999,4.2868194786820355e-07,-5.0534293744281714e-07,3.8553995317909091e-07,-4.1685366186674089e-07
0.00013349999999999999,4.2584230908378899e-07,-5.0188450412002226e-07,3.8630259333044147e-07,-4.1283531740510355e-07
0.00013359999999999999,4.2329583969252247e-07,-4.9847279960966306e-07,3.8715551760099494e-07,-4.0885997232028558e-07
0.0001337,4.2104748021590694e-07,-4.9511376866455569e-07,3.8808645603486338e-07,-4.0493101412921439e-07
0.0001338,4.1910022787263146e-07,-4.918126285458948e-07,3.8908305797093937e-07,-4.0105165529743231e-07
0.0001339,4.1745487311510211e-07,-4.8857375050454337e-07,3.9013292803991462e-07,-3.9722491828880806e-07
0.000134,4.1610979566488151e-07,-4.854005624070066e-07,3.9122367059071438e-07,-3.9345362196957249e-07
0.00013410000000000001,4.1506082884448597e-07,-4.8229547492848725e-07,3.9234294233102954e-07,-3.8974036943832537e-07
0.00013420000000000001,4.1430119870846874e-07,-4.7925983308456681e-07,3.9347851268105499e-07,-3.8608753733616689e-07
0.00013430000000000001,4.1382154192569326e-07,-4.7629389417383771e-07,3.946183310664922e-07,-3.8249726667477336e-07
0.00013440000000000001,4.1361000364522123e-07,-4.7339683247682088e-07,3.957506001239532e-07,-3.7897145520562021e-07
0.00013449999999999999,4.1365241378489675e-07,-4.7056677032312686e-07,3.9686385356508408e-07,-3.7551175134086253e-07
0.00013459999999999999,4.1393253741230117e-07,-4.6780083442061465e-07,3.9794703725150911e-07,-3.7211954962570904e-07
0.00013469999999999999,4.1443239223990279e-07,-4.650952356583414e-07,3.9898959187539733e-07,-3.6879598775374055e-07
0.0001348,4.1513262382388748e-07,-4.6244536996926234e-07,3.9998153552483625e-07,-3.6554194511011512e-07
0.0001349,4.1601292692634536e-07,-4.5984593728705619e-07,4.0091354434164312e-07,-3.623580428230821e-07
0.000135,4.1705249975015462e-07,-4.5729107516990668e-07,4.0177702945430306e-07,-3.5924464530109538e-07
0.0001351,4.1823051644917472e-07,-4.5477450330552311e-07,4.0256420839065259e-07,-3.5620186323079859e-07
0.00013520000000000001,4.1952660250226609e-07,-4.5228967486589221e-07,4.0326816924381384e-07,-3.5322955800977109e-07
0.00013530000000000001,4.2092129725026751e-07,-4.4982993055346801e-07,4.0388292597883795e-07,-3.503273475865565e-07
0.00013540000000000001,4.2239648814437035e-07,-4.4738865117530153e-07,4.0440346342419681e-07,-3.4749461367871707e-07
0.00013550000000000001,4.2393580203758877e-07,-4.4495940469682594e-07,4.0482577068774503e-07,-3.4473051033693582e-07
0.00013560000000000002,4.2552494014489228e-07,-4.425360839578118e-07,4.0514686196658868e-07,-3.4203397381905737e-07
0.00013569999999999999,4.2715194506080693e-07,-4.4011303157104994e-07,4.0536478397871095e-07,-3.3940373373212009e-07
0.00013579999999999999,4.2880739039814603e-07,-4.3768514895807825e-07,4.0547860952513241e-07,-3.368383253926201e-07
0.0001359,4.3048448612566819e-07,-4.3524798699136761e-07,4.0548841698788895e-07,-3.3433610334536949e-07
0.000136,4.3217909545144632e-07,-4.3279781629213783e-07,4.0539525587382006e-07,-3.3189525596943338e-07
0.0001361,4.3388966202890682e-07,-4.3033167585888432e-07,4.0520109881990821e-07,-3.2951382108587906e-07
0.0001362,4.3561704925423283e-07,-4.278473993540829e-07,4.0490878077458062e-07,-3.2718970246690625e-07
0.00013630000000000001,4.3736429637495455e-07,-4.2534361903517227e-07,4.0452192635417743e-07,-3.2492068712977083e-07
0.00013640000000000001,4.3913629893890512e-07,-4.2281974796064516e-07,4.0404486663694986e-07,-3.2270446328230072e-07
0.00013650000000000001,4.4093942368368714e-07,-4.2027594171350021e-07,4.0348254689254443e-07,-3.2053863877060021e-07
0.00013660000000000001,4.4278107021064303e-07,-4.1771304144435043e-07,4.0284042694635522e-07,-3.1842075986437353e-07
0.00013670000000000002,4.4466919362632883e-07,-4.1513250052897801e-07,4.0212437604086256e-07,-3.1634833020191378e-07
0.00013679999999999999,4.4661180370467443e-07,-4.1253629754628403e-07,4.0134056417565663e-07,-3.1431882970618573e-07
0.00013689999999999999,4.4861645697634726e-07,-4.0992683860142323e-07,4.0049535198145918e-07,-3.1232973327598168e-07
0.000137,4.5068975845798658e-07,-4.0730685223756476e-07,3.9959518120901014e-07,-3.1037852905273105e-07
0.0001371,4.5283688948135264e-07,-4.0467928029361362e-07,3.9864646789095037e-07,-3.0846273606453112e-07
0.0001372,4.5506117727862316e-07,-4.0204716807322454e-07,3.9765550016392847e-07,-3.065799210546275e-07
0.0001373,4.5736372065160964e-07,-3.9941355709478123e-07,3.9662834262148802e-07,-3.0472771431221557e-07
0.00013740000000000001,4.5974308424410402e-07,-3.9678138349821686e-07,3.9557074890845051e-07,-3.0290382433875362e-07
0.00013750000000000001,4.6219507170897702e-07,-3.9415338490116466e-07,3.9448808406902754e-07,-3.0110605120286571e-07
0.00013760000000000001,4.6471258549047209e-07,-3.9153201813519543e-07,3.9338525792871456e-07,-2.9933229846075235e-07
0.00013770000000000001,4.6728557811459768e-07,-3.889193898663692e-07,3.9226667053027693e-07,-2.9758058354628124e-07
0.00013780000000000002,4.6990109689258765e-07,-3.8631720162833703e-07,3.911361703635833e-07,-2.9584904656456998e-07
0.00013789999999999999,4.7254342089546024e-07,-3.8372671028738805e-07,3.8999702583469388e-07,-2.9413595745405991e-07
0.00013799999999999999,4.751942860550458e-07,-3.8114870443445856e-07,3.8885191011947197e-07,-2.9243972151366554e-07
0.0001381,4.7783319139007987e-07,-3.7858349667662042e-07,3.8770289924791568e-07,-2.9075888332248542e-07
0.0001382,4.8043777674146756e-07,-3.760309312969003e-07,3.8655148297577106e-07,-2.8909212910861593e-07
0.0001383,4.8298426011647682e-07,-3.7349040628238478e-07,3.8539858772629111e-07,-2.8743828764973316e-07
0.0001384,4.8544792086371327e-07,-3.7096090830084397e-07,3.842446106341165e-07,-2.8579632981058496e-07
0.00013850000000000001,4.8780361349133575e-07,-3.6844105884797364e-07,3.8308946350121855e-07,-2.8416536684007421e-07
0.00013860000000000001,4.9002629604590787e-07,-3.6592916950088679e-07,3.8193262528645074e-07,-2.8254464756324203e-07
0.00013870000000000001,4.9209155661642959e-07,-3.6342330400609279e-07,3.8077320159976371e-07,-2.8093355461027076e-07
0.00013880000000000001,4.9397612172660693e-07,-3.6092134480645772e-07,3.7960998956232845e-07,-2.7933159982584154e-07
0.00013890000000000002,4.9565833111840421e-07,-3.5842106157319311e-07,3.7844154632660801e-07,-2.7773841899775259e-07
0.00013899999999999999,4.9711856468283961e-07,-3.5592017935446295e-07,3.7726625952621824e-07,-2.761537660342898e-07
0.00013909999999999999,4.9833960901376149e-07,-3.5341644407762794e-07,3.7608241794372768e-07,-2.7457750670566396e-07
0.0001392,4.9930695318499152e-07,-3.5090768334070531e-07,3.7488828074362282e-07,-2.7300961204741124e-07
0.0001393,5.0000900580513026e-07,-3.4839186069124541e-07,3.7368214371455338e-07,-2.7145015150334401e-07
0.0001394,5.0043722810088697e-07,-3.4586712190645162e-07,3.7246240109603137e-07,-2.6989928586424392e-07
0.0001395,5.0058618062458746e-07,-3.4333183214439812e-07,3.7122760172539351e-07,-2.6835726003689995e-07
0.00013960000000000001,5.0045348407552267e-07,-3.407846032189472e-07,3.6997649842576178e-07,-2.6682439565773613e-07
0.00013970000000000001,5.0003969756801382e-07,-3.3822431064616325e-07,3.6870808975930678e-07,-2.6530108354738539e-07
0.00013980000000000001,4.993481203739301e-07,-3.3565010050332382e-07,3.6742165348636495e-07,-2.6378777598827329e-07
0.00013990000000000001,4.9838452562223299e-07,-3.3306138651913304e-07,3.6611677129379045e-07,-2.6228497879738469e-07
0.00014000000000000001,4.9715683657034031e-07,-3.3045783816242275e-07,3.6479334457930424e-07,-2.6079324316184016e-07
0.00014009999999999999,4.9567475780104011e-07,-3.2783936080484145e-07,3.6345160129703166e-07,-2.5931315720599098e-07
0.00014019999999999999,4.9394937498798781e-07,-3.2520606929081528e-07,3.6209209407725682e-07,-2.578453372655278e-07
0.0001403,4.9199273767241523e-07,-3.2255825644752903e-07,3.60715690026462e-07,-2.5639041885668416e-07
0.0001404,4.8981743978099096e-07,-3.198963582031848e-07,3.5932355278728445e-07,-2.5494904734614952e-07
0.0001405,4.8743621238548051e-07,-3.1722091705013701e-07,3.5791711758955064e-07,-2.5352186834921041e-07
0.0001406,4.8486154247287578e-07,-3.1453254558997281e-07,3.5649806014994834e-07,-2.5210951790881552e-07
0.0001407,4.821053302915216e-07,-3.1183189183193187e-07,3.5506826037803409e-07,-2.5071261253522095e-07
0.00014080000000000001,4.7917859621240185e-07,-3.0911960778833643e-07,3.5362976191897718e-07,-2.4933173921339998e-07
0.00014090000000000001,4.7609124605760458e-07,-3.0639632272717359e-07,3.521847286090985e-07,-2.4796744551162994e-07
0.00014100000000000001,4.7285190157473321e-07,-3.0366262221075735e-07,3.5073539893921074e-07,-2.4662022994829516e-07
0.00014110000000000001,4.6946780026081526e-07,-3.0091903378017696e-07,3.4928403961474247e-07,-2.4529053279309364e-07
0.00014119999999999999,4.6594476615255416e-07,-2.9816601984886957e-07,3.4783289927226359e-07,-2.4397872749242777e-07
0.00014129999999999999,4.6228725059515232e-07,-2.9540397805673929e-07,3.4638416336194223e-07,-2.42685112915326e-07
0.00014139999999999999,4.584984394726801e-07,-2.9263324902073021e-07,3.4493991113705259e-07,-2.4140990661511625e-07
0.0001415,4.5458042101868579e-07,-2.8985413111046085e-07,3.4350207560804788e-07,-2.4015323929250794e-07
0.0001416,4.5053440620920972e-07,-2.8706690158973946e-07,3.4207240722259172e-07,-2.389151506276636e-07
0.0001417,4.4636099194458703e-07,-2.8427184320683423e-07,3.4065244192750111e-07,-2.376955866225028e-07
0.0001418,4.420604558120582e-07,-2.8146927509734501e-07,3.3924347415623958e-07,-2.3649439856053513e-07
0.00014190000000000001,4.3763307023452574e-07,-2.7865958669084972e-07,3.3784653516943391e-07,-2.353113436508741e-07
0.00014200000000000001,4.3307942328206741e-07,-2.75843273191809e-07,3.3646237705782321e-07,-2.3414608737751862e-07
0.00014210000000000001,4.2840073336540478e-07,-2.7302097114010975e-07,3.3509146259939993e-07,-2.3299820752579053e-07
0.00014220000000000001,4.2359914544050296e-07,-2.7019349254861596e-07,3.3373396104714335e-07,-2.3186719980741235e-07
0.00014229999999999999,4.1867799720993529e-07,-2.6736185616357354e-07,3.3238974981173763e-07,-2.3075248495584599e-07
0.00014239999999999999,4.1364204507260888e-07,-2.6452731449599994e-07,3.3105842189684388e-07,-2.2965341711675367e-07
0.00014249999999999999,4.0849764119735662e-07,-2.6169137542371338e-07,3.2973929884333812e-07,-2.2856929331655651e-07
0.0001426,4.0325285501360726e-07,-2.5885581735810065e-07,3.2843144884451842e-07,-2.2749936375736827e-07
0.0001427,3.9791753454963397e-07,-2.5602269719934081e-07,3.2713370960730558e-07,-2.2644284266069795e-07
0.0001428,3.9250330532419416e-07,-2.5319435055968603e-07,3.2584471545533766e-07,-2.2539891936651117e-07
0.0001429,3.8702350682496921e-07,-2.5037338400685825e-07,3.2456292809945159e-07,-2.2436676938973793e-07
0.00014300000000000001,3.8149306890028964e-07,-2.4756265935852166e-07,3.2328667043965359e-07,-2.2334556514341975e-07
0.00014310000000000001,3.7592833256460849e-07,-2.4476527033396983e-07,3.2201416271115671e-07,-2.2233448605638346e-07
0.00014320000000000001,3.7034682169375761e-07,-2.4198451213076432e-07,3.2074356024606677e-07,-2.2133272784311248e-07
0.00014330000000000001,3.6476697379212222e-07,-2.3922384473292672e-07,3.1947299209249461e-07,-2.2033951072313595e-07
0.00014340000000000002,3.5920783939018667e-07,-2.3648685096523465e-07,3.1820059971529511e-07,-2.1935408643523889e-07
0.00014349999999999999,3.536887606300899e-07,-2.3377719047833924e-07,3.1692457499784179e-07,-2.1837574394598211e-07
0.00014359999999999999,3.4822904018613438e-07,-2.3109855097642361e-07,3.1564319677338961e-07,-2.1740381381010616e-07
0.0001437,3.4284761182959433e-07,-2.2845459807926671e-07,3.1435486513799048e-07,-2.1643767119962139e-07
0.0001438,3.3756272368188391e-07,-2.2584892524194945e-07,3.1305813283555255e-07,-2.1547673767608668e-07
0.0001439,3.323916445225412e-07,-2.2328500513793185e-07,3.1175173305937686e-07,-2.1452048183386724e-07
0.000144,3.2735040245937546e-07,-2.2076614384651416e-07,3.1043460308372733e-07,-2.1356841898855628e-07
0.00014410000000000001,3.224535638725308e-07,-2.1829543907712019e-07,3.0910590322299043e-07,-2.1262011012169411e-07
0.00014420000000000001,3.177140588695167e-07,-2.1587574351527218e-07,3.0776503071409079e-07,-2.1167516031864243e-07
0.00014430000000000001,3.1314305760199164e-07,-2.1350963419472907e-07,3.0641162822849485e-07,-2.1073321694943426e-07
0.00014440000000000001,3.0874989977229226e-07,-2.1119938859424199e-07,3.0504558684174082e-07,-2.0979396784161984e-07
0.00014450000000000002,3.0454207757804108e-07,-2.0894696793369907e-07,3.0366704341822007e-07,-2.088571396796725e-07
0.00014459999999999999,3.0052527028786505e-07,-2.0675400791148149e-07,3.022763725041727e-07,-2.0792249683750541e-07
0.00014469999999999999,2.9670342668998837e-07,-2.0462181689112732e-07,3.0087417295927139e-07,-2.0698984081050796e-07
0.0001448,2.9307888988333966e-07,-2.0255138131919198e-07,2.9946124969252603e-07,-2.0605901036291565e-07
0.0001449,2.8965255735551335e-07,-2.0054337794526774e-07,2.980385909982682e-07,-2.0512988244771481e-07
0.000145,2.8642406807115022e-07,-1.9859819222644025e-07,2.966073421076059e-07,-2.0420237389251223e-07
0.0001451,2.8339200742360819e-07,-1.967159421379381e-07,2.9516877567679729e-07,-2.0327644377915034e-07
0.00014520000000000001,2.8055412041387117e-07,-1.9489650648404215e-07,2.937242600216831e-07,-2.0235209638070046e-07
0.00014530000000000001,2.7790752333016433e-07,-1.9313955671174347e-07,2.9227522597359085e-07,-2.0142938446041819e-07
0.00014540000000000001,2.7544890451075064e-07,-1.914445911759788e-07,2.9082313327372488e-07,-2.0050841268658328e-07
0.00014550000000000001,2.7317470546629177e-07,-1.8981097078981307e-07,2.8936943743755893e-07,-1.9958934087801568e-07
0.00014560000000000002,2.7108127468735403e-07,-1.8823795501449984e-07,2.8791555800669911e-07,-1.9867238677008362e-07
0.00014569999999999999,2.6916498782364017e-07,-1.8672473720035265e-07,2.8646284906243236e-07,-1.9775782798215148e-07
0.00014579999999999999,2.6742232953868275e-07,-1.8527047837597363e-07,2.8501257280317887e-07,-1.9684600287598246e-07
0.0001459,2.6584993415137595e-07,-1.8387433869572973e-07,2.8356587688879026e-07,-1.9593731002112334e-07
0.000146,2.6444458410071037e-07,-1.8253550588771686e-07,2.8212377613080166e-07,-1.9503220602710839e-07
0.0001461,2.6320316723462964e-07,-1.812532201905152e-07,2.8068713896280356e-07,-1.9413120156245377e-07
0.0001462,2.6212259584861686e-07,-1.8002679542021183e-07,2.7925667896380046e-07,-1.9323485545419294e-07
0.00014630000000000001,2.6119969220644864e-07,-1.7885563596283151e-07,2.7783295153510317e-07,-1.9234376684665646e-07
0.00014640000000000001,2.604310468909714e-07,-1.7773924963510475e-07,2.7641635565397444e-07,-1.9145856549012643e-07
0.00014650000000000001,2.5981285769050908e-07,-1.7667725649256707e-07,2.7500714045136848e-07,-1.9057990032505417e-07
0.00014660000000000001,2.5934075777022478e-07,-1.7566939378322316e-07,2.7360541619325953e-07,-1.8970842662092997e-07
0.00014670000000000002,2.590096425631541e-07,-1.7471551734328674e-07,2.7221116909190962e-07,-1.8884479201596046e-07
0.00014679999999999999,2.5881350511223868e-07,-1.7381559980577307e-07,2.7082427924086213e-07,-1.8798962187987486e-07
0.00014689999999999999,2.587452894871355e-07,-1.7296972604116808e-07,2.6944454086135867e-07,-1.8714350448300315e-07
0.000147,2.5879677138819007e-07,-1.7217808627146317e-07,2.6807168397247441e-07,-1.863069764965697e-07
0.0001471,2.5895847415084435e-07,-1.7144096729525966e-07,2.6670539655651178e-07,-1.8548050936884101e-07
0.0001472,2.592196271082472e-07,-1.707587422343356e-07,2.6534534628690725e-07,-1.8466449711717623e-07
0.0001473,2.5956817170341155e-07,-1.7013185916408071e-07,2.639912009191967e-07,-1.8385924604631274e-07
0.0001474,2.5999081892281433e-07,-1.6956082892553086e-07,2.6264264651536692e-07,-1.8306496684823617e-07
0.00014750000000000001,2.6047315961907989e-07,-1.6904621234013248e-07,2.6129940277625963e-07,-1.822817694603128e-07
0.00014760000000000001,2.6099982717729451e-07,-1.685886069651149e-07,2.5996123489145552e-07,-1.8150966095847487e-07
0.00014770000000000001,2.6155470983843619e-07,-1.6818863344301784e-07,2.5862796147625385e-07,-1.8074854664480258e-07
0.00014780000000000001,2.621212079071283e-07,-1.6784692141908735e-07,2.5729945834453827e-07,-1.7999823435862141e-07
0.00014789999999999999,2.6268252912087714e-07,-1.6756409493025817e-07,2.5597565805713954e-07,-1.7925844190277175e-07
0.00014799999999999999,2.6322201372123923e-07,-1.673407571141148e-07,2.5465654537962195e-07,-1.7852880733813056e-07
0.00014809999999999999,2.6372347931372708e-07,-1.6717747404967932e-07,2.533421489729693e-07,-1.7780890176626964e-07
0.0001482,2.6417157449244691e-07,-1.6707475752726943e-07,2.5203252981705579e-07,-1.7709824409894052e-07
0.0001483,2.6455212948485782e-07,-1.6703304655408326e-07,2.5072776702173203e-07,-1.7639631721003452e-07
0.0001484,2.6485249177481061e-07,-1.670526874364439e-07,2.4942794180714926e-07,-1.7570258478660294e-07
0.0001485,2.6506183480575989e-07,-1.6713391233835032e-07,2.4813312052671074e-07,-1.7501650814518531e-07
0.00014860000000000001,2.6517142845197586e-07,-1.6727681629740768e-07,2.4684333765855609e-07,-1.7433756226177729e-07
0.00014870000000000001,2.6517486095844233e-07,-1.6748133278038324e-07,2.4555857970123498e-07,-1.7366525028064027e-07
0.00014880000000000001,2.6506820345855026e-07,-1.6774720797743683e-07,2.4427877087509949e-07,-1.7299911581950291e-07
0.00014890000000000001,2.6485010993632617e-07,-1.6807397416140058e-07,2.4300376145347352e-07,-1.7233875247568014e-07
0.00014899999999999999,2.6452184754700331e-07,-1.6846092257042616e-07,2.41733319429622e-07,-1.7168381005669265e-07
0.00014909999999999999,2.6408725447521134e-07,-1.689070764024199e-07,2.4046712607127442e-07,-1.7103399720580136e-07
0.00014919999999999999,2.6355262491417851e-07,-1.6941116463118748e-07,2.3920477573059719e-07,-1.7038908026181844e-07
0.0001493,2.6292652320653265e-07,-1.6997159746035489e-07,2.3794578007172344e-07,-1.6974887837650895e-07
0.0001494,2.6221953160928548e-07,-1.7058644431544421e-07,2.3668957665951513e-07,-1.6911325510370112e-07
0.0001495,2.6144393844465824e-07,-1.7125341533106749e-07,2.3543554163208258e-07,-1.6848210686313814e-07
0.0001496,2.6061337549062262e-07,-1.7196984731401152e-07,2.3418300596627686e-07,-1.6785534885976645e-07
0.00014970000000000001,2.5974241527331773e-07,-1.7273269515008158e-07,2.3293127465014405e-07,-1.6723289919668489e-07
0.00014980000000000001,2.5884614038059228e-07,-1.7353852957030764e-07,2.3167964790928808e-07,-1.6661466204860921e-07
0.00014990000000000001,2.5793969796680521e-07,-1.7438354209933985e-07,2.3042744350396194e-07,-1.6600051085480043e-07
0.00015000000000000001,2.5703785322306594e-07,-1.7526355787598136e-07,2.2917401902817475e-07,-1.6539027253977006e-07
0.00015010000000000002,2.561545557196243e-07,-1.7617405686488818e-07,2.2791879310657266e-07,-1.6478371377189694e-07
0.00015019999999999999,2.5530253218033743e-07,-1.7711020377317501e-07,2.2666126440317606e-07,-1.6418053022199468e-07
0.00015029999999999999,2.5449291843254732e-07,-1.7806688675122866e-07,2.2540102742888281e-07,-1.6358033968520428e-07
0.0001504,2.5373494201579295e-07,-1.7903876470007031e-07,2.2413778426098949e-07,-1.6298267978260982e-07
0.0001505,2.5303566527215771e-07,-1.8002032273596143e-07,2.2287135146343712e-07,-1.6238701076778607e-07
0.0001506,2.5239979673693996e-07,-1.8100593508541539e-07,2.2160166171477893e-07,-1.6179272373494492e-07
0.0001507,2.5182957637051577e-07,-1.8198993440981966e-07,2.2032875990305215e-07,-1.6119915426803406e-07
0.00015080000000000001,2.51324737700629e-07,-1.8296668629830579e-07,2.1905279372211786e-07,-1.6060560129488183e-07
0.00015090000000000001,2.508825473659626e-07,-1.8393066743011461e-07,2.1777399909015469e-07,-1.6001135062896727e-07
0.00015100000000000001,2.5049791995784635e-07,-1.8487654570293532e-07,2.1649268099459896e-07,-1.5941570240693671e-07
0.00015110000000000001,2.5016360353921742e-07,-1.8579926046024477e-07,2.1520919063484239e-07,-1.5881800137562665e-07
0.00015120000000000002,2.498704288677452e-07,-1.8669410083618988e-07,2.1392389997088818e-07,-1.5821766876148572e-07
0.00015129999999999999,2.496076132467967e-07,-1.8755678017730333e-07,2.1263717497972979e-07,-1.5761423428014836e-07
0.00015139999999999999,2.4936310814819339e-07,-1.8838350450095056e-07,2.1134934906005219e-07,-1.5700736672562997e-07
0.0001515,2.4912397835741622e-07,-1.8917103301362964e-07,2.1006069810032309e-07,-1.5639690152599113e-07
0.0001516,2.4887679943406185e-07,-1.8991672883883627e-07,2.0877141872830801e-07,-1.5578286367217882e-07
0.0001517,2.4860805979123799e-07,-1.9061859829279154e-07,2.0748161118762997e-07,-1.5516548452245258e-07
0.0001518,2.4830455369355414e-07,-1.9127531729341987e-07,2.0619126813812576e-07,-1.545452111570229e-07
0.00015190000000000001,2.4795375195324531e-07,-1.918862437880014e-07,2.0490027045440312e-07,-1.5392270720310168e-07
0.00015200000000000001,2.4754413804907019e-07,-1.9245141543040256e-07,2.0360839080707207e-07,-1.5329884436318628e-07
0.00015210000000000001,2.4706549876745434e-07,-1.9297153212047753e-07,2.0231530546355706e-07,-1.5267468424929143e-07
0.00015220000000000001,2.4650916021886699e-07,-1.9344792342541911e-07,2.0102061435262875e-07,-1.5205145054003971e-07
0.00015230000000000002,2.4586816214995704e-07,-1.9388250132366427e-07,1.9972386901453942e-07,-1.5143049192060025e-07
0.00015239999999999999,2.4513736577755259e-07,-1.9427769913378087e-07,1.9842460762451025e-07,-1.5081323671968101e-07
0.00015249999999999999,2.4431349282977265e-07,-1.9463639790055848e-07,1.9712239585030823e-07,-1.5020114060383352e-07
0.0001526,2.4339509600233487e-07,-1.9496184189531761e-07,1.9581687190486004e-07,-1.4959562910743175e-07
0.0001527,2.4238246353265806e-07,-1.9525754523472975e-07,1.9450779380184935e-07,-1.4899803714691098e-07
0.0001528,2.4127746296981948e-07,-1.955271919205921e-07,1.9319508653480951e-07,-1.4840954797120392e-07
0.0001529,2.4008333138865501e-07,-1.9577453184170239e-07,1.9187888669535619e-07,-1.4783113421987536e-07
0.00015300000000000001,2.3880442118286869e-07,-1.9600327544956319e-07,1.9055958193800838e-07,-1.4726350388148044e-07
0.00015310000000000001,2.374459121070945e-07,-1.962169899154045e-07,1.8923784269832827e-07,-1.4670705395623834e-07
0.00015320000000000001,2.3601350136669099e-07,-1.9641899959246681e-07,1.8791464368474699e-07,-1.4616183452200461e-07
0.00015330000000000001,2.3451308423694134e-07,-1.9661229354254e-07,1.865912728943843e-07,-1.456275256780119e-07
0.00015340000000000002,2.3295043790712673e-07,-1.967994427398237e-07,1.8526932624703875e-07,-1.4510342949943301e-07
0.00015349999999999999,2.3133092098377201e-07,-1.9698252934120379e-07,1.8395068638150857e-07,-1.4458847868426306e-07
0.00015359999999999999,2.2965920036292896e-07,-1.971630901154308e-07,1.8263748470212962e-07,-1.4408126302485365e-07
0.0001537,2.2793901602240423e-07,-1.9734207576217417e-07,1.8133204638371909e-07,-1.435800742060582e-07
0.0001538,2.2617299273608306e-07,-1.975198274353514e-07,1.8003681871886692e-07,-1.4308296874146911e-07
0.0001539,2.2436250583297465e-07,-1.9769607132514709e-07,1.7875428389825944e-07,-1.4258784813301227e-07
0.000154,2.2250760598443502e-07,-1.9786993166286869e-07,1.7748685802517958e-07,-1.4209255460430901e-07
0.00015410000000000001,2.2060700568479374e-07,-1.9803996200642047e-07,1.7623677885114501e-07,-1.4159498004343193e-07
0.00015420000000000001,2.1865812768035265e-07,-1.9820419415652751e-07,1.7500598535163982e-07,-1.4109318512543929e-07
0.00015430000000000001,2.166572131897158e-07,-1.9836020355988447e-07,1.737959928109986e-07,-1.4058552499798989e-07
0.00015440000000000001,2.1459948543479828e-07,-1.9850518958981071e-07,1.7260776752726187e-07,-1.4007077743151659e-07
0.00015450000000000001,2.1247936185335511e-07,-1.9863606867166501e-07,1.7144160555819861e-07,-1.3954826898291087e-07
0.00015459999999999999,2.1029070647051566e-07,-1.9874957785190723e-07,1.7029702008963956e-07,-1.3901799451838344e-07
0.00015469999999999999,2.0802711233904283e-07,-1.9884238610737217e-07,1.6917264200277898e-07,-1.3848072540236719e-07
0.0001548,2.0568220277408559e-07,-1.9891121046416958e-07,1.6806613804041384e-07,-1.3793810179396575e-07
0.0001549,2.0324993935194329e-07,-1.9895293385051721e-07,1.6697415062127242e-07,-1.3739270480366121e-07
0.000155,2.0072492434173503e-07,-1.9896472154915491e-07,1.6589226283223183e-07,-1.3684810474665498e-07
0.0001551,1.9810268540482323e-07,-1.9894413314458028e-07,1.6481499145191101e-07,-1.3630888237462962e-07
0.0001552,1.9537993102298271e-07,-1.988892269773248e-07,1.6373581004477737e-07,-1.3578062075740957e-07
0.00015530000000000001,1.9255476617914068e-07,-1.9879865431836477e-07,1.6264720323702844e-07,-1.3526986639621415e-07
0.00015540000000000001,1.8962685927434066e-07,-1.9867174075551435e-07,1.6154075227417364e-07,-1.3478405915158502e-07
0.00015550000000000001,1.865975530669974e-07,-1.9850855263194683e-07,1.6040725089999619e-07,-1.3433143162789834e-07
0.00015560000000000001,1.8346991449841816e-07,-1.9830994678443334e-07,1.5923684952471933e-07,-1.3392087973511396e-07
0.00015569999999999999,1.8024872054469463e-07,-1.9807760228335321e-07,1.5801922460651381e-07,-1.3356180720787081e-07
0.00015579999999999999,1.7694037962485159e-07,-1.9781403336454611e-07,1.5674376919429909e-07,-1.3326394786194688e-07
0.00015589999999999999,1.7355279050982669e-07,-1.9752258325025923e-07,1.5539979970984025e-07,-1.3303717026960888e-07
0.000156,1.7009514302684179e-07,-1.972073990679323e-07,1.5397677331915579e-07,-1.3289127030155791e-07
0.0001561,1.6657766705183903e-07,-1.9687338857650528e-07,1.5246450968865505e-07,-1.3283575758158614e-07
0.0001562,1.6301133824739827e-07,-1.9652615988591996e-07,1.5085341056630986e-07,-1.3287964230318772e-07
0.0001563,1.5940755066209477e-07,-1.9617194579300763e-07,1.4913467049174099e-07,-1.3303122904456275e-07
0.00015640000000000001,1.5577776759813685e-07,-1.9581751474380832e-07,1.4730047203274446e-07,-1.3329792417650745e-07
0.00015650000000000001,1.5213316302948232e-07,-1.9547007075801207e-07,1.453441592730245e-07,-1.336860631815593e-07
0.00015660000000000001,1.4848426627998452e-07,-1.9513714490708703e-07,1.4326038383090424e-07,-1.3420076369649416e-07
0.00015670000000000001,1.4484062263451169e-07,-1.9482648111740991e-07,1.4104521845760547e-07,-1.3484580936613053e-07
0.00015680000000000002,1.4121048205656918e-07,-1.945459191693695e-07,1.3869623422364609e-07,-1.3562356867576899e-07
0.00015689999999999999,1.3760052724192486e-07,-1.9430327778147277e-07,1.3621253842264474e-07,-1.3653495184126558e-07
0.00015699999999999999,1.3401565088360177e-07,-1.9410624060591406e-07,1.3359477156637151e-07,-1.3757940761596642e-07
0.0001571,1.30458790308915e-07,-1.9396224782225644e-07,1.3084506317055924e-07,-1.3875496056413002e-07
0.0001572,1.2693082563669737e-07,-1.9387839580446326e-07,1.2796694739135677e-07,-1.4005828799738532e-07
0.0001573,1.2343054536603704e-07,-1.9386134706119059e-07,1.249652409183621e-07,-1.4148483442274997e-07
0.0001574,1.1995468092838339e-07,-1.9391725231947451e-07,1.2184588681283553e-07,-1.4302896005754622e-07
0.00015750000000000001,1.1649800929947932e-07,-1.9405168624861264e-07,1.1861576915083337e-07,-1.4468411877650867e-07
0.00015760000000000001,1.1305352036484005e-07,-1.9426959791612235e-07,1.1528250434616271e-07,-1.4644305981516507e-07
0.00015770000000000001,1.0961264344960018e-07,-1.9457527664380494e-07,1.1185421584769776e-07,-1.4829804670171889e-07
0.00015780000000000001,1.0616552534307416e-07,-1.9497233350206612e-07,1.0833929949668998e-07,-1.5024108626169604e-07
0.00015790000000000002,1.0270135034527903e-07,-1.9546369825751215e-07,1.0474618716761218e-07,-1.5226416016168145e-07
0.00015799999999999999,9.9208691401544389e-08,-1.9605163118468177e-07,1.0108311638503283e-07,-1.5435945134809272e-07
0.00015809999999999999,9.5675880324082473e-08,-1.9673774877890271e-07,9.7357913403190654e-08,-1.5651955790153831e-07
0.0001582,9.2091384463346468e-08,-1.9752306207375328e-07,9.357779675905507e-08,-1.5873768726388984e-07
0.0001583,8.8444177008624967e-08,-1.9840802598199777e-07,8.9749207578289009e-08,-1.6100782449077002e-07
0.0001584,8.4724088371460224e-08,-1.9939259784993479e-07,8.5877671951585289e-08,-1.6332486911306888e-07
0.0001585,8.092212682527755e-08,-2.0047630324670432e-07,8.1967699539907327e-08,-1.6568473632509504e-07
0.00015860000000000001,7.7030757712014521e-08,-2.0165830690506555e-07,7.8022721252951279e-08,-1.680844195129677e-07
0.00015870000000000001,7.3044132038381569e-08,-2.0293748668925975e-07,7.404506742366934e-08,-1.7052201254762897e-07
0.00015880000000000001,6.8958257114078047e-08,-2.0431250848755608e-07,7.0035986425625858e-08,-1.729966917398128e-07
0.00015890000000000001,6.4771103963945458e-08,-2.0578190000877456e-07,6.5995702204505645e-08,-1.7550865883414118e-07
0.00015900000000000002,6.048264849904711e-08,-2.0734412159856123e-07,6.1923507776179889e-08,-1.7805904784995641e-07
0.00015909999999999999,5.6094845775537511e-08,-2.0899763237598389e-07,5.7817890435401358e-08,-1.8064979990260753e-07
0.00015919999999999999,5.1611539019639175e-08,-2.1074095021636932e-07,5.367668327195835e-08,-1.8328351130931183e-07
0.0001593,4.7038307367153296e-08,-2.1257270436347014e-07,4.9497236649479326e-08,-1.859632612525347e-07
0.0001594,4.2382258375237963e-08,-2.1449167973361808e-07,4.5276602603185907e-08,-1.8869242600266097e-07
0.0001595,3.7651773237696512e-08,-2.1649685226673621e-07,4.1011724684559205e-08,-1.9147448716115213e-07
0.0001596,3.2856214206902867e-08,-2.1858741497418653e-07,3.6699625640829156e-08,-1.9431284155624776e-07
0.00015970000000000001,2.8005604941458525e-08,-2.207627946219743e-07,3.2337585471820656e-08,-1.9721062029771181e-07
0.00015980000000000001,2.3110295317889114e-08,-2.2302265926098962e-07,2.7923302851152484e-08,-2.0017052407858496e-07
0.00015990000000000001,1.8180622641168264e-08,-2.253669170657986e-07,2.3455033616605735e-08,-2.0319468111571444e-07
0.00016000000000000001,1.3226581152329226e-08,-2.2779570716318106e-07,1.8931700998577353e-08,-2.0628453317317469e-07
0.00016010000000000002,8.2575112675774085e-09,-2.3030938331563509e-07,1.4352973428683905e-08,-2.094407539500365e-07
0.00016019999999999999,3.2818191134562593e-09,-2.3290849146936093e-07,9.7193071073498649e-09,-2.1266320278139106e-07
0.00016029999999999999,-1.6932643172454427e-09,-2.3559374227825623e-07,5.0319519569939887e-09,-2.1595091515163767e-07
0.0001604,-6.6618766247721617e-09,-2.383659797742075e-07,2.9292108934906237e-10,-2.1930213000892514e-07
0.0001605,-1.161966413360539e-08,-2.4122614736998679e-07,-4.495074588460558e-09,-2.2271435235978661e-07
0.0001606,-1.6563864763830444e-08,-2.4417525235634738e-07,-9.3287235738404495e-09,-2.2618444817387918e-07
0.0001607,-2.1493331837285642e-08,-2.4721432999275859e-07,-1.4204238411990917e-08,-2.2970876729922928e-07
0.00016080000000000001,-2.6408499175155462e-08,-2.5034440819609909e-07,-1.9117502288844213e-08,-2.3328328893270514e-07
0.00016090000000000001,-3.1311289961708256e-08,-2.5356647370895618e-07,-2.4064231171712151e-08,-2.3690378325640881e-07
0.00016100000000000001,-3.6204973845777036e-08,-2.5688144048509984e-07,-2.9040144448005434e-08,-2.4056598217746084e-07
0.00016110000000000001,-4.1093978555574373e-08,-2.6029012087084063e-07,-3.404113665291362e-08,-2.4426575172526555e-07
0.00016120000000000002,-4.5983663849745602e-08,-2.6379319999419536e-07,-3.9063442821854733e-08,-2.4799925858407512e-07
0.00016129999999999999,-5.0880066864711303e-08,-2.67391213605892e-07,-4.4103790256864543e-08,-2.5176312347486205e-07
0.00016139999999999999,-5.5789628804015068e-08,-2.7108452945380826e-07,-4.9159530049456454e-08,-2.5555455464143019e-07
0.0001615,-6.0718913421840637e-08,-2.7487333212150575e-07,-5.422874253520089e-08,-2.5937145552132788e-07
0.0001616,-6.56743278668261e-08,-2.7875761112745644e-07,-5.9310311935274017e-08,-2.6321250176095e-07
0.0001617,-7.0661856175308061e-08,-2.8273715196884702e-07,-6.4403966724888792e-08,-2.6707718402319111e-07
0.0001618,-7.5686815051265596e-08,-2.8681152970597846e-07,-6.9510283706865537e-08,-2.7096581448433996e-07
0.00016190000000000001,-8.0753640573377818e-08,-2.909801046226449e-07,-7.4630655302563988e-08,-2.7487949646561529e-07
0.00016200000000000001,-8.5865713170121552e-08,-2.9524201946571349e-07,-7.9767221139719166e-08,-2.7882005823082628e-07
0.00016210000000000001,-9.1025226654821195e-08,-2.9959619776353544e-07,-8.4922766553074302e-08,-2.82789953539554e-07
0.00016220000000000001,-9.6233105375719539e-08,-3.040413427467405e-07,-9.0100592055324284e-08,-2.8679213301031437e-07
0.00016230000000000001,-1.0148897167931675e-07,-3.0857593644432924e-07,-9.5304359122291993e-08,-2.9082989165790472e-07
0.00016239999999999999,-1.0679116397978501e-07,-3.1319823859971917e-07,-1.0053791871258045e-07,-2.9490669906801397e-07
0.00016249999999999999,-1.1213680384531148e-07,-3.1790628514168954e-07,-1.0580512976136101e-07,-2.990260195112376e-07
0.00016259999999999999,-1.1752190872386474e-07,-3.2269788604949479e-07,-1.1110967541333746e-07,-3.0319112984010398e-07
0.0001627,-1.2294154530158678e-07,-3.2757062256482036e-07,-1.164548849662161e-07,-3.0740494322999798e-07
0.0001628,-1.2839001707518702e-07,-3.3252184382049088e-07,-1.2184356937012011e-07,-3.1166984670418397e-07
0.0001629,-1.338610785745578e-07,-3.3754866307160072e-07,-1.2727787767134962e-07,-3.1598755992493097e-07
0.000163,-1.3934816783159123e-07,-3.426479538238154e-07,-1.3275918101470899e-07,-3.2035902195067192e-07
0.00016310000000000001,-1.4484464818185537e-07,-3.4781634625109543e-07,-1.38287989754584e-07,-3.2478431158071303e-07
0.00016320000000000001,-1.5034405032030247e-07,-3.5305022437661046e-07,-1.438639079105448e-07,-3.2926260557394878e-07
0.00016330000000000001,-1.5584030571008389e-07,-3.5834572455233529e-07,-1.4948562768851289e-07,-3.3379217748735114e-07
0.00016340000000000001,-1.6132796295122887e-07,-3.6369873581172324e-07,-1.5515096513236826e-07,-3.3837043819360201e-07
0.00016350000000000002,-1.6680237952738152e-07,-3.6910490268374552e-07,-1.6085693623885797e-07,-3.4299401737185555e-07
0.00016359999999999999,-1.72259882426727e-07,-3.745596310441855e-07,-1.6659987113009516e-07,-3.4765888349260985e-07
0.00016369999999999999,-1.7769789243083392e-07,-3.8005809754108688e-07,-1.723755622036973e-07,-3.5236049810884857e-07
0.0001638,-1.8311500832792072e-07,-3.8559526306629106e-07,-1.7817944063970952e-07,-3.5709399869252067e-07
0.0001639,-1.88511048875196e-07,-3.9116589065564336e-07,-1.8400677430086538e-07,-3.6185440288420812e-07
0.000164,-1.9388705194565106e-07,-3.9676456808912387e-07,-1.8985287897600283e-07,-3.6663682591389882e-07
0.0001641,-1.9924523188480561e-07,-4.0238573533208878e-07,-1.9571333413439167e-07,-3.7143670215228022e-07
0.00016420000000000001,-2.0458889761131297e-07,-4.0802371681388654e-07,-2.015841939178445e-07,-3.7625000130269374e-07
0.00016430000000000001,-2.0992233536535e-07,-4.136727583847784e-07,-2.0746218402212729e-07,-3.8107342966882045e-07
0.00016440000000000001,-2.152506611903235e-07,-4.1932706863119417e-07,-2.1334487541885833e-07,-3.8590460724251603e-07
0.00016450000000000001,-2.2057964918508488e-07,-4.2498086406799879e-07,-2.1923082653887187e-07,-3.9074221204491217e-07
0.00016460000000000002,-2.2591554225405433e-07,-4.3062841756981697e-07,-2.2511968655834463e-07,-3.9558608420216278e-07
0.00016469999999999999,-2.3126485249101417e-07,-4.3626410925671779e-07,-2.3101225376589171e-07,-4.0043728361015483e-07
0.00016479999999999999,-2.366341584501876e-07,-4.4188247891760919e-07,-2.3691048459566899e-07,-4.0529809669254736e-07
0.0001649,-2.4202990638880637e-07,-4.4747827894210714e-07,-2.4281745073023898e-07,-4.101719896237145e-07
0.000165,-2.4745822212348801e-07,-4.5304652664249688e-07,-2.4873724364043134e-07,-4.1506350740396428e-07
0.0001651,-2.5292473945394582e-07,-4.5858255478517389e-07,-2.5467482796386593e-07,-4.1997812026277656e-07
0.0001652,-2.5843445020693196e-07,-4.6408205911839484e-07,-2.6063584715172224e-07,-4.2492202094709289e-07
0.00016530000000000001,-2.63991579883902e-07,-4.6954114168228077e-07,-2.6662638675639917e-07,-4.2990187844547907e-07
0.00016540000000000001,-2.6959949170674379e-07,-4.749563487189342e-07,-2.7265270251476194e-07,-4.3492455552688471e-07
0.00016550000000000001,-2.7526062060000999e-07,-4.8032470206554617e-07,-2.7872092193190449e-07,-4.3999679906195189e-07
0.00016560000000000001,-2.8097643738003998e-07,-4.8564372301086251e-07,-2.8483672932584494e-07,-4.4512491338076538e-07
0.00016570000000000002,-2.8674744219509756e-07,-4.9091144772388246e-07,-2.9100504520197674e-07,-4.5031442784984036e-07
0.00016579999999999999,-2.9257318512722217e-07,-4.9612643352086339e-07,-2.9722971134782247e-07,-4.5556977038219292e-07
0.00016589999999999999,-2.9845231087189637e-07,-5.0128775541948652e-07,-3.0351319314819078e-07,-4.6089395870187083e-07
0.000166,-3.0438262359498709e-07,-5.0639499263360116e-07,-3.0985631030824006e-07,-4.6628832085776477e-07
0.0001661,-3.1036116745837207e-07,-5.114482048838318e-07,-3.1625800644333029e-07,-4.7175225572773672e-07
0.0001662,-3.1638431792720802e-07,-5.1644789863353887e-07,-3.2271516687122607e-07,-4.7728304309522574e-07
0.0001663,-3.2244787883348472e-07,-5.2139498360074627e-07,-3.2922249246152868e-07,-4.8287571135488505e-07
0.00016640000000000001,-3.2854718027213872e-07,-5.2629072013898186e-07,-3.3577243560937698e-07,-4.8852296906376978e-07
0.00016650000000000001,-3.3467717273671383e-07,-5.3113665831764157e-07,-3.4235520236827147e-07,-4.942152044646781e-07
0.00016660000000000001,-3.4083251344046939e-07,-5.3593456975953896e-07,-3.4895882257248922e-07,-4.9994055484296625e-07
0.00016670000000000001,-3.4700764148600008e-07,-5.4068637350391364e-07,-3.5556928748218786e-07,-5.0568504521893318e-07
0.00016680000000000002,-3.5319683940424667e-07,-5.4539405735171237e-07,-3.6217075217699928e-07,-5.1143279351067695e-07
0.00016689999999999999,-3.5939427953871211e-07,-5.5005959631115798e-07,-3.6874579769075194e-07,-5.1716627701289455e-07
0.00016699999999999999,-3.6559405475521984e-07,-5.5468486989069222e-07,-3.7527574580264618e-07,-5.2286665291003626e-07
0.0001671,-3.7179019396228881e-07,-5.5927158007912126e-07,-3.8174101755467514e-07,-5.2851412365478218e-07
0.0001672,-3.7797666388311233e-07,-5.6382117190569531e-07,-3.8812152501969784e-07,-5.3408833646560939e-07
0.0001673,-3.8414735938071437e-07,-5.6833475848324374e-07,-3.9439708465573796e-07,-5.395688049871321e-07
0.0001674,-3.9029608536120061e-07,-5.7281305240354329e-07,-4.0054783979420087e-07,-5.4493534035955251e-07
0.00016750000000000001,-3.964165338306991e-07,-5.7725630527495924e-07,-4.0655467945154297e-07,-5.501684785878118e-07
0.00016760000000000001,-4.0250226003221267e-07,-5.8166425706825446e-07,-4.1239964073903379e-07,-5.5524989119983151e-07
0.00016770000000000001,-4.0854666172113643e-07,-5.8603609676847419e-07,-4.1806628267035834e-07,-5.601627667331395e-07
0.00016780000000000001,-4.1454296554471361e-07,-5.9037043562129348e-07,-4.2354002011284804e-07,-5.6489215156911942e-07
0.00016790000000000002,-4.2048422417386589e-07,-5.9466529401443481e-07,-4.2880840796011214e-07,-5.6942524000813223e-07
0.00016799999999999999,-4.263633273087935e-07,-5.9891810275309341e-07,-4.3386136727297387e-07,-5.7375160519592053e-07
0.00016809999999999999,-4.3217302896563647e-07,-6.0312571917804242e-07,-4.3869134708093398e-07,-5.7786336450835486e-07
0.0001682,-4.3790599258248423e-07,-6.0728445824243972e-07,-4.4329341768625223e-07,-5.8175527520482723e-07
0.0001683,-4.4355485449897748e-07,-6.1139013831530632e-07,-4.4766529358970472e-07,-5.8542475848948124e-07
0.0001684,-4.4911230531046894e-07,-6.1543814112385204e-07,-4.5180728647768394e-07,-5.8887185248927826e-07
0.0001685,-4.5457118752502251e-07,-6.1942348489146619e-07,-4.5572219099178332e-07,-5.9209909698307355e-07
0.00016860000000000001,-4.5992460691105364e-07,-6.2334090938179119e-07,-4.5941510816229205e-07,-5.9511135491305972e-07
0.00016870000000000001,-4.6516605396632071e-07,-6.2718497123052469e-07,-4.628932133497975e-07,-5.9791557770105634e-07
0.00016880000000000001,-4.7028953111368379e-07,-6.3095014764413518e-07,-4.6616547723601213e-07,-6.0052052310806777e-07
0.00016890000000000001,-4.7528968057902121e-07,-6.3463094627687374e-07,-4.6924234977791573e-07,-6.0293643575753471e-07
0.00016900000000000002,-4.8016190746845069e-07,-6.3822201887228599e-07,-4.7213541804303329e-07,-6.0517470144527799e-07
0.00016909999999999999,-4.8490249236334425e-07,-6.4171827608009189e-07,-4.7485704944690675e-07,-6.0724748695193509e-07
0.00016919999999999999,-4.8950868781026102e-07,-6.4511500074012518e-07,-4.774200321009063e-07,-6.0916737724117152e-07
0.0001693,-4.9397879340549288e-07,-6.4840795686724862e-07,-4.7983722374889981e-07,-6.1094702167054055e-07
0.0001694,-4.983122047554443e-07,-6.5159349157868035e-07,-4.8212122014083755e-07,-6.125988001786661e-07
0.0001695,-5.0250943241796213e-07,-6.5466862728044294e-07,-4.8428405268962482e-07,-6.1413451937395672e-07
0.0001696,-5.0657208796822983e-07,-6.5763114157351325e-07,-4.8633692392907614e-07,-6.1556514708275435e-07
0.0001697,-5.1050283554795105e-07,-6.6047963255186535e-07,-4.8828998768981764e-07,-6.169005922753539e-07
0.00016980000000000001,-5.1430530860148019e-07,-6.6321356744130929e-07,-4.9015217910224201e-07,-6.1814953544411395e-07
0.00016990000000000001,-5.1798399292348869e-07,-6.6583331286543524e-07,-4.9193109759192393e-07,-6.1931931253171996e-07
0.00017000000000000001,-5.2154407858098818e-07,-6.6834014541690057e-07,-4.9363294402883554e-07,-6.2041585347704296e-07
0.00017010000000000001,-5.2499128466688099e-07,-6.707362416508894e-07,-4.9526251120413738e-07,-6.2144367443856319e-07
0.00017020000000000002,-5.2833166213149568e-07,-6.7302464709344404e-07,-4.968232249107975e-07,-6.2240592084621932e-07
0.00017029999999999999,-5.315713810642886e-07,-6.7520922435973279e-07,-4.9831723116745364e-07,-6.2330445669212459e-07
0.00017039999999999999,-5.3471650970664349e-07,-6.7729458099429417e-07,-4.9974552361001918e-07,-6.2413999396079159e-07
0.0001705,-5.3777279312267393e-07,-6.7928597816407966e-07,-5.0110810383544513e-07,-6.2491225487222797e-07
0.0001706,-5.4074543980187904e-07,-6.8118922184239471e-07,-5.0240416655723621e-07,-6.2562015870648737e-07
0.0001707,-5.4363892449062322e-07,-6.8301053860402181e-07,-5.0363230085042902e-07,-6.262620244219765e-07
0.0001708,-5.4645681523660174e-07,-6.847564385955e-07,-5.0479069853846694e-07,-6.2683578008426195e-07
0.00017090000000000001,-5.4920163198311817e-07,-6.8643356863683136e-07,-5.0587736090502763e-07,-6.2733917028483316e-07
0.00017100000000000001,-5.5187474308342028e-07,-6.8804855873975578e-07,-5.0689029538605974e-07,-6.2776995323343032e-07
0.00017110000000000001,-5.5447630484829911e-07,-6.8960786558247616e-07,-5.0782769468285098e-07,-6.2812608002354584e-07
0.00017120000000000001,-5.5700524773418868e-07,-6.9111761665216687e-07,-5.0868809179676249e-07,-6.2840584965680092e-07
0.00017130000000000002,-5.594593110769828e-07,-6.9258345884760053e-07,-5.0947048577018941e-07,-6.2860803471651653e-07
0.00017139999999999999,-5.6183512644105546e-07,-6.9401041531978302e-07,-5.1017443436890711e-07,-6.2873197404501541e-07
0.00017149999999999999,-5.6412834775310562e-07,-6.9540275421606718e-07,-5.1080011149537253e-07,-6.2877763033857514e-07
0.0001716,-5.6633382450054064e-07,-6.9676387278286667e-07,-5.1134832871440512e-07,-6.2874561216194654e-07
0.0001717,-5.6844581246999475e-07,-6.9809619997657098e-07,-5.1182052183635654e-07,-6.2863716143493302e-07
0.0001718,-5.7045821485771151e-07,-6.9940112033701256e-07,-5.1221870497485607e-07,-6.2845410889312601e-07
0.0001719,-5.723648451700791e-07,-7.0067892140097492e-07,-5.125453958178318e-07,-6.2819880131642469e-07
0.00017200000000000001,-5.7415970221245903e-07,-7.0192876638533716e-07,-5.1280351697127472e-07,-6.278740054025902e-07
0.00017210000000000001,-5.7583724669055967e-07,-7.0314869326344611e-07,-5.1299627911285216e-07,-6.2748279399856605e-07
0.00017220000000000001,-5.7739266856161477e-07,-7.0433564070904565e-07,-5.1312705229686344e-07,-6.2702842096193345e-07
0.00017230000000000001,-5.7882213429897648e-07,-7.0548550070609882e-07,-5.1319923206389009e-07,-6.2651419119107589e-07
0.00017240000000000002,-5.8012300368423742e-07,-7.0659319693779362e-07,-5.1321610702167642e-07,-6.2594333233276512e-07
0.00017249999999999999,-5.8129400661008915e-07,-7.0765278739239189e-07,-5.1318073428498573e-07,-6.2531887435828068e-07
0.00017259999999999999,-5.8233537164260515e-07,-7.0865758897596309e-07,-5.1309582860927505e-07,-6.2464354261503157e-07
0.0001727,-5.8324889971524819e-07,-7.0960032132080796e-07,-5.1296367025638706e-07,-6.2391966914195834e-07
0.0001728,-5.8403797825533179e-07,-7.1047326644095712e-07,-5.1278603562887542e-07,-6.2314912602478527e-07
0.0001729,-5.847075332104052e-07,-7.1126844042862117e-07,-5.125641535511301e-07,-6.223332834108657e-07
0.000173,-5.8526391876954046e-07,-7.119777730220548e-07,-5.1229868881278937e-07,-6.2147299355646546e-07
0.00017310000000000001,-5.8571474697710161e-07,-7.1259329061780336e-07,-5.1198975328063316e-07,-6.2056860099945648e-07
0.00017320000000000001,-5.8606866182348662e-07,-7.1310729815781569e-07,-5.1163694358646102e-07,-6.1961997769487704e-07
0.00017330000000000001,-5.8633506467614758e-07,-7.1351255530041923e-07,-5.1123940316786824e-07,-6.1862658077526221e-07
0.00017340000000000001,-5.8652379999443029e-07,-7.1380244238632867e-07,-5.10795905328665e-07,-6.175875295532276e-07
0.00017350000000000002,-5.866448120683482e-07,-7.1397111193586996e-07,-5.1030495304325319e-07,-6.165016975153222e-07
0.00017359999999999999,-5.8670778495815679e-07,-7.1401362175712223e-07,-5.0976489049423926e-07,-6.1536781439994047e-07
0.00017369999999999999,-5.8672177882427364e-07,-7.139260461988577e-07,-5.0917402083410524e-07,-6.141845730346207e-07
0.0001738,-5.8669487637625868e-07,-7.1370556263587854e-07,-5.0853072441983299e-07,-6.1295073544548926e-07
0.0001739,-5.8663385320266439e-07,-7.1335051091342134e-07,-5.0783357179207295e-07,-6.1166523284787531e-07
0.000174,-5.8654388525663623e-07,-7.1286042418485964e-07,-5.0708142595379197e-07,-6.1032725447559437e-07
0.0001741,-5.8642830577071664e-07,-7.122360303338848e-07,-5.0627352903370221e-07,-6.0893632078895099e-07
0.00017420000000000001,-5.8628842238359405e-07,-7.1147922395789675e-07,-5.0540956917105031e-07,-6.0749233738974448e-07
0.00017430000000000001,-5.8612340332594513e-07,-7.1059300968157954e-07,-5.0448972439672587e-07,-6.0599562692883136e-07
0.00017440000000000001,-5.8593023919425152e-07,-7.0958141834619072e-07,-5.0351468136862061e-07,-6.0444693737368393e-07
0.00017450000000000001,-5.857037842186673e-07,-7.084493983587696e-07,-5.0248562799827271e-07,-6.0284742616065797e-07
0.00017460000000000002,-5.8543687809494528e-07,-7.0720268516491221e-07,-5.0140422022915919e-07,-6.0119862093675812e-07
0.00017469999999999999,-5.8512054650249087e-07,-7.0584765240913294e-07,-5.0027252444069225e-07,-5.9950235874588146e-07
0.00017479999999999999,-5.8474427547847894e-07,-7.0439114885040081e-07,-4.9909293810253325e-07,-5.9776070658245955e-07
0.0001749,-5.8429635197186047e-07,-7.0284032549213422e-07,-4.9786809234152295e-07,-5.9597586717413823e-07
0.000175,-5.8376426026946149e-07,-7.0120245765386144e-07,-4.9660074096240537e-07,-5.9415007462179059e-07
0.0001751,-5.831351216719667e-07,-6.9948476684752342e-07,-4.9529364114569195e-07,-5.9228548508569136e-07
0.0001752,-5.823961628933165e-07,-6.9769424732050011e-07,-4.9394943150106943e-07,-5.9038406803550763e-07
0.00017530000000000001,-5.8153519724240299e-07,-6.9583750198932554e-07,-4.9257051336278181e-07,-5.8844750366318243e-07
0.00017540000000000001,-5.8054110178375218e-07,-6.9392059221626285e-07,-4.9115894116425598e-07,-5.8647709188763635e-07
0.00017550000000000001,-5.7940427340756796e-07,-6.9194890548292964e-07,-4.8971632742440987e-07,-5.8447367796376445e-07
0.00017560000000000001,-5.7811704709123193e-07,-6.8992704450228949e-07,-4.88243767329213e-07,-5.8243759906302512e-07
0.00017570000000000002,-5.7667406060369346e-07,-6.8785874069729229e-07,-4.8674178712110665e-07,-5.8036865534485442e-07
0.00017579999999999999,-5.7507255146783384e-07,-6.8574679427903994e-07,-4.8521031954811002e-07,-5.7826610802269436e-07
0.00017589999999999999,-5.7331257410805944e-07,-6.835930423998712e-07,-4.8364870851231167e-07,-5.7612870578797138e-07
0.000176,-5.7139712770419334e-07,-6.8139835605936168e-07,-4.8205574384031204e-07,-5.7395473973752616e-07
0.0001761,-5.6933218826225768e-07,-6.7916266562736753e-07,-4.8042972582642244e-07,-5.717421257061866e-07
0.0001762,-5.6712664169596485e-07,-6.7688501404181282e-07,-4.78768557924882e-07,-5.6948851168846208e-07
0.0001763,-5.6479211817501985e-07,-6.7456363596364152e-07,-4.7706986474334606e-07,-5.6719140689331674e-07
0.00017640000000000001,-5.6234273151448294e-07,-6.7219606044999504e-07,-4.7533113136690824e-07,-5.6484832796197272e-07
0.00017650000000000001,-5.5979473082615228e-07,-6.6977923406032281e-07,-4.7354985906637596e-07,-5.6245695703369756e-07
0.00017660000000000001,-5.571660749013825e-07,-6.6730966075760167e-07,-4.7172373165728859e-07,-5.6001530570512991e-07
0.00017670000000000001,-5.5447594272338617e-07,-6.6478355452401855e-07,-4.6985078621025061e-07,-5.5752187852242527e-07
0.00017680000000000001,-5.5174419600408457e-07,-6.6219700028989238e-07,-4.6792958149246395e-07,-5.5497582949133699e-07
0.00017689999999999999,-5.4899081160824311e-07,-6.5954611858503073e-07,-4.6595935745922883e-07,-5.5237710519570268e-07
0.00017699999999999999,-5.4623530308609678e-07,-6.5682722926784229e-07,-4.6394017931641088e-07,-5.497265684780667e-07
0.0001771,-5.4349615122617186e-07,-6.5403700976990065e-07,-4.6187306013346013e-07,-5.4702609724368833e-07
0.0001772,-5.4079026352730132e-07,-6.5117264350863522e-07,-4.5976005668476449e-07,-5.4427865377889591e-07
0.0001773,-5.3813248176285001e-07,-6.4823195446071506e-07,-4.5760433410799714e-07,-5.4148832099439678e-07
0.0001774,-5.3553515538673919e-07,-6.4521352434198703e-07,-4.5541019605704825e-07,-5.3866030317470046e-07
0.0001775,-5.3300779645145896e-07,-6.4211678939161836e-07,-4.5318307825179646e-07,-5.3580089009073149e-07
0.00017760000000000001,-5.3055682903884011e-07,-6.3894211439052816e-07,-4.5092950464044042e-07,-5.3291738466454369e-07
0.00017770000000000001,-5.2818544303322636e-07,-6.3569084223706349e-07,-4.4865700674142264e-07,-5.3001799571090825e-07
0.00017780000000000001,-5.2589355850161709e-07,-6.3236531813428845e-07,-4.4637400806943095e-07,-5.2711169856871431e-07
0.00017790000000000001,-5.2367790310975488e-07,-6.2896888819032295e-07,-4.4408967682211381e-07,-5.2420806762596416e-07
0.00017800000000000002,-5.2153220103189262e-07,-6.2550587297274471e-07,-4.4181375116270318e-07,-5.2131708578919926e-07
0.00017809999999999999,-5.1944746784648267e-07,-6.2198151726750583e-07,-4.3955634243452247e-07,-5.1844893681205498e-07
0.00017819999999999999,-5.174124020932434e-07,-6.1840191795067934e-07,-4.3732772244930106e-07,-5.156137870451274e-07
0.0001783,-5.1541386063813965e-07,-6.1477393246808408e-07,-4.3513810157217834e-07,-5.1282156357612001e-07
0.0001784,-5.1343740188214582e-07,-6.1110507091641832e-07,-4.3299740466163155e-07,-5.100817358811145e-07
0.0001785,-5.1146787827387661e-07,-6.0740337511593167e-07,-4.3091505200104084e-07,-5.0740310799930803e-07
0.0001786,-5.0949005764380199e-07,-6.0367728834836244e-07,-4.2889975217888979e-07,-5.0479362788064426e-07
0.00017870000000000001,-5.0748925164544745e-07,-5.9993551959807298e-07,-4.2695931344536807e-07,-5.0226021995317597e-07
0.00017880000000000001,-5.0545192911839887e-07,-5.9618690617619116e-07,-4.251004794125626e-07,-4.998086461390847e-07
0.00017890000000000001,-5.0336629250377341e-07,-5.9244027852829787e-07,-4.233287941004087e-07,-4.9744339954732885e-07
0.00017900000000000001,-5.0122279654144746e-07,-5.8870433083086077e-07,-4.2164850029509043e-07,-4.9516763392584264e-07
0.00017910000000000002,-4.990145903278603e-07,-5.8498750067897429e-07,-4.2006247402174423e-07,-4.929831307113949e-07
0.00017919999999999999,-4.9673786635419697e-07,-5.8129786077018452e-07,-4.1857219668319459e-07,-4.9089030421773195e-07
0.00017929999999999999,-4.9439210329226695e-07,-5.776430250112956e-07,-4.1717776512925471e-07,-4.8888824420168152e-07
0.0001794,-4.9198019294179174e-07,-5.7403007093451404e-07,-4.1587793864467183e-07,-4.8697479379077566e-07
0.0001795,-4.895084457715195e-07,-5.7046547972528129e-07,-4.1467022062536262e-07,-4.8514665959063912e-07
0.0001796,-4.8698647373649823e-07,-5.669550945569521e-07,-4.1355097159623154e-07,-4.8339954975784234e-07
0.0001797,-4.8442695338439786e-07,-5.6350409731777788e-07,-4.1251554924921281e-07,-4.8172833496027104e-07
0.00017980000000000001,-4.8184527652030873e-07,-5.6011700322382009e-07,-4.1155847038036991e-07,-4.8012722648166057e-07
0.00017990000000000001,-4.7925909972881582e-07,-5.5679767225679247e-07,-4.1067358900628626e-07,-4.7858996528060971e-07
0.00018000000000000001,-4.7668780770832103e-07,-5.535493358661635e-07,-4.098542845602132e-07,-4.7711001559977881e-07
0.00018010000000000001,-4.7415190852195423e-07,-5.5037463694559418e-07,-4.090936539167871e-07,-4.7568075674128763e-07
0.00018020000000000002,-4.7167238139582331e-07,-5.4727568074774132e-07,-4.0838470107074886e-07,-4.7429566687392869e-07
0.00018029999999999999,-4.6926999950434302e-07,-5.4425409414824246e-07,-4.0772051859132903e-07,-4.7294849320209952e-07
0.00018039999999999999,-4.6696465120487131e-07,-5.4131109051555137e-07,-4.0709445547307345e-07,-4.7163340348348466e-07
0.0001805,-4.6477468337873098e-07,-5.3844753739088323e-07,-4.0650026668153929e-07,-4.7034511470284431e-07
0.0001806,-4.6271628989145891e-07,-5.3566402423088229e-07,-4.0593224051783752e-07,-4.6907899565842144e-07
0.0001807,-4.6080296672057703e-07,-5.3296092761029513e-07,-4.0538530086398933e-07,-4.6783114125620193e-07
0.0001808,-4.5904505306283796e-07,-5.3033847151512439e-07,-4.0485508238239931e-07,-4.6659841739435846e-07
0.00018090000000000001,-4.5744937480138435e-07,-5.2779678066769958e-07,-4.0433797778658026e-07,-4.6537847641324602e-07
0.00018100000000000001,-4.560190031886783e-07,-5.2533592520052082e-07,-4.0383115733555782e-07,-4.6416974414391845e-07
0.00018110000000000001,-4.5475313760738341e-07,-5.2295595542025668e-07,-4.033325616916478e-07,-4.6297138057117644e-07
0.00018120000000000001,-4.5364711695005461e-07,-5.2065692586011301e-07,-4.0284087018397577e-07,-4.6178321700062582e-07
0.00018130000000000002,-4.5269255966335372e-07,-5.1843890829027013e-07,-4.0235544730597176e-07,-4.6060567335317909e-07
0.00018139999999999999,-4.5187762799421351e-07,-5.1630199382441681e-07,-4.0187627091776874e-07,-4.5943965978112761e-07
0.00018149999999999999,-4.5118740761561912e-07,-5.1424628470820516e-07,-4.0140384610380114e-07,-4.5828646719080948e-07
0.0001816,-4.506043897552427e-07,-5.1227187678644267e-07,-4.0093910893904294e-07,-4.571476514588371e-07
0.0001817,-4.5010903934724926e-07,-5.1037883400541275e-07,-4.0048332453908807e-07,-4.5602491614019229e-07
0.0001818,-4.4968042970638181e-07,-5.0856715660242747e-07,-4.0003798371143024e-07,-4.5491999829358505e-07
0.0001819,-4.4929692189334721e-07,-5.0683674485672168e-07,-3.9960470229773448e-07,-4.5383456170498998e-07
0.00018200000000000001,-4.4893686538613755e-07,-5.0518736041718124e-07,-3.9918512691516761e-07,-4.527701012942117e-07
0.00018210000000000001,-4.4857929594981536e-07,-5.0361858727938049e-07,-3.9878085029111907e-07,-4.5172786186582157e-07
0.00018220000000000001,-4.4820460673392047e-07,-5.0212979445644097e-07,-3.9839333876660065e-07,-4.5070877364486634e-07
0.00018230000000000001,-4.4779516961731038e-07,-5.0072010227800955e-07,-3.9802387384910546e-07,-4.4971340625047435e-07
0.00018240000000000002,-4.4733588562915975e-07,-4.9938835406493263e-07,-3.9767350895849704e-07,-4.4874194194125608e-07
0.00018249999999999999,-4.4681464583646397e-07,-4.9813309467257426e-07,-3.9734304176245782e-07,-4.4779416814870266e-07
0.00018259999999999999,-4.4622268730969773e-07,-4.9695255708424497e-07,-3.9703300177375473e-07,-4.4686948853129271e-07
0.0001827,-4.455548325422064e-07,-4.9584465788096761e-07,-3.9674365221060109e-07,-4.4596695106294087e-07
0.0001828,-4.4480960486855988e-07,-4.9480700202941438e-07,-3.9647500453096699e-07,-4.4508529104130237e-07
0.0001829,-4.4398921685079998e-07,-4.9383689703186215e-07,-3.9622684356487016e-07,-4.4422298638625827e-07
0.000183,-4.4309943311833722e-07,-4.9293137608635127e-07,-3.9599876080305553e-07,-4.4337832221317553e-07
0.00018310000000000001,-4.4214931359296295e-07,-4.9208722952754034e-07,-3.9579019316847182e-07,-4.425494614201788e-07
0.00018320000000000001,-4.4115084724351472e-07,-4.9130104347386034e-07,-3.9560046450374406e-07,-4.4173451792825393e-07
0.00018330000000000001,-4.4011849034233099e-07,-4.9056924430788106e-07,-3.9542882705360132e-07,-4.4093162925608723e-07
0.00018340000000000001,-4.3906862649922541e-07,-4.8988814737584308e-07,-3.9527450039868119e-07,-4.4013902529086612e-07
0.00018350000000000002,-4.3801896840922778e-07,-4.8925400811825178e-07,-3.9513670559442489e-07,-4.3935509041925263e-07
0.00018359999999999999,-4.3698792317251926e-07,-4.8866307374282975e-07,-3.9501469266814193e-07,-4.3857841659187023e-07
0.00018369999999999999,-4.3599394416096298e-07,-4.8811163352758208e-07,-3.9490776010729526e-07,-4.3780784538906462e-07
0.0001838,-4.3505489267738303e-07,-4.8759606589590857e-07,-3.9481526550774899e-07,-4.3704249771124801e-07
0.0001839,-4.3418743207452995e-07,-4.8711288053514831e-07,-3.9473662711533925e-07,-4.3628179030841991e-07
0.000184,-4.3340647559527685e-07,-4.8665875402938127e-07,-3.9467131655988744e-07,-4.35525438964082e-07
0.0001841,-4.3272470701935026e-07,-4.8623055773869361e-07,-3.9461884362042549e-07,-4.3477344873321441e-07
0.00018420000000000001,-4.3215219033867397e-07,-4.8582537697002235e-07,-3.9457873434829856e-07,-4.3402609217796399e-07
0.00018430000000000001,-4.3169608124239103e-07,-4.8544052083675957e-07,-3.9455050428775236e-07,-4.3328387702693703e-07
0.00018440000000000001,-4.3136044930430639e-07,-4.850735225816083e-07,-3.9453362885235306e-07,-4.3254750508601349e-07
0.00018450000000000001,-4.3114621557671321e-07,-4.8472213052489172e-07,-3.9452751312518369e-07,-4.3181782453651539e-07
0.00018460000000000001,-4.3105120596305954e-07,-4.8438429018337506e-07,-3.9453146344135063e-07,-4.3109577796055317e-07
0.00018470000000000002,-4.3107031643036912e-07,-4.8405811846761223e-07,-3.9454466307849556e-07,-4.3038234852853867e-07
0.00018479999999999999,-4.3119578199230311e-07,-4.8374187119456048e-07,-3.9456615422596646e-07,-4.2967850677021436e-07
0.00018489999999999999,-4.3141753759957491e-07,-4.8343390543376437e-07,-3.9459482813278722e-07,-4.28985160232526e-07
0.000185,-4.3172365575745575e-07,-4.8313263842858268e-07,-3.9462942496025416e-07,-4.2830310811408458e-07
0.0001851,-4.3210084297335742e-07,-4.8283650498980535e-07,-3.9466854440368255e-07,-4.2763300266970883e-07
0.0001852,-4.3253497512103785e-07,-4.8254391534119323e-07,-3.9471066761951927e-07,-4.2697531881498687e-07
0.0001853,-4.3301165056523788e-07,-4.8225321540141393e-07,-3.9475419042262578e-07,-4.2633033294842503e-07
0.00018540000000000001,-4.3351673946544244e-07,-4.8196265141396421e-07,-3.94797467128867e-07,-4.2569811156697303e-07
0.00018550000000000001,-4.3403690808279657e-07,-4.8167034068833101e-07,-3.9483886383716635e-07,-4.2507850979967797e-07
0.00018560000000000001,-4.3456009813121338e-07,-4.813742499971089e-07,-3.9487681939856315e-07,-4.2447117954405485e-07
0.00018570000000000001,-4.3507594319277343e-07,-4.8107218289306901e-07,-3.9490991183280849e-07,-4.238755864790554e-07
0.00018580000000000002,-4.3557610688000587e-07,-4.8076177687757384e-07,-3.9493692754795592e-07,-4.2329103486419449e-07
0.00018589999999999999,-4.360545306689662e-07,-4.8044051097967998e-07,-3.9495693041491577e-07,-4.2271669873084719e-07
0.00018599999999999999,-4.3650758302055395e-07,-4.8010572390762479e-07,-3.9496932756203663e-07,-4.2215165783999472e-07
0.0001861,-4.3693410540942126e-07,-4.7975464252612599e-07,-3.9497392869537435e-07,-4.2159493662855633e-07
0.0001862,-4.3733535503453656e-07,-4.7938442000938665e-07,-3.9497099582396645e-07,-4.2104554429783024e-07
0.0001863,-4.377148481316209e-07,-4.789921826361749e-07,-3.9496128047617839e-07,-4.2050251421270289e-07
0.0001864,-4.3807811178423408e-07,-4.7857508384436606e-07,-3.9494604582843764e-07,-4.1996494087554935e-07
0.00018650000000000001,-4.384323557827178e-07,-4.781303638612406e-07,-3.9492707162078448e-07,-4.1943201290758472e-07
0.00018660000000000001,-4.3878607926638577e-07,-4.7765541298412908e-07,-3.9490664029005666e-07,-4.1890304070259174e-07
0.00018670000000000001,-4.3914862948002089e-07,-4.7714783641308859e-07,-3.9488750339211967e-07,-4.1837747770136077e-07
0.00018680000000000001,-4.3952973187928865e-07,-4.7660551843996408e-07,-3.9487282808676617e-07,-4.1785493455567156e-07
0.00018690000000000002,-4.3993901195607115e-07,-4.7602668378045451e-07,-3.9486612419798411e-07,-4.1733518579270506e-07
0.00018699999999999999,-4.4038552947844494e-07,-4.7540995389869421e-07,-3.9487115311146651e-07,-4.1681816893871529e-07
0.00018709999999999999,-4.4087734533686799e-07,-4.7475439631540902e-07,-3.9489182050349872e-07,-4.1630397639904877e-07
0.0001872,-4.4142113987584418e-07,-4.7405956510600433e-07,-3.9493205558384847e-07,-4.157928407054961e-07
0.0001873,-4.420218995179987e-07,-4.7332553107630952e-07,-3.9499568015473955e-07,-4.1528511401826613e-07
0.0001874,-4.4268268573376647e-07,-4.7255290044099269e-07,-3.9508627131536127e-07,-4.1478124299788969e-07
0.0001875,-4.4340449708007211e-07,-4.717428212106072e-07,-3.9520702205679218e-07,-4.1428174033304328e-07
0.00018760000000000001,-4.4418623125344062e-07,-4.7089697690394748e-07,-3.953606042796378e-07,-4.1378715431831128e-07
0.00018770000000000001,-4.450247500227725e-07,-4.7001756762781429e-07,-3.9554903891439316e-07,-4.1329803791816413e-07
0.00018780000000000001,-4.4591504568275068e-07,-4.6910727899084206e-07,-3.9577357782571356e-07,-4.1281491873026655e-07
0.00018790000000000001,-4.4685050346502636e-07,-4.6816923972611215e-07,-3.9603460203424972e-07,-4.1233827117565232e-07
0.00018800000000000002,-4.4782325032555434e-07,-4.6720696927386844e-07,-3.963315404965336e-07,-4.1186849210104529e-07
0.00018809999999999999,-4.4882457685102718e-07,-4.6622431690694728e-07,-3.9666281325223629e-07,-4.1140588078785736e-07
0.00018819999999999999,-4.4984541584129018e-07,-4.652253942553499e-07,-3.9702580219111871e-07,-4.1095062413305993e-07
0.0001883,-4.5087685855590493e-07,-4.642145032927172e-07,-3.9741685202526015e-07,-4.1050278751057481e-07
0.0001884,-4.5191068776669656e-07,-4.6319606197879593e-07,-3.9783130329512748e-07,-4.1006231155052941e-07
0.0001885,-4.5293990571210923e-07,-4.621745298036046e-07,-3.9826355841281216e-07,-4.0962901479999416e-07
0.0001886,-4.5395923485120199e-07,-4.6115433544918747e-07,-3.9870718087637733e-07,-4.0920260196517816e-07
0.00018870000000000001,-4.5496556998065814e-07,-4.6013980867489482e-07,-3.9915502690042153e-07,-4.0878267719282595e-07
0.00018880000000000001,-4.5595836178977373e-07,-4.5913511834637352e-07,-3.995994078253565e-07,-4.0836876163793328e-07
0.00018890000000000001,-4.5693991423606588e-07,-4.5814421827404491e-07,-4.0003228081560514e-07,-4.0796031439457493e-07
0.00018900000000000001,-4.5791558114714214e-07,-4.5717080221353124e-07,-4.0044546455867066e-07,-4.0755675574268803e-07
0.00018910000000000002,-4.5889385108414372e-07,-4.5621826902022012e-07,-4.0083087595375864e-07,-4.0715749159051633e-07
0.00018919999999999999,-4.5988631360582861e-07,-4.5528969855663989e-07,-4.0118078314913929e-07,-4.0676193797179016e-07
0.00018929999999999999,-4.6090750449854889e-07,-4.5438783853955181e-07,-4.0148806976734733e-07,-4.0636954448799913e-07
0.0001894,-4.6197463212094283e-07,-4.5351510209929049e-07,-4.0174650475847838e-07,-4.0597981566625378e-07
0.0001895,-4.6310719158076967e-07,-4.526735754226897e-07,-4.0195101205331658e-07,-4.0559232932746839e-07
0.0001896,-4.643264778418678e-07,-4.5186503447818739e-07,-4.0209793405403197e-07,-4.0520675122077356e-07
0.0001897,-4.656550128843212e-07,-4.5109096949161445e-07,-4.0218528300228018e-07,-4.0482284537016403e-07
0.00018980000000000001,-4.6711590555530647e-07,-4.5035261556634181e-07,-4.0221297440029092e-07,-4.0444047978874038e-07
0.00018990000000000001,-4.6873216561446746e-07,-4.4965098763239542e-07,-4.0218303692405044e-07,-4.0405962743488424e-07
0.00019000000000000001,-4.7052599558203101e-07,-4.4898691777386707e-07,-4.0209979365086078e-07,-4.0368036250288231e-07
0.00019010000000000001,-4.7251808525393184e-07,-4.4836109292767241e-07,-4.0197000991501298e-07,-4.0330285234830751e-07
0.00019020000000000002,-4.7472693410075082e-07,-4.4777409097163775e-07,-4.0180300369230946e-07,-4.0292734553678407e-07
0.00019029999999999999,-4.7716822619444319e-07,-4.4722641332515072e-07,-4.0161071508187527e-07,-4.0255415666560559e-07
0.00019039999999999999,-4.798542808211452e-07,-4.4671851236720961e-07,-4.0140773218667211e-07,-4.0218364873466123e-07
0.0001905,-4.8279359958639236e-07,-4.4625081222774137e-07,-4.0121127147618221e-07,-4.0181621393155382e-07
0.0001906,-4.8599052767998845e-07,-4.4582372181892903e-07,-4.0104111152927029e-07,-4.0145225374248039e-07
0.0001907,-4.8944504315039742e-07,-4.4543763933204291e-07,-4.0091947988669445e-07,-4.0109215930488718e-07
0.0001908,-4.9315268367764116e-07,-4.4509294781806672e-07,-4.008708935751076e-07,-4.0073629288065653e-07
0.00019090000000000001,-4.9710461558493838e-07,-4.447900018820088e-07,-4.0092195468367673e-07,-4.0038497125278737e-07
0.00019100000000000001,-5.0128784486371857e-07,-4.4452910593514492e-07,-4.0110110316674711e-07,-4.0003845173843217e-07
0.00019110000000000001,-5.0568556498413436e-07,-4.4431048485026533e-07,-4.0143832979947761e-07,-3.996969213728925e-07
0.00019120000000000001,-5.1027763140612178e-07,-4.4413424823643146e-07,-4.0196485291683752e-07,-3.9936048965951586e-07
0.00019130000000000001,-5.1504114817231691e-07,-4.4400034987688758e-07,-4.0271276321072211e-07,-3.9902918510744714e-07
0.00019140000000000002,-5.1995114792069869e-07,-4.4390854414330836e-07,-4.0371464143648053e-07,-3.9870295560073092e-07
0.00019149999999999999,-5.2498134325130179e-07,-4.4385834140023775e-07,-4.050031543824306e-07,-3.9838167246681476e-07
0.0001916,-5.3010492474464793e-07,-4.438489645366545e-07,-4.0661063487791168e-07,-3.9806513794780674e-07
0.0001917,-5.3529537915883239e-07,-4.4387930880120651e-07,-4.0856865195233072e-07,-3.977530956309329e-07
0.0001918,-5.4052730049539451e-07,-4.4394790707101406e-07,-4.1090757750618992e-07,-3.9744524327195693e-07
0.0001919,-5.4577716675503236e-07,-4.4405290255149892e-07,-4.1365615601164664e-07,-3.9714124735150543e-07
0.000192,-5.5102405630147545e-07,-4.441920306901569e-07,-4.16841083823596e-07,-3.9684075864292553e-07
0.00019210000000000001,-5.5625027977859621e-07,-4.4436261179737028e-07,-4.2048660465025046e-07,-3.9654342804339262e-07
0.00019220000000000001,-5.6144190641123249e-07,-4.4456155551199164e-07,-4.2461412760507341e-07,-3.9624892192774076e-07
0.00019230000000000001,-5.6658916716177587e-07,-4.4478537784081272e-07,-4.2924187403911844e-07,-3.9595693632573278e-07
0.00019240000000000001,-5.716867214820821e-07,-4.4503023105360448e-07,-4.343845590356464e-07,-3.9566720929551326e-07
0.00019250000000000002,-5.7673377914036569e-07,-4.4529194624522795e-07,-4.4005311303921132e-07,-3.9537953096462084e-07
0.00019259999999999999,-5.8173407364463433e-07,-4.4556608790048272e-07,-4.4625444859179572e-07,-3.9509375083028448e-07
0.00019269999999999999,-5.8669568894596487e-07,-4.4584801933340651e-07,-4.5299127656323377e-07,-3.9480978204645423e-07
0.0001928,-5.9163074620003849e-07,-4.4613297743798923e-07,-4.6026197559704932e-07,-3.9452760257005339e-07
0.0001929,-5.9655496220979209e-07,-4.4641615479819405e-07,-4.6806051775279793e-07,-3.9424725318603937e-07
0.000193,-6.0148709559090953e-07,-4.4669278687679608e-07,-4.7637645251959466e-07,-3.9396883257361942e-07
0.0001931,-6.0644830053587096e-07,-4.4695824174786868e-07,-4.8519495051279303e-07,-3.9369248970803892e-07
0.00019320000000000001,-6.1146141116364082e-07,-4.4720810966725265e-07,-4.9449690725740801e-07,-3.9341841400779715e-07
0.00019330000000000001,-6.1655018171956473e-07,-4.4743828969662936e-07,-5.0425910652092789e-07,-3.9314682373141047e-07
0.00019340000000000001,-6.2173850925312071e-07,-4.476450706142599e-07,-5.1445444169839944e-07,-3.9287795319711351e-07
0.00019350000000000001,-6.2704966580287812e-07,-4.4782520346002939e-07,-5.2505219278990488e-07,-3.9261203944041351e-07
0.00019360000000000002,-6.3250556654673462e-07,-4.4797596327167537e-07,-5.3601835556119926e-07,-3.9234930893740016e-07
0.00019369999999999999,-6.3812609885533471e-07,-4.4809519786710052e-07,-5.473160185599015e-07,-3.9208996500577623e-07
0.00019379999999999999,-6.4392853477636875e-07,-4.4818136190537985e-07,-5.5890578279014194e-07,-3.9183417645247228e-07
0.0001939,-6.4992704626867629e-07,-4.4823353490445224e-07,-5.7074621804610638e-07,-3.915820679687915e-07
0.000194,-6.5613233861824961e-07,-4.4825142239199788e-07,-5.8279434918748555e-07,-3.9133371268493394e-07
0.0001941,-6.6255141304855791e-07,-4.4823533990110099e-07,-5.9500616502399299e-07,-3.9108912719013666e-07
0.0001942,-6.6918746474943351e-07,-4.481861800759705e-07,-6.0733714197829514e-07,-3.9084826920731222e-07
0.00019430000000000001,-6.7603991756950295e-07,-4.4810536370640639e-07,-6.1974277433026632e-07,-3.9061103798785401e-07
0.00019440000000000001,-6.8310459163069184e-07,-4.4799477604387185e-07,-6.3217910262272693e-07,-3.903772773685488e-07
0.00019450000000000001,-6.9037399531318026e-07,-4.4785669024844784e-07,-6.4460323173886325e-07,-3.901467813140074e-07
0.00019460000000000001,-6.9783772860160417e-07,-4.4769368025726849e-07,-6.5697383024999008e-07,-3.8991930165985152e-07
0.00019470000000000002,-7.054829808408883e-07,-4.4750852573566618e-07,-6.6925160288286612e-07,-3.8969455767848054e-07
0.00019479999999999999,-7.1329510266563421e-07,-4.4730411205893605e-07,-6.813997283666179e-07,-3.8947224701480439e-07
0.00019489999999999999,-7.2125822935833302e-07,-4.4708332846486148e-07,-6.9338425548679688e-07,-3.8925205748625908e-07
0.000195,-7.2935593124728277e-07,-4.468489676076254e-07,-7.0517445088920503e-07,-3.8903367921210276e-07
0.0001951,-7.3757186603096334e-07,-4.4660362972857637e-07,-7.1674309302741189e-07,-3.8881681653177295e-07
0.0001952,-7.4589040813318996e-07,-4.4634963453821735e-07,-7.2806670761949385e-07,-3.8860119919105885e-07
0.0001953,-7.5429723133886245e-07,-4.4608894368004572e-07,-7.3912574105301456e-07,-3.883865923162618e-07
0.00019540000000000001,-7.6277982298521779e-07,-4.458230963272901e-07,-7.4990466933082863e-07,-3.881728047584456e-07
0.00019550000000000001,-7.7132791080715395e-07,-4.4555316005823456e-07,-7.6039204136045952e-07,-3.8795969546879371e-07
0.00019560000000000001,-7.7993378704691408e-07,-4.4527969867770179e-07,-7.7058045663041372e-07,-3.8774717765845831e-07
0.00019570000000000001,-7.8859251850238247e-07,-4.4500275811688316e-07,-7.8046647856160533e-07,-3.8753522059754211e-07
0.00019580000000000002,-7.9730203564855899e-07,-4.4472187096851926e-07,-7.9005048604342561e-07,-3.8732384901343467e-07
0.00019589999999999999,-8.0606309865335883e-07,-4.444360796182847e-07,-7.993364668348911e-07,-3.8711314015406601e-07
0.00019599999999999999,-8.1487914284392324e-07,-4.4414397733567633e-07,-8.0833175760611121e-07,-3.8690321868184038e-07
0.0001961,-8.2375601078425546e-07,-4.4384376610837055e-07,-8.1704673638855095e-07,-3.866942496551787e-07
0.0001962,-8.3270158242610342e-07,-4.43533329461919e-07,-8.2549447407327729e-07,-3.8648642993266436e-07
0.0001963,-8.4172531863162407e-07,-4.4321031801956037e-07,-8.3369035232373007e-07,-3.8627997839687751e-07
0.0001964,-8.5083773659579033e-07,-4.4287224514076543e-07,-8.4165165583871306e-07,-3.8607512543863058e-07
0.00019650000000000001,-8.600498381995496e-07,-4.4251658964542824e-07,-8.4939714729920793e-07,-3.8587210216609792e-07
0.00019660000000000001,-8.6937251401020296e-07,-4.4214090239408536e-07,-8.5694663355118337e-07,-3.8567112980666738e-07
0.00019670000000000001,-8.7881594645343483e-07,-4.4174291336069888e-07,-8.6432053161213522e-07,-3.854724097525095e-07
0.00019680000000000001,-8.8838903558542446e-07,-4.4132063580748626e-07,-8.7153944294173025e-07,-3.8527611466503591e-07
0.00019690000000000002,-8.9809886990143295e-07,-4.4087246425156947e-07,-8.7862374409147161e-07,-3.8508238100072026e-07
0.00019699999999999999,-9.0795026277101176e-07,-4.4039726309787002e-07,-8.8559320135392811e-07,-3.8489130325346705e-07
0.00019709999999999999,-9.1794537246361277e-07,-4.3989444309528493e-07,-8.9246661638121613e-07,-3.8470293013051818e-07
0.0001972,-9.2808342042532388e-07,-4.3936402314416254e-07,-8.9926150895178703e-07,-3.8451726279285082e-07
0.0001973,-9.3836051861644423e-07,-4.3880667543003244e-07,-9.0599384215345832e-07,-3.8433425520140403e-07
0.0001974,-9.4876961246977412e-07,-4.3822375236662039e-07,-9.1267779424128663e-07,-3.8415381652086659e-07
0.0001975,-9.5930054154457318e-07,-4.3761729438370196e-07,-9.1932558034508447e-07,-3.8397581544700971e-07
0.00019760000000000001,-9.6994021540328965e-07,-4.3699001817433241e-07,-9.2594732606871993e-07,-3.8380008624530395e-07
0.00019770000000000001,-9.8067289780135398e-07,-4.3634528560275548e-07,-9.3255099386787798e-07,-3.8362643622066298e-07
0.00019780000000000001,-9.9148058812376914e-07,-4.3568705405012695e-07,-9.391423619408091e-07,-3.834546542834023e-07
0.00019790000000000001,-1.0023434852838861e-06,-4.350198095219276e-07,-9.4572505424336913e-07,-3.8328452023682709e-07
0.00019800000000000002,-1.0132405161604927e-06,-4.3434848434164373e-07,-9.5230061916978531e-07,-3.8311581438837812e-07
0.00019810000000000002,-1.0241499082074793e-06,-4.3367836169470205e-07,-9.58868653446777e-07,-3.8294832707973861e-07
0.00019819999999999999,-1.035049784217348e-06,-4.3301496965176555e-07,-9.6542696689123652e-07,-3.8278186774149856e-07
0.0001983,-1.0459187564168064e-06,-4.3236396758092747e-07,-9.719717828988793e-07,-3.8261627310400448e-07
0.0001984,-1.0567364971481799e-06,-4.317310280466228e-07,-9.7849796887729899e-07,-3.8245141423646717e-07
0.0001985,-1.0674842643393884e-06,-4.3112171738489542e-07,-9.8499929032398974e-07,-3.8228720213929333e-07
0.0001986,-1.0781453617494385e-06,-4.3054137813890373e-07,-9.9146868188606015e-07,-3.821235916773158e-07
0.00019870000000000001,-1.088705516525726e-06,-4.2999501643734104e-07,-9.9789852852801955e-07,-3.81960583711562e-07
0.00019880000000000001,-1.0991531598248557e-06,-4.2948719720697093e-07,-1.0042809498791341e-06,-3.8179822536110731e-07
0.00019890000000000001,-1.1094796000059049e-06,-4.2902194983674985e-07,-1.0106080809294833e-06,-3.8163660840180204e-07
0.00019900000000000001,-1.1196790820595064e-06,-4.2860268656558843e-07,-1.0168723424892735e-06,-3.8147586588157096e-07
0.00019910000000000001,-1.1297487313282969e-06,-4.2823213546131053e-07,-1.0230666952103541e-06,-3.8131616710048907e-07
0.00019920000000000002,-1.139688384036064e-06,-4.2791228940909094e-07,-1.0291848714815159e-06,-3.8115771116467831e-07
0.00019929999999999999,-1.1495003115037914e-06,-4.2764437204895915e-07,-1.0352215801359596e-06,-3.8100071937455416e-07
0.0001994,-1.159188849024533e-06,-4.2742882110978391e-07,-1.0411726796354824e-06,-3.8084542674816324e-07
0.0001995,-1.1687599440398208e-06,-4.2726528909743282e-07,-1.0470353162032776e-06,-3.8069207300807546e-07
0.0001996,-1.1782206413688172e-06,-4.2715266082292763e-07,-1.0528080242482188e-06,-3.8054089337489631e-07
0.0001997,-1.1875785256699884e-06,-4.2708908681671077e-07,-1.058490787337718e-06,-3.8039210951170336e-07
0.0001998,-1.1968411429721525e-06,-4.270720312804159e-07,-1.0640850589149278e-06,-3.8024592095219177e-07
0.00019990000000000001,-1.2060154239353394e-06,-4.2709833288867482e-07,-1.0695937428982273e-06,-3.8010249732147132e-07
0.00020000000000000001,-1.2151071314618468e-06,-4.2716427647913543e-07,-1.0750211352276481e-06,-3.7996197162405271e-07
0.00020010000000000001,-1.2241203543768856e-06,-4.2726567346517717e-07,-1.0803728283149704e-06,-3.7982443482986101e-07
0.00020020000000000001,-1.2330570671718174e-06,-4.2739794867632923e-07,-1.0856555811935857e-06,-3.7968993193825532e-07
0.00020030000000000002,-1.2419167733179453e-06,-4.2755623127701872e-07,-1.0908771589340056e-06,-3.7955845964398466e-07
0.00020039999999999999,-1.2506962465106472e-06,-4.2773544743327751e-07,-1.0960461455763591e-06,-3.7942996567011146e-07
0.00020049999999999999,-1.2593893805128259e-06,-4.2793041248525147e-07,-1.1011717354182318e-06,-3.7930434977328667e-07
0.0002006,-1.2679871541740601e-06,-4.2813592053438535e-07,-1.1062635079741116e-06,-3.7918146636855119e-07
0.0002007,-1.2764777138632643e-06,-4.2834682955969495e-07,-1.1113311922812674e-06,-3.7906112866614194e-07
0.0002008,-1.2848465711329673e-06,-4.2855814042772749e-07,-1.1163844264600946e-06,-3.7894311416319418e-07
0.0002009,-1.2930769090999441e-06,-4.2876506844466768e-07,-1.121432518539319e-06,-3.7882717129051332e-07
0.00020100000000000001,-1.3011499869438016e-06,-4.2896310640490117e-07,-1.1264842145264238e-06,-3.7871302697962706e-07
0.00020110000000000001,-1.3090456282461173e-06,-4.2914807840629721e-07,-1.13154747954101e-06,-3.7860039488938244e-07
0.00020120000000000001,-1.3167427757561278e-06,-4.2931618401684961e-07,-1.1366292975373343e-06,-3.784889840145261e-07
0.00020130000000000001,-1.3242200926920469e-06,-4.294640326791049e-07,-1.1417354947259678e-06,-3.7837850739153475e-07
0.00020140000000000002,-1.3314565889617864e-06,-4.2958866851803048e-07,-1.1468705912727077e-06,-3.7826869061905734e-07
0.00020149999999999999,-1.3384322497763764e-06,-4.2968758596606681e-07,-1.1520376852145822e-06,-3.7815927992147812e-07
0.00020159999999999999,-1.3451286440657806e-06,-4.2975873682914078e-07,-1.157238371800593e-06,-3.7805004950334752e-07
0.0002017,-1.3515294908899571e-06,-4.2980052958434787e-07,-1.1624727006536616e-06,-3.7794080796906151e-07
0.0002018,-1.3576211636356581e-06,-4.2981182182078694e-07,-1.1677391722753993e-06,-3.7783140361506519e-07
0.0002019,-1.3633931141385036e-06,-4.2979190680862325e-07,-1.1730347744949656e-06,-3.777217284396229e-07
0.000202,-1.3688382018789344e-06,-4.2974049520884447e-07,-1.178355058516735e-06,-3.776117207568323e-07
0.00020210000000000001,-1.3739529169536242e-06,-4.2965769292019477e-07,-1.1836942532678079e-06,-3.7750136634541921e-07
0.00020220000000000001,-1.3787374894843974e-06,-4.2954397600496085e-07,-1.1890454158070791e-06,-3.7739069810787913e-07
0.00020230000000000001,-1.3831958823433152e-06,-4.2940016354758925e-07,-1.1944006146524759e-06,-3.7727979426032329e-07
0.00020240000000000001,-1.3873356683848037e-06,-4.2922738918661797e-07,-1.1997511420333718e-06,-3.7716877511665749e-07
0.00020250000000000002,-1.3911677976198884e-06,-4.2902707192896241e-07,-1.2050877503002498e-06,-3.7705779857162735e-07
0.00020259999999999999,-1.3947062637834048e-06,-4.2880088671447257e-07,-1.2104009070425199e-06,-3.7694705442451412e-07
0.00020269999999999999,-1.3979676833814227e-06,-4.2855073505617118e-07,-1.2156810628955605e-06,-3.7683675771824013e-07
0.0002028,-1.400970803426943e-06,-4.2827871594566688e-07,-1.2209189255739006e-06,-3.7672714129642772e-07
0.0002029,-1.4037359565613986e-06,-4.2798709709118115e-07,-1.2261057333632119e-06,-3.7661844780318287e-07
0.000203,-1.4062844840261947e-06,-4.2767828645374566e-07,-1.2312335211485756e-06,-3.765109213663339e-07
0.0002031,-1.4086381479290259e-06,-4.2735480397043112e-07,-1.236295372058161e-06,-3.7640479921447779e-07
0.00020320000000000001,-1.4108185544107878e-06,-4.2701925330556381e-07,-1.2412856479637024e-06,-3.7630030348113424e-07
0.00020330000000000001,-1.4128466086587123e-06,-4.2667429345373168e-07,-1.2462001924021764e-06,-3.7619763344559569e-07
0.00020340000000000001,-1.4147420212594092e-06,-4.2632261003230945e-07,-1.2510364999638493e-06,-3.7609695844973788e-07
0.00020350000000000001,-1.4165228832014172e-06,-4.2596688614489348e-07,-1.2557938468230696e-06,-3.7599841171333413e-07
0.00020360000000000002,-1.4182053240079287e-06,-4.2560977276751442e-07,-1.2604733778593113e-06,-3.7590208524754783e-07
0.00020369999999999999,-1.419803264118186e-06,-4.2525385870242557e-07,-1.2650781467127095e-06,-3.7580802603786784e-07
0.00020379999999999999,-1.4213282688721097e-06,-4.2490164025407486e-07,-1.2696131061231673e-06,-3.7571623363405464e-07
0.0002039,-1.4227895074333108e-06,-4.2455549090199843e-07,-1.2740850469944465e-06,-3.7562665924670013e-07
0.000204,-1.424193815866215e-06,-4.2421763136862435e-07,-1.2785024857814414e-06,-3.755392064083006e-07
0.0002041,-1.4255458595221617e-06,-4.238901005987936e-07,-1.2828755009944346e-06,-3.7545373321231069e-07
0.0002042,-1.4268483860427441e-06,-4.2357472827467058e-07,-1.2872155208224293e-06,-3.7537005609753208e-07
0.00020430000000000001,-1.4281025568030894e-06,-4.2327310957746652e-07,-1.2915350650698189e-06,-3.7528795509849179e-07
0.00020440000000000001,-1.4293083416255903e-06,-4.2298658296956007e-07,-1.2958474457495852e-06,-3.7520718043622924e-07
0.00020450000000000001,-1.4304649592086132e-06,-4.2271621180172328e-07,-1.3001664317532788e-06,-3.7512746027975984e-07
0.00020460000000000001,-1.43157134402401e-06,-4.2246277054603897e-07,-1.3045058839974762e-06,-3.7504850946731851e-07
0.00020470000000000002,-1.4326266195038547e-06,-4.2222673641303853e-07,-1.3088793683020651e-06,-3.7497003893988052e-07
0.00020479999999999999,-1.4336305571933746e-06,-4.2200828703051964e-07,-1.3132997539665701e-06,-3.7489176560864557e-07
0.00020489999999999999,-1.4345840021957019e-06,-4.2180730474208668e-07,-1.3177788065558007e-06,-3.7481342235429083e-07
0.000205,-1.4354892466465134e-06,-4.2162338792810352e-07,-1.3223267837705019e-06,-3.7473476783998876e-07
0.0002051,-1.436350335075267e-06,-4.2145586956454684e-07,-1.3269520434499538e-06,-3.7465559581349458e-07
0.0002052,-1.4371732882500601e-06,-4.2130384302186453e-07,-1.3316606727242559e-06,-3.7457574357650913e-07
0.0002053,-1.4379662353569493e-06,-4.2116619487339321e-07,-1.3364561471013376e-06,-3.7449509931276552e-07
0.00020540000000000001,-1.4387394480044192e-06,-4.2104164423933784e-07,-1.3413390278398152e-06,-3.744136079898798e-07
0.00020550000000000001,-1.439505273427627e-06,-4.2092878794670415e-07,-1.3463067053300754e-06,-3.7433127558391128e-07
0.00020560000000000001,-1.4402779682443187e-06,-4.2082615054736714e-07,-1.3513531953941545e-06,-3.7424817141914805e-07
0.00020570000000000001,-1.4410734380310688e-06,-4.2073223801520355e-07,-1.3564689944361858e-06,-3.7416442846831089e-07
0.00020580000000000002,-1.4419088916937478e-06,-4.2064559374820654e-07,-1.3616409982496114e-06,-3.7408024151861509e-07
0.00020590000000000002,-1.4428024229576049e-06,-4.2056485534141816e-07,-1.3668524880384244e-06,-3.7399586317561578e-07
0.00020599999999999999,-1.4437725341718509e-06,-4.2048881047902408e-07,-1.3720831858658221e-06,-3.7391159774750156e-07
0.0002061,-1.4448376199019585e-06,-4.2041645022543913e-07,-1.3773093803324863e-06,-3.73827793125483e-07
0.0002062,-1.446015429384029e-06,-4.2034701798045515e-07,-1.3825041218415938e-06,-3.737448308485222e-07
0.0002063,-1.4473225277797749e-06,-4.2028005240550896e-07,-1.3876374853597929e-06,-3.7366311461068894e-07
0.0002064,-1.4487737762668613e-06,-4.2021542272786913e-07,-1.3926768971654882e-06,-3.7358305753408674e-07
0.0002065,-1.45038185032606e-06,-4.2015335498601708e-07,-1.3975875207210343e-06,-3.7350506858711704e-07
0.00020660000000000001,-1.4521568141721058e-06,-4.2009444798959154e-07,-1.4023326955428556e-06,-3.7342953857446197e-07
0.00020670000000000001,-1.4541057671759218e-06,-4.2003967802591978e-07,-1.4068744218031707e-06,-3.733568261593076e-07
0.00020680000000000001,-1.4562325754247943e-06,-4.1999039164539758e-07,-1.4111738824039892e-06,-3.732872443981015e-07
0.00020690000000000001,-1.4585376983698263e-06,-4.1994828619123084e-07,-1.4151919934405726e-06,-3.732210482722565e-07
0.00020700000000000002,-1.4610181169410112e-06,-4.1991537809534804e-07,-1.4188899733363041e-06,-3.7315842368838435e-07
0.00020709999999999999,-1.4636673657078681e-06,-4.1989395933062258e-07,-1.4222299204973977e-06,-3.7309947838877598e-07
0.00020719999999999999,-1.466475667774636e-06,-4.1988654277822501e-07,-1.4251753891135169e-06,-3.7304423516693555e-07
0.0002073,-1.4694301672731702e-06,-4.1989579762599244e-07,-1.4276919527229133e-06,-3.729926277198391e-07
0.0002074,-1.4725152507007465e-06,-4.1992447624732415e-07,-1.4297477453677691e-06,-3.7294449939071583e-07
0.0002075,-1.4757129450820163e-06,-4.1997533430899867e-07,-1.4313139705808173e-06,-3.7289960496578851e-07
0.0002076,-1.4790033781387816e-06,-4.200510461101183e-07,-1.4323653690576862e-06,-3.728576155876876e-07
0.00020770000000000001,-1.4823652834336366e-06,-4.2015411735407758e-07,-1.4328806366656096e-06,-3.7281812674107347e-07
0.00020780000000000001,-1.4857765318970051e-06,-4.2028679769362775e-07,-1.432842785399351e-06,-3.7278066915514422e-07
0.00020790000000000001,-1.4892146703089518e-06,-4.2045099546026346e-07,-1.432239440996462e-06,-3.727447223576897e-07
0.00020800000000000001,-1.4926574472168322e-06,-4.206481969899045e-07,-1.4310630721414772e-06,-3.7270973050972037e-07
0.00020810000000000002,-1.4960833074279025e-06,-4.2087939288603867e-07,-1.4293111474938567e-06,-3.7267512005284083e-07
0.00020819999999999999,-1.4994718375941856e-06,-4.2114501342028192e-07,-1.4269862181391083e-06,-3.7264031861714939e-07
0.00020829999999999999,-1.5028041474492137e-06,-4.2144487506213685e-07,-1.4240959244557222e-06,-3.7260477456939142e-07
0.0002084,-1.5060631738814782e-06,-4.2177813986019534e-07,-1.4206529277827866e-06,-3.7256797653234303e-07
0.0002085,-1.5092338981339958e-06,-4.2214328907376044e-07,-1.4166747686347928e-06,-3.7252947217987301e-07
0.0002086,-1.5123034698817754e-06,-4.2253811208621568e-07,-1.4121836545133757e-06,-3.7248888560958833e-07
0.0002087,-1.515261235624189e-06,-4.2295971123029559e-07,-1.4072061815841818e-06,-3.7244593261757563e-07
0.00020880000000000001,-1.5180986725942442e-06,-4.2340452273262345e-07,-1.4017729955976102e-06,-3.724004332479527e-07
0.00020890000000000001,-1.5208092330859021e-06,-4.2386835355314243e-07,-1.3959183984145806e-06,-3.7235232106276935e-07
0.00020900000000000001,-1.5233881075912866e-06,-4.2434643346730579e-07,-1.389679907335034e-06,-3.7230164867399456e-07
0.00020910000000000001,-1.5258319182878366e-06,-4.2483348132793378e-07,-1.3830977751058601e-06,-3.7224858919604067e-07
0.00020920000000000002,-1.5281383571007907e-06,-4.2532378406176889e-07,-1.37621447899538e-06,-3.721934334113217e-07
0.00020929999999999999,-1.5303057846867004e-06,-4.2581128661429802e-07,-1.3690741876600451e-06,-3.7213658258843256e-07
0.00020939999999999999,-1.5323328081590113e-06,-4.2628969076540367e-07,-1.3617222146930156e-06,-3.7207853704778374e-07
0.0002095,-1.5342178561521962e-06,-4.2675256050626445e-07,-1.3542044677374094e-06,-3.7201988072776066e-07
0.0002096,-1.5359587698688335e-06,-4.2719343150118961e-07,-1.3465669018751755e-06,-3.7196126215977797e-07
0.0002097,-1.5375524280748094e-06,-4.2760592206119086e-07,-1.3388549856757172e-06,-3.7190337240728737e-07
0.0002098,-1.5389944226299167e-06,-4.279838430313306e-07,-1.3311131878190774e-06,-3.7184692065630149e-07
0.00020990000000000001,-1.540278799119828e-06,-4.2832130404123031e-07,-1.323384491611953e-06,-3.7179260825744995e-07
0.00021000000000000001,-1.5413978745705973e-06,-4.2861281368535454e-07,-1.3157099440086105e-06,-3.7174110210766079e-07
0.00021010000000000001,-1.5423421411797526e-06,-4.2885337138244594e-07,-1.3081282449507631e-06,-3.7169300831850506e-07
0.00021020000000000001,-1.5431002616075275e-06,-4.29038548905456e-07,-1.300675381971889e-06,-3.7164884714514896e-07
0.00021030000000000002,-1.5436591577692879e-06,-4.2916455986645688e-07,-1.293384314091011e-06,-3.7160903014220657e-07
0.00021039999999999999,-1.5440041913951559e-06,-4.2922831577583328e-07,-1.2862847080697103e-06,-3.715738404696985e-07
0.00021049999999999999,-1.544119431016704e-06,-4.2922746766095215e-07,-1.2794027291437849e-06,-3.7154341719378267e-07
0.0002106,-1.5439879966419066e-06,-4.2916043261513554e-07,-1.2727608873853962e-06,-3.7151774431453293e-07
0.0002107,-1.5435924703182757e-06,-4.2902640504139318e-07,-1.2663779399212679e-06,-3.7149664510961402e-07
0.0002108,-1.5429153581768284e-06,-4.2882535274531105e-07,-1.2602688483421256e-06,-3.7147978221201742e-07
0.0002109,-1.5419395874949969e-06,-4.2855799840640997e-07,-1.2544447898025404e-06,-3.7146666364750893e-07
0.00021100000000000001,-1.5406490208918807e-06,-4.2822578730663438e-07,-1.2489132195402264e-06,-3.7145665484910231e-07
0.00021110000000000001,-1.5390289690270688e-06,-4.2783084250889657e-07,-1.2436779818486973e-06,-3.7144899644861339e-07
0.00021120000000000001,-1.5370666831409158e-06,-4.2737590894965987e-07,-1.2387394659251328e-06,-3.7144282742685361e-07
0.00021130000000000001,-1.5347518094486089e-06,-4.2686428813082783e-07,-1.2340948024901197e-06,-3.7143721299200173e-07
0.00021140000000000002,-1.5320767887545433e-06,-4.2629976526291071e-07,-1.2297380966419485e-06,-3.7143117635819569e-07
0.00021149999999999999,-1.529037186633358e-06,-4.256865308206203e-07,-1.2256606920649309e-06,-3.7142373342101123e-07
0.00021159999999999999,-1.5256319420516585e-06,-4.2502909852264421e-07,-1.221851461458876e-06,-3.7141392918049507e-07
0.0002117,-1.5218635252816134e-06,-4.2433222174019451e-07,-1.2182971178926908e-06,-3.7140087465215396e-07
0.0002118,-1.5177379992690157e-06,-4.2360081027662432e-07,-1.2149825417048592e-06,-3.713837829371709e-07
0.0002119,-1.5132649821366484e-06,-4.2283984934720047e-07,-1.2118911175733785e-06,-3.7136200309901871e-07
0.000212,-1.5084575120941738e-06,-4.2205432242970374e-07,-1.2090050764513552e-06,-3.713350505175406e-07
0.00021210000000000001,-1.5033318195514542e-06,-4.2124913945978906e-07,-1.2063058372057963e-06,-3.7130263246397285e-07
0.00021220000000000001,-1.4979070145596109e-06,-4.2042907161778018e-07,-1.2037743430001538e-06,-3.7126466776105624e-07
0.00021230000000000001,-1.4922047007079366e-06,-4.1959869370425103e-07,-1.2013913877190677e-06,-3.7122129955851697e-07
0.00021240000000000001,-1.4862485291727738e-06,-4.1876233483910749e-07,-1.1991379280399777e-06,-3.7117290046184989e-07
0.00021250000000000002,-1.4800637086517718e-06,-4.1792403795169843e-07,-1.1969953771051805e-06,-3.7112006949565762e-07
0.00021260000000000002,-1.4736764883495152e-06,-4.1708752826623862e-07,-1.194945876132932e-06,-3.7106362065451331e-07
0.00021269999999999999,-1.4671136319579963e-06,-4.1625619073541888e-07,-1.1929725407225252e-06,-3.710045630859125e-07
0.0002128,-1.4604019006727755e-06,-4.154330561426191e-07,-1.191059679050684e-06,-3.7094407325184594e-07
0.0002129,-1.4535675627041995e-06,-4.1462079538569514e-07,-1.1891929796198827e-06,-3.7088345971763162e-07
0.000213,-1.4466359455099641e-06,-4.1382172127777977e-07,-1.1873596667004008e-06,-3.7082412150813427e-07
0.0002131,-1.4396310451427236e-06,-4.1303779705650303e-07,-1.1855486221011896e-06,-3.7076750124186662e-07
0.00021320000000000001,-1.4325752047490904e-06,-4.1227065068474207e-07,-1.1837504724078698e-06,-3.7071503449240298e-07
0.00021330000000000001,-1.4254888714685857e-06,-4.1152159395430176e-07,-1.1819576413340986e-06,-3.7066809702424092e-07
0.00021340000000000001,-1.4183904378731876e-06,-4.1079164536834189e-07,-1.1801643673422756e-06,-3.7062795169859393e-07
0.00021350000000000001,-1.4112961707817881e-06,-4.1008155577719509e-07,-1.1783666871961974e-06,-3.7059569693606792e-07
0.00021360000000000001,-1.4042202269076764e-06,-4.0939183577263278e-07,-1.1765623866077567e-06,-3.7057221865266293e-07
0.00021370000000000002,-1.3971747514813031e-06,-4.0872278390387829e-07,-1.1747509196275382e-06,-3.7055814754943126e-07
0.00021379999999999999,-1.39017005286205e-06,-4.0807451486022203e-07,-1.172933298899065e-06,-3.7055382353304375e-07
0.0002139,-1.3832148433302657e-06,-4.0744698686492057e-07,-1.1711119593438721e-06,-3.7055926887554677e-07
0.000214,-1.376316533840443e-06,-4.0684002763781782e-07,-1.169290598262333e-06,-3.7057417148949293e-07
0.0002141,-1.3694815686074774e-06,-4.062533584043743e-07,-1.1674739952175427e-06,-3.7059787940536533e-07
0.0002142,-1.3627157840596105e-06,-4.0568661555126903e-07,-1.1656678154088708e-06,-3.7062940719878757e-07
0.0002143,-1.3560247759706053e-06,-4.0513936964848813e-07,-1.1638784005318185e-06,-3.7066745473532095e-07
0.00021440000000000001,-1.3494142585022217e-06,-4.0461114167045451e-07,-1.1621125513538922e-06,-3.7071043819161999e-07
0.00021450000000000001,-1.3428903994436256e-06,-4.0410141635053953e-07,-1.1603773064062116e-06,-3.7075653288619492e-07
0.00021460000000000001,-1.3364601170996249e-06,-4.0360965269131024e-07,-1.1586797212904457e-06,-3.7080372702417589e-07
0.00021470000000000001,-1.3301313260039693e-06,-4.0313529172505201e-07,-1.1570266531260064e-06,-3.7084988504288493e-07
0.00021480000000000002,-1.3239131208452922e-06,-4.0267776167431158e-07,-1.1554245546071313e-06,-3.7089281885264445e-07
0.00021489999999999999,-1.3178158906013499e-06,-4.0223648070021029e-07,-1.1538792820020969e-06,-3.7093036491407041e-07
0.00021499999999999999,-1.3118513577769525e-06,-4.0181085744770351e-07,-1.1523959212033822e-06,-3.7096046479234132e-07
0.0002151,-1.3060325407168689e-06,-4.0140028960322915e-07,-1.1509786356303181e-06,-3.7098124659230444e-07
0.0002152,-1.3003736400955792e-06,-4.0100416067341047e-07,-1.1496305393940926e-06,-3.7099110451596636e-07
0.0002153,-1.2948898537484419e-06,-4.0062183517627844e-07,-1.1483535986648094e-06,-3.7098877370404167e-07
0.0002154,-1.289597126884647e-06,-4.0025265241190327e-07,-1.147148563635678e-06,-3.7097339753133491e-07
0.00021550000000000001,-1.2845118473005538e-06,-3.9989591895061617e-07,-1.1460149328702002e-06,-3.7094458462496687e-07
0.00021560000000000001,-1.2796504973943935e-06,-3.9955089994745879e-07,-1.1449509511526892e-06,-3.7090245306490906e-07
0.00021570000000000001,-1.2750292764878844e-06,-3.9921680936429613e-07,-1.1439536412544337e-06,-3.7084765950528871e-07
0.00021580000000000001,-1.2706637081243339e-06,-3.9889279915905313e-07,-1.1430188692897808e-06,-3.7078141131669008e-07
0.00021590000000000002,-1.2665682475952613e-06,-3.9857794748725817e-07,-1.1421414425847166e-06,-3.7070546028605871e-07
0.00021599999999999999,-1.2627559049303405e-06,-3.9827124595640946e-07,-1.1413152382312959e-06,-3.7062207691039729e-07
0.00021609999999999999,-1.2592378979741377e-06,-3.979715859798981e-07,-1.140533359771735e-06,-3.705340048700356e-07
0.0002162,-1.2560233489963315e-06,-3.9767774429489957e-07,-1.1397883187648738e-06,-3.7044439585153327e-07
0.0002163,-1.2531190365904156e-06,-3.9738836773762312e-07,-1.1390722373512741e-06,-3.7035672549221531e-07
0.0002164,-1.2505292124795428e-06,-3.9710195740869888e-07,-1.1383770673698738e-06,-3.7027469182004702e-07
0.0002165,-1.2482554903541964e-06,-3.9681685240970755e-07,-1.1376948211044532e-06,-3.7020209814576892e-07
0.00021660000000000001,-1.246296811115043e-06,-3.9653121338673504e-07,-1.1370178083660039e-06,-3.7014272291029792e-07
0.00021670000000000001,-1.2446494859951353e-06,-3.9624300617563758e-07,-1.1363388743613093e-06,-3.7010017948192366e-07
0.00021680000000000001,-1.2433073161028409e-06,-3.9594998590334629e-07,-1.1356516326668162e-06,-3.7007776931817739e-07
0.00021690000000000001,-1.2422617840751517e-06,-3.9564968195664016e-07,-1.1349506876287421e-06,-3.7007833224158118e-07
0.00021700000000000002,-1.2415023108706919e-06,-3.9533938428092751e-07,-1.1342318406479601e-06,-3.7010409781466628e-07
0.00021709999999999999,-1.2410165683647322e-06,-3.9501613151329852e-07,-1.133492275083228e-06,-3.7015654192746585e-07
0.00021719999999999999,-1.2407908364242213e-06,-3.9467670148324048e-07,-1.1327307149140119e-06,-3.7023625272371948e-07
0.0002173,-1.2408103916128158e-06,-3.9431760462815724e-07,-1.1319475528396481e-06,-3.7034280988678515e-07
0.0002174,-1.2410599136590698e-06,-3.9393508086687897e-07,-1.1311449441426923e-06,-3.7047468108277708e-07
0.0002175,-1.2415238953495822e-06,-3.9352510045101049e-07,-1.1303268633990475e-06,-3.7062913902039261e-07
0.0002176,-1.2421870415954651e-06,-3.9308336927028982e-07,-1.129499121957586e-06,-3.7080220214154922e-07
0.00021770000000000001,-1.2430346440553385e-06,-3.926053390239237e-07,-1.1286693450191781e-06,-3.7098860141466087e-07
0.00021780000000000001,-1.2440529188499598e-06,-3.9208622258578021e-07,-1.1278469080967762e-06,-3.7118177507700498e-07
0.00021790000000000001,-1.2452292965212468e-06,-3.9152101478879655e-07,-1.1270428336110746e-06,-3.7137389248025948e-07
0.00021800000000000001,-1.2465526554026193e-06,-3.9090451873525871e-07,-1.1262696493461136e-06,-3.7155590745302732e-07
0.00021810000000000002,-1.2480134918940351e-06,-3.9023137760767646e-07,-1.1255412114303596e-06,-3.7171764082580314e-07
0.00021819999999999999,-1.2496040236781034e-06,-3.8949611181342264e-07,-1.1248724953968147e-06,-3.7184789098976208e-07
0.00021829999999999999,-1.2513182245698021e-06,-3.8869316114922873e-07,-1.1242793596866371e-06,-3.7193457060221954e-07
0.0002184,-1.2531517923549061e-06,-3.8781693152351027e-07,-1.1237782866722697e-06,-3.7196486683140522e-07
0.0002185,-1.2551020535352299e-06,-3.8686184563002573e-07,-1.1233861068683546e-06,-3.7192542187185375e-07
0.0002186,-1.257167811261431e-06,-3.8582239683030172e-07,-1.1231197124544965e-06,-3.7180252987941623e-07
0.0002187,-1.259349144804584e-06,-3.8469320537920216e-07,-1.1229957665400008e-06,-3.7158234598906119e-07
0.00021880000000000001,-1.2616471706169609e-06,-3.8346907602232214e-07,-1.1230304147465756e-06,-3.7125110270431707e-07
0.00021890000000000001,-1.2640637762969905e-06,-3.8214505590943643e-07,-1.1232390056662764e-06,-3.7079532869654987e-07
0.00021900000000000001,-1.2666013395580581e-06,-3.8071649170833799e-07,-1.1236358265663377e-06,-3.7020206493341373e-07
0.00021910000000000001,-1.2692624445801193e-06,-3.7917908477065191e-07,-1.1242338603642743e-06,-3.6945907307361447e-07
0.00021920000000000002,-1.2720496078923157e-06,-3.7752894319739674e-07,-1.1250445693935525e-06,-3.6855503122026916e-07
0.00021930000000000002,-1.2749650252097636e-06,-3.7576262967809369e-07,-1.1260777108342535e-06,-3.6747971241412083e-07
0.00021939999999999999,-1.278010349464234e-06,-3.7387720403308069e-07,-1.1273411879109632e-06,-3.6622414166372739e-07
0.0002195,-1.2811865086805938e-06,-3.7187025947344737e-07,-1.1288409400817831e-06,-3.6478072784100308e-07
0.0002196,-1.2844935704286608e-06,-3.6973995170482597e-07,-1.1305808744804351e-06,-3.6314336740316851e-07
0.0002197,-1.2879306574065103e-06,-3.6748502013748118e-07,-1.1325628398536455e-06,-3.613075176182091e-07
0.0002198,-1.2914959163788106e-06,-3.6510480062229669e-07,-1.1347866431860809e-06,-3.5927023775074587e-07
0.00021990000000000001,-1.2951865403006994e-06,-3.6259922930628032e-07,-1.137250108152014e-06,-3.5703019748643121e-07
0.00022000000000000001,-1.2989988411039823e-06,-3.5996883738749844e-07,-1.1399491735066056e-06,-3.5458765271247102e-07
0.00022010000000000001,-1.3029283684055469e-06,-3.572147367429303e-07,-1.1428780285567436e-06,-3.5194438960575715e-07
0.00022020000000000001,-1.3069700674090941e-06,-3.5433859659844177e-07,-1.1460292819587625e-06,-3.4910363878455763e-07
0.00022030000000000002,-1.3111184675916805e-06,-3.5134261160266888e-07,-1.1493941593021346e-06,-3.4606996203180227e-07
0.00022040000000000002,-1.3153678924641244e-06,-3.4822946185100139e-07,-1.1529627242753186e-06,-3.4284911477654587e-07
0.00022049999999999999,-1.3197126798209361e-06,-3.4500226557721038e-07,-1.1567241176907399e-06,-3.3944788810567615e-07
0.0002206,-1.3241474014850302e-06,-3.4166452538419811e-07,-1.1606668082830422e-06,-3.358739345543166e-07
0.0002207,-1.3286670716197454e-06,-3.3822006901799395e-07,-1.1647788489986832e-06,-3.3213558227719187e-07
0.0002208,-1.3332673332204162e-06,-3.3467298579730205e-07,-1.1690481324689219e-06,-3.2824164242514797e-07
0.0002209,-1.3379446133853107e-06,-3.3102755989218627e-07,-1.1734626395026348e-06,-3.2420121463565642e-07
0.00022100000000000001,-1.3426962393580886e-06,-3.2728820169821312e-07,-1.1780106747447897e-06,-3.2002349549178363e-07
0.00022110000000000001,-1.3475205090714108e-06,-3.2345937857577454e-07,-1.1826810841102489e-06,-3.1571759461382988e-07
0.00022120000000000001,-1.3524167119302814e-06,-3.1954554621841508e-07,-1.1874634492074135e-06,-3.1129236272844158e-07
0.00022130000000000001,-1.3573850977693884e-06,-3.1555108187964376e-07,-1.1923482546925129e-06,-3.0675623562197188e-07
0.00022140000000000001,-1.3624267942089911e-06,-3.1148022062653432e-07,-1.1973270253221068e-06,-3.0211709734272664e-07
0.00022150000000000002,-1.3675436749228194e-06,-3.0733699570271299e-07,-1.2023924303736144e-06,-2.9738216538758115e-07
0.00022159999999999999,-1.3727381835233903e-06,-3.031251839759919e-07,-1.2075383540543766e-06,-2.9255789991215726e-07
0.00022169999999999999,-1.3780131197735315e-06,-2.9884825732030914e-07,-1.2127599314914255e-06,-2.8764993826215733e-07
0.0002218,-1.3833713965641161e-06,-2.9450934064153052e-07,-1.2180535508579214e-06,-2.8266305535930315e-07
0.0002219,-1.3888157774846364e-06,-2.901111771060196e-07,-1.2234168231204442e-06,-2.7760114971241923e-07
0.000222,-1.3943486057971732e-06,-2.8565610097378499e-07,-1.2288485217566581e-06,-2.7246725408554122e-07
0.0002221,-1.3999715361638958e-06,-2.8114601827850719e-07,-1.2343484955716128e-06,-2.6726356916293976e-07
0.00022220000000000001,-1.4056852805501508e-06,-2.7658239543876821e-07,-1.2399175584097072e-06,-2.6199151792646317e-07
0.00022230000000000001,-1.4114893793252548e-06,-2.7196625573198241e-07,-1.2455573601011742e-06,-2.5665181792173764e-07
0.00022240000000000001,-1.4173820077264583e-06,-2.6729818341820324e-07,-1.2512702433810934e-06,-2.5124456815245658e-07
0.00022250000000000001,-1.423359826571977e-06,-2.6257833516800174e-07,-1.2570590917661215e-06,-2.457693470181953e-07
0.00022260000000000002,-1.4294178844576323e-06,-2.5780645832940642e-07,-1.2629271734630869e-06,-2.4022531750963826e-07
0.00022269999999999999,-1.4355495767147856e-06,-2.5298191546530468e-07,-1.2688779863147253e-06,-2.3461133580038063e-07
0.00022279999999999999,-1.4417466642236635e-06,-2.4810371450606934e-07,-1.2749151085644401e-06,-2.2892605942705641e-07
0.0002229,-1.4479993528539203e-06,-2.431705437932655e-07,-1.281042059853505e-06,-2.231680514260422e-07
0.000223,-1.4542964319370965e-06,-2.3818081123936551e-07,-1.2872621763635846e-06,-2.1733587708765358e-07
0.0002231,-1.4606254678591362e-06,-2.3313268679522576e-07,-1.2935785034025533e-06,-2.1142819038678175e-07
0.0002232,-1.4669730466888995e-06,-2.2802414740098157e-07,-1.2999937080222188e-06,-2.0544380763748895e-07
0.00022330000000000001,-1.4733250578185077e-06,-2.2285302359596147e-07,-1.3065100134772064e-06,-1.9938176648101188e-07
0.00022340000000000001,-1.4796670089617459e-06,-2.1761704697785201e-07,-1.313129156509418e-06,-1.9324136893239289e-07
0.00022350000000000001,-1.4859843616035925e-06,-2.1231389772909235e-07,-1.3198523675996775e-06,-1.8702220785906293e-07
0.00022360000000000001,-1.4922628751678597e-06,-2.0694125146761241e-07,-1.3266803734941207e-06,-1.8072417692333865e-07
0.00022370000000000002,-1.4984889478044075e-06,-2.0149682472774576e-07,-1.3336134205145117e-06,-1.7434746466711162e-07
0.00022379999999999999,-1.5046499418071597e-06,-1.9597841843364176e-07,-1.340651316424503e-06,-1.6789253402951199e-07
0.00022389999999999999,-1.5107344822549393e-06,-1.9038395879001265e-07,-1.3477934879712622e-06,-1.6136008914603795e-07
0.000224,-1.5167327184954138e-06,-1.8471153508193818e-07,-1.3550390506746397e-06,-1.5475103176179447e-07
0.0002241,-1.5226365395268572e-06,-1.7895943394521591e-07,-1.3623868870117109e-06,-1.4806640998581842e-07
0.0002242,-1.5284397361150444e-06,-1.7312616974007835e-07,-1.3698357288561102e-06,-1.4130736240452965e-07
0.0002243,-1.5341381045416066e-06,-1.672105107328776e-07,-1.3773842398884002e-06,-1.3447506075034482e-07
0.00022440000000000001,-1.5397294891325052e-06,-1.6121150086165222e-07,-1.3850310937007128e-06,-1.2757065438023294e-07
0.00022450000000000001,-1.5452137630702746e-06,-1.5512847693161482e-07,-1.3927750434746773e-06,-1.2059521975631395e-07
0.00022460000000000001,-1.5505927493564155e-06,-1.4896108115499417e-07,-1.4006149794128716e-06,-1.1354971793849072e-07
0.00022470000000000001,-1.5558700860657851e-06,-1.4270926901593418e-07,-1.4085499705395714e-06,-1.0643496280317066e-07
0.00022480000000000002,-1.5610510421315574e-06,-1.3637331250502814e-07,-1.4165792880437844e-06,-9.9251602302373656e-08
0.00022489999999999999,-1.5661422917331414e-06,-1.2995379882935784e-07,-1.424702407998243e-06,-9.2000114586670696e-08
0.00022499999999999999,-1.5711516568569617e-06,-1.2345162476247087e-07,-1.4329189920313556e-06,-8.4680820250011473e-08
0.0002251,-1.5760878287014775e-06,-1.1686798685443453e-07,-1.44122884533151e-06,-7.7293911333168788e-08
0.0002252,-1.5809600792596108e-06,-1.1020436777478779e-07,-1.4496318521990049e-06,-6.9839497065902509e-08
0.0002253,-1.5857779746081598e-06,-1.0346251911066417e-07,-1.4581278902035052e-06,-6.231766565828377e-08
0.0002254,-1.5905511011579448e-06,-9.6644440988284833e-08,-1.4667167248272649e-06,-5.4728560791221614e-08
0.00022550000000000001,-1.595288815382796e-06,-8.9752358928046881e-08,-1.4753978872501207e-06,-4.707247082780934e-08
0.00022560000000000001,-1.6000000263810854e-06,-8.2788698381078036e-08,-1.4841705386354464e-06,-3.9349928192092185e-08
0.00022570000000000001,-1.6046930190789408e-06,-7.5756057427834835e-08,-1.4930333248849778e-06,-3.15618158603928e-08
0.00022580000000000001,-1.6093753240235249e-06,-6.865717814644178e-08,-1.5019842263228554e-06,-2.3709477500222825e-08
0.00022590000000000002,-1.614053637614804e-06,-6.149491717931064e-08,-1.511020407129682e-06,-1.5794827488144209e-08
0.00022600000000000002,-1.6187337943717539e-06,-5.4272216040419566e-08,-1.5201380695620805e-06,-7.8204568524552316e-09
0.00022609999999999999,-1.6234207905169777e-06,-4.6992071711763057e-08,-1.5293323180538815e-06,2.1026887252998236e-10
0.0002262,-1.6281188558877259e-06,-3.9657508075247289e-08,-1.538597038197699e-06,8.2931238225092388e-09
0.0002263,-1.6328315690354787e-06,-3.2271548715137021e-08,-1.547924795350706e-06,1.6422951749459111e-08
0.0002264,-1.6375620084494959e-06,-2.4837191605629666e-08,-1.5573067572017052e-06,2.459361514971058e-08
0.0002265,-1.6423129312122323e-06,-1.7357386167985697e-08,-1.5667326440887271e-06,3.2797966538475649e-08
0.00022660000000000001,-1.6470869691343353e-06,-9.8350131418381263e-09,-1.5761907101800396e-06,4.1027844282126384e-08
0.00022670000000000001,-1.6518868315772627e-06,-2.2728676660309161e-09,-1.5856677578480252e-06,4.9274094754871791e-08
0.00022680000000000001,-1.6567155037886529e-06,5.3263540939473652e-09,-1.5951491866933781e-06,5.7526621869001089e-08
0.00022690000000000001,-1.6615764296669714e-06,1.296006450143879e-08,-1.6046190777434505e-06,6.5774464258165841e-08
0.00022700000000000002,-1.6664736684360914e-06,2.0625789990365104e-08,-1.6140603123787385e-06,7.4005899593981099e-08
0.00022710000000000002,-1.6714120157263219e-06,2.8321172476509344e-08,-1.623454724563364e-06,8.2208574711143817e-08
0.00022719999999999999,-1.6763970809866186e-06,3.604396660601903e-08,-1.6327832839978453e-06,9.0369659429457207e-08
0.0002273,-1.6814353149368975e-06,4.3792032896081776e-08,-1.6420263069020389e-06,9.8476021216461901e-08
0.0002274,-1.6865339828385119e-06,5.1563326910946177e-08,-1.6511636903013916e-06,1.0651441715438547e-07
0.0002275,-1.6917010816320999e-06,5.9355884703654008e-08,-1.6601751649533713e-06,1.1447169908120271e-07
0.0002276,-1.6969452013736974e-06,6.7167804837965354e-08,-1.6690405614363548e-06,1.2233502728589915e-07
0.00022770000000000001,-1.7022753337958404e-06,7.4997227383943712e-08,-1.6777400834486959e-06,1.3009208776869404e-07
0.00022780000000000001,-1.7077006331329821e-06,8.2842310352535756e-08,-1.6862545820453858e-06,1.3773130783991478e-07
0.00022790000000000001,-1.7132301364853853e-06,9.0701204097363524e-08,-1.6945658243847981e-06,1.4524206473504939e-07
0.00022800000000000001,-1.7188724528649354e-06,9.857202426416374e-08,-1.7026567505737465e-06,1.5261488197250128e-07
0.00022810000000000001,-1.724635431592507e-06,1.0645282390841547e-07,-1.7105117123862764e-06,1.5984160837487695e-07
0.00022820000000000002,-1.7305258218354802e-06,1.1434156542853648e-07,-1.7181166879870367e-06,1.6691557501019886e-07
0.00022829999999999999,-1.7365489357376083e-06,1.2223609297476713e-07,-1.7254594673040788e-06,1.7383172577806506e-07
0.0002284,-1.7427083277716365e-06,1.3013410599202135e-07,-1.7325298033563861e-06,1.8058671795532511e-07
0.0002285,-1.7490055026269767e-06,1.3803313453845899e-07,-1.7393195256300221e-06,1.8717898971074206e-07
0.0002286,-1.7554396631393502e-06,1.4593051699059585e-07,-1.7458226124939241e-06,1.9360879237983198e-07
0.0002287,-1.7620075085050205e-06,1.5382338070105377e-07,-1.7520352206264272e-06,1.9987818613817137e-07
0.0002288,-1.768703091345877e-06,1.6170862611756071e-07,-1.7579556704621105e-06,2.059909986011319e-07
0.00022890000000000001,-1.7755177401666442e-06,1.6958291480285049e-07,-1.7635843877364794e-06,2.1195274678579447e-07
0.00022900000000000001,-1.7824400514493842e-06,1.774426617162834e-07,-1.7689238022748025e-06,2.1777052377196972e-07
0.00022910000000000001,-1.7894559531518901e-06,1.8528403203114523e-07,-1.7739782062131717e-06,2.2345285226920727e-07
0.00022920000000000001,-1.7965488388116492e-06,1.9310294266869281e-07,-1.778753574825892e-06,2.2900950811177526e-07
0.00022930000000000002,-1.8036997689058183e-06,2.0089506863323747e-07,-1.7832573540379204e-06,2.3445131744173951e-07
0.00022939999999999999,-1.8108877336797602e-06,2.0865585413408358e-07,-1.7874982195002253e-06,2.3978993198171221e-07
0.00022949999999999999,-1.8180899694278081e-06,2.1638052838216882e-07,-1.7914858127788643e-06,2.4503758732653931e-07
0.0002296,-1.8252823182776116e-06,2.2406412585391352e-07,-1.7952304607377932e-06,2.5020684958331318e-07
0.0002297,-1.832439619969863e-06,2.3170151072410588e-07,-1.7987428845678964e-06,2.553103559518025e-07
0.0002298,-1.8395361230000159e-06,2.3928740508548535e-07,-1.8020339051216237e-06,2.6036055495615126e-07
0.0002299,-1.8465459018424446e-06,2.4681642049669352e-07,-1.8051141512491832e-06,2.6536945201168924e-07
0.00023000000000000001,-1.8534432668361849e-06,2.5428309233385742e-07,-1.8079937776998852e-06,2.7034836583974082e-07
0.00023010000000000001,-1.8602031536809424e-06,2.6168191636542241e-07,-1.8106821988549299e-06,2.7530770093443348e-07
0.00023020000000000001,-1.8668014803582919e-06,2.6900738692583374e-07,-1.8131878441062711e-06,2.8025674084831597e-07
0.00023030000000000001,-1.8732154606221564e-06,2.7625403603189871e-07,-1.8155179401028523e-06,2.8520346651158277e-07
0.00023040000000000002,-1.8794238649427283e-06,2.834164727664683e-07,-1.8176783243690568e-06,2.901544031487262e-07
0.00023049999999999999,-1.885407221870576e-06,2.904894222475381e-07,-1.8196732939801284e-06,2.9511449862567667e-07
0.00023059999999999999,-1.8911479551309523e-06,2.9746776350680746e-07,-1.8215054920794956e-06,3.0008703527043361e-07
0.0002307,-1.8966304542699144e-06,3.0434656561976504e-07,-1.8231758340683888e-06,3.0507357638304494e-07
0.0002308,-1.9018410792548775e-06,3.1112112145890894e-07,-1.824683474314615e-06,3.10073947809444e-07
0.0002309,-1.9067681019808094e-06,3.177869784820187e-07,-1.8260258132420364e-06,3.1508625412071147e-07
0.000231,-1.9114015900488874e-06,3.2433996601760186e-07,-1.8271985437010178e-06,3.2010692813712775e-07
0.00023110000000000001,-1.9157332403717251e-06,3.3077621856877214e-07,-1.8281957346081617e-06,3.2513081178590245e-07
0.00023120000000000001,-1.9197561720318849e-06,3.3709219472382547e-07,-1.8290099490042925e-06,3.3015126560151331e-07
0.00023130000000000001,-1.9234646893043622e-06,3.4328469133558059e-07,-1.8296323929335927e-06,3.3516030358511329e-07
0.00023140000000000001,-1.9268540267905325e-06,3.4935085271099862e-07,-1.8300530909122669e-06,3.4014874964820398e-07
0.00023150000000000002,-1.9299200891598015e-06,3.5528817463656299e-07,-1.8302610832461161e-06,3.451064114864065e-07
0.00023159999999999999,-1.932659198034391e-06,3.6109450315222219e-07,-1.8302446400832686e-06,3.500222674691486e-07
0.00023169999999999999,-1.9350678580810238e-06,3.6676802807622385e-07,-1.8299914868585285e-06,3.5488466199383258e-07
0.0002318,-1.9371425534097324e-06,3.7230727137373812e-07,-1.8294890357003706e-06,3.596815047390074e-07
0.0002319,-1.9388795839631137e-06,3.7771107055261544e-07,-1.8287246174296246e-06,3.6440046935655414e-07
0.000232,-1.9402749497657542e-06,3.8297855735877654e-07,-1.8276857089742019e-06,3.6902918736128161e-07
0.0002321,-1.9413242887655831e-06,3.8810913213038651e-07,-1.8263601513470872e-06,3.7355543329768837e-07
0.00023220000000000001,-1.9420228716220778e-06,3.9310243425292015e-07,-1.8247363537723925e-06,3.7796729767539488e-07
0.00023230000000000001,-1.9423656542754779e-06,3.9795830923521851e-07,-1.8228034800805504e-06,3.8225334465212847e-07
0.00023240000000000001,-1.9423473865674428e-06,4.026767729984153e-07,-1.8205516141102439e-06,3.8640275198930801e-07
0.00023250000000000001,-1.94196277267959e-06,4.0725797403386789e-07,-1.8179719015314914e-06,3.904054313925407e-07
0.00023260000000000002,-1.9412066768127957e-06,4.1170215414166795e-07,-1.8150566662195905e-06,3.942521279590266e-07
0.00023270000000000002,-1.9400743654413706e-06,4.1600960850662156e-07,-1.8117995000424593e-06,3.9793449806731564e-07
0.00023279999999999999,-1.9385617757269227e-06,4.2018064590250281e-07,-1.8081953256515538e-06,4.0144516564396968e-07
0.0002329,-1.9366657983381375e-06,4.2421554983668996e-07,-1.8042404325690504e-06,4.0477775730918737e-07
0.000233,-1.9343845620502343e-06,4.281145414548497e-07,-1.7999324875214137e-06,4.0792691742380855e-07
0.0002331,-1.9317177071284136e-06,4.3187774501815996e-07,-1.7952705205650857e-06,4.1088830451959641e-07
0.0002332,-1.9286666346506494e-06,4.3550515674284447e-07,-1.7902548890679392e-06,4.1365857098197272e-07
0.00023330000000000001,-1.9252347195934394e-06,4.3899661775293485e-07,-1.7848872220394216e-06,4.1623532816081875e-07
0.00023340000000000001,-1.9214274766662766e-06,4.4235179184188391e-07,-1.7791703476331816e-06,4.1861709930459134e-07
0.00023350000000000001,-1.9172526694937228e-06,4.4557014866692388e-07,-1.773108206873577e-06,4.2080326284307517e-07
0.00023360000000000001,-1.9127203557474487e-06,4.4865095291226819e-07,-1.7667057567792806e-06,4.2279398858444035e-07
0.00023370000000000002,-1.9078428631484361e-06,4.5159325985417185e-07,-1.7599688660748369e-06,4.2459016934621264e-07
0.00023380000000000002,-1.9026346938032756e-06,4.5439591764366924e-07,-1.7529042065989194e-06,4.2619335041253089e-07
0.00023389999999999999,-1.8971123570107415e-06,4.5705757649313288e-07,-1.7455191433441615e-06,4.2760565901011705e-07
0.000234,-1.8912941333729287e-06,4.5957670481270228e-07,-1.7378216258076312e-06,4.2882973573308753e-07
0.0002341,-1.8851997756655251e-06,4.619516121945938e-07,-1.7298200830065095e-06,4.2986866953362738e-07
0.0002342,-1.8788501543632879e-06,4.6418047899019851e-07,-1.7215233241343287e-06,4.3072593754584341e-07
0.0002343,-1.8722668578854237e-06,4.6626139206992449e-07,-1.7129404464155001e-06,4.3140535063719905e-07
0.00023440000000000001,-1.8654717594376898e-06,4.6819238620243276e-07,-1.7040807512758433e-06,4.3191100520097916e-07
0.00023450000000000001,-1.8584865637136483e-06,4.6997149034196856e-07,-1.6949536695013156e-06,4.3224724132854541e-07
0.00023460000000000001,-1.8513323476230341e-06,4.7159677797371194e-07,-1.6855686956229485e-06,4.324186071453997e-07
0.00023470000000000001,-1.8440291096054965e-06,4.7306642054129786e-07,-1.6759353313574672e-06,4.3242982877339087e-07
0.00023480000000000002,-1.8365953419476089e-06,4.743787428716197e-07,-1.6660630375654647e-06,4.3228578510377771e-07
0.00023490000000000002,-1.8290476398549769e-06,4.7553227942325006e-07,-1.6559611938730541e-06,4.3199148634191828e-07
0.00023499999999999999,-1.8214003598644418e-06,4.7652583011948163e-07,-1.645639064850272e-06,4.3155205512159895e-07
0.0002351,-1.8136653385578042e-06,4.7735851448785767e-07,-1.6351057714554554e-06,4.3097270888996913e-07
0.0002352,-1.8058516805194978e-06,4.7802982281732262e-07,-1.6243702663459041e-06,4.3025874223592158e-07
0.0002353,-1.7979656221422837e-06,4.7853966306334159e-07,-1.6134413116221613e-06,4.2941550787488476e-07
0.0002354,-1.7900104753153366e-06,4.7888840228132817e-07,-1.6023274576151095e-06,4.2844839510932337e-07
0.00023550000000000001,-1.7819866523243445e-06,4.7907690144955242e-07,-1.5910370214389573e-06,4.2736280475160922e-07
0.00023560000000000001,-1.7738917705544168e-06,4.7910654265355221e-07,-1.579578064211564e-06,4.2616411971742146e-07
0.00023570000000000001,-1.7657208329153314e-06,4.7897924774336235e-07,-1.567958366078516e-06,4.2485767076409002e-07
0.00023580000000000001,-1.7574664774033439e-06,4.7869748774009616e-07,-1.5561853984581938e-06,4.234486971491808e-07
0.00023590000000000001,-1.7491192869658448e-06,4.7826428245633875e-07,-1.5442662932391926e-06,4.219423023074752e-07
0.00023600000000000002,-1.7406681489254163e-06,4.7768319000142948e-07,-1.5322078089956608e-06,4.2034340497746557e-07
0.00023609999999999999,-1.7321006517156976e-06,4.7695828606337663e-07,-1.5200162946267312e-06,4.1865668653755544e-07
0.0002362,-1.72340350563411e-06,4.7609413308867904e-07,-1.5076976511579854e-06,4.1688653562495081e-07
0.0002363,-1.7145629737593887e-06,4.7509573971414964e-07,-1.4952572927533405e-06,4.1503699139381032e-07
0.0002364,-1.7055652991292437e-06,4.7396851103508564e-07,-1.4827001082602062e-06,4.1311168701192623e-07
0.0002365,-1.6963971147203396e-06,4.7271819051588432e-07,-1.4700304248388993e-06,4.1111379518706573e-07
0.0002366,-1.6870458236949753e-06,4.7135079455659167e-07,-1.4572519753973311e-06,4.090459776459659e-07
0.00023670000000000001,-1.6774999387343952e-06,4.6987254091628463e-07,-1.4443678716575202e-06,4.0691034055466528e-07
0.00023680000000000001,-1.6677493710095139e-06,4.6828977235641774e-07,-1.4313805847135372e-06,4.0470839786357421e-07
0.00023690000000000001,-1.6577856613743411e-06,4.6660887699969737e-07,-1.4182919348996013e-06,4.0244104448247735e-07
0.00023700000000000001,-1.647602148623231e-06,4.6483620699877093e-07,-1.4051030926699748e-06,4.0010854103993252e-07
0.00023710000000000002,-1.6371940720407248e-06,4.6297799717099104e-07,-1.3918145920013821e-06,3.9771051176095066e-07
0.00023719999999999999,-1.6265586078988918e-06,4.6104028527862189e-07,-1.3784263575685031e-06,3.9524595671170915e-07
0.00023729999999999999,-1.6156948419285911e-06,4.5902883561704038e-07,-1.3649377466197403e-06,3.9271327931782265e-07
0.0002374,-1.6046036820184588e-06,4.5694906751672893e-07,-1.3513476061040866e-06,3.9011032967268172e-07
0.0002375,-1.593287717396518e-06,4.548059902692606e-07,-1.3376543451802228e-06,3.8743446372588274e-07
0.0002376,-1.5817510322522357e-06,4.5260414585518269e-07,-1.3238560227897979e-06,3.8468261799119535e-07
0.0002377,-1.5699989831029596e-06,4.5034756068586957e-07,-1.3099504495110348e-06,3.8185139895263936e-07
0.00023780000000000001,-1.5580379501544643e-06,4.4803970737613592e-07,-1.2959353024415385e-06,3.7893718588987077e-07
0.00023790000000000001,-1.5458750734241987e-06,4.4568347734457154e-07,-1.2818082514050348e-06,3.7593624540475766e-07
0.00023800000000000001,-1.5335179844786219e-06,4.4328116479974556e-07,-1.2675670943504182e-06,3.728448555235764e-07
0.00023810000000000001,-1.520974544291425e-06,4.4083446241872623e-07,-1.2532098994275947e-06,3.6965943688689988e-07
0.00023820000000000002,-1.5082525969830355e-06,4.3834446876617667e-07,-1.2387351508950675e-06,3.663766882340842e-07
0.00023829999999999999,-1.495359748095061e-06,4.358117072441882e-07,-1.2241418957521298e-06,3.629937231518962e-07
0.00023839999999999999,-1.4823031746413899e-06,4.3323615611152074e-07,-1.2094298878020944e-06,3.5950820489560819e-07
0.0002385,-1.4690894725270245e-06,4.3061728887231512e-07,-1.194599725751196e-06,3.5591847601286204e-07
0.0002386,-1.4557245451112492e-06,4.2795412411450186e-07,-1.1796529819344365e-06,3.5222367950926598e-07
0.0002387,-1.4422135347933814e-06,4.2524528368234302e-07,-1.1645923183388813e-06,3.4842386839228181e-07
0.0002388,-1.428560797598881e-06,4.2248905790036435e-07,-1.1494215867654691e-06,3.4452010061507335e-07
0.00023890000000000001,-1.4147699189209556e-06,4.196834764310869e-07,-1.1341459102300613e-06,3.4051451671138294e-07
0.00023900000000000001,-1.4008437669029311e-06,4.1682638324920092e-07,-1.1187717430484226e-06,3.3641039776010338e-07
0.00023910000000000001,-1.386784578496411e-06,4.139155141519103e-07,-1.103306907469384e-06,3.3221220173565905e-07
0.00023920000000000001,-1.3725940720555055e-06,4.1094857519982389e-07,-1.0877606052064985e-06,3.2792557677731609e-07
0.00023930000000000002,-1.3582735794711739e-06,4.0792332049466358e-07,-1.0721434027582107e-06,3.2355735043479677e-07
0.00023939999999999999,-1.3438241903401195e-06,4.0483762774788471e-07,-1.0564671899874641e-06,3.1911549450550442e-07
0.00023949999999999999,-1.3292469005122946e-06,4.01689570175807e-07,-1.0407451120370996e-06,3.1460906565552698e-07
0.0002396,-1.314542757566386e-06,3.9847748336894604e-07,-1.0249914752739961e-06,3.1004812259712595e-07
0.0002397,-1.2997129963045547e-06,3.9520002592211144e-07,-1.0092216285636446e-06,3.0544362116387183e-07
0.0002398,-1.2847591582024581e-06,3.9185623277310582e-07,-9.9345182176475231e-07,3.0080728916599518e-07
0.0002399,-1.2696831898515546e-06,3.8844556037671113e-07,-9.776990438819775e-07,2.9615148340796044e-07
0.00024000000000000001,-1.2544875167304506e-06,3.8496792303200569e-07,-9.6198084381161631e-07,2.9148903169439137e-07
0.00024010000000000001,-1.2391750900751839e-06,3.8142371987973803e-07,-9.4631513704539748e-07,2.868330630272738e-07
0.00024020000000000001,-1.2237494061142504e-06,3.7781385228739051e-07,-9.3072000205021864e-07,2.8219682949658118e-07
0.00024030000000000001,-1.208214498420471e-06,3.7413973153779002e-07,-9.1521347030710068e-07,2.7759352357995251e-07
0.00024040000000000002,-1.1925749055373765e-06,3.7040327692813609e-07,-8.9981331416369702e-07,2.730360946893903e-07
0.00024050000000000002,-1.1768356172961312e-06,3.6660690456605445e-07,-8.8453683672623225e-07,2.6853706883035159e-07
0.00024059999999999999,-1.1610020042911454e-06,3.6275350731425897e-07,-8.6940066798691014e-07,2.6410837517094595e-07
0.0002407,-1.145079735779576e-06,3.5884642648278704e-07,-8.5442057125193015e-07,2.5976118315777973e-07
0.0002408,-1.1290746917753531e-06,3.5488941599541339e-07,-8.3961126370666875e-07,2.5550575356491554e-07
0.0002409,-1.1129928752996382e-06,3.5088659986332884e-07,-8.24986254633833e-07,2.513513065300764e-07
0.000241,-1.0968403306190703e-06,3.4684242388375432e-07,-8.1055770439602666e-07,2.4730590922689248e-07
0.00024110000000000001,-1.0806230728584913e-06,3.4276160254381254e-07,-7.9633630681601173e-07,2.4337638535423295e-07
0.00024120000000000001,-1.0643470336386232e-06,3.3864906215124183e-07,-7.82331197049018e-07,2.3956824810621583e-07
0.00024130000000000001,-1.048018026398059e-06,3.3450988123450789e-07,-7.6854988645485621e-07,2.3588565773301752e-07
0.00024140000000000001,-1.0316417338616937e-06,3.3034922925708196e-07,-7.5499822535897065e-07,2.3233140422753221e-07
0.00024150000000000002,-1.0152237187734805e-06,3.2617230467596666e-07,-7.4168039395646056e-07,2.2890691509152351e-07
0.00024160000000000002,-9.9876945758653467e-07,3.2198427334506181e-07,-7.285989209776575e-07,2.2561228756193233e-07
0.00024169999999999999,-9.8228439536912101e-07,3.1779020822185482e-07,-7.1575472911448464e-07,2.2244634412814537e-07
0.0002418,-9.657740188131293e-07,3.1359503128341217e-07,-7.0314720561879517e-07,2.1940670965815265e-07
0.0002419,-9.4924394299236411e-07,3.0940345849682299e-07,-6.9077429594208746e-07,2.1648990798812763e-07
0.000242,-9.3270000647621982e-07,3.0521994862204109e-07,-6.7863261780359106e-07,2.1369147542724253e-07
0.0002421,-9.1614836861652269e-07,3.0104865655313301e-07,-6.6671759266261363e-07,2.1100608829686303e-07
0.00024220000000000001,-8.9959560233697476e-07,2.9689339182864172e-07,-6.5502359124076827e-07,2.0842770136777156e-07
0.00024230000000000001,-8.8304877559786821e-07,2.927575828641455e-07,-6.4354408949762065e-07,2.0594969388618028e-07
0.00024240000000000001,-8.665155149007911e-07,2.8864424738081047e-07,-6.3227183131489176e-07,2.0356501979148558e-07
0.00024250000000000001,-8.5000404474013926e-07,2.8455596942317871e-07,-6.2119899409156641e-07,2.0126635872681435e-07
0.00024260000000000002,-8.3352319778528151e-07,2.8049488327768204e-07,-6.1031735349568332e-07,1.9904626452537623e-07
0.00024270000000000002,-8.1708239175816103e-07,2.7646266452026024e-07,-5.9961844375501439e-07,1.9689730801765743e-07
0.00024279999999999999,-8.0069157041005366e-07,2.7246052833668803e-07,-5.8909371009362366e-07,1.9481221124037025e-07
0.0002429,-7.8436110763913253e-07,2.6848923517236736e-07,-5.7873465022693884e-07,1.9278397042999788e-07
0.000243,-7.6810167555768315e-07,2.6454910367903598e-07,-5.6853294220499394e-07,1.9080596554226785e-07
0.0002431,-7.5192407913667062e-07,2.606400308337712e-07,-5.5848055633055579e-07,1.8887205444309753e-07
0.0002432,-7.3583906184370891e-07,2.5676151901072014e-07,-5.4856984936361476e-07,1.8697665035490106e-07
0.0002433,-7.1985708836508831e-07,2.5291270968830182e-07,-5.3879363974176278e-07,1.8511478160208177e-07
0.00024340000000000001,-7.0398811198274512e-07,2.4909242337467302e-07,-5.2914526308336511e-07,1.8328213316861712e-07
0.00024350000000000001,-6.8824133538847424e-07,2.4529920523287051e-07,-5.1961860778193467e-07,1.8147507004626575e-07
0.00024360000000000001,-6.7262497459544668e-07,2.4153137578549551e-07,-5.102081310311731e-07,1.7969064280194805e-07
0.00024370000000000001,-6.5714603609906267e-07,2.3778708597873688e-07,-5.0090885612653506e-07,1.7792657621605714e-07
0.00024380000000000002,-6.4181011750841342e-07,2.3406437578900858e-07,-4.9171635235772045e-07,1.7618124222947781e-07
0.00024389999999999999,-6.2662124149649422e-07,2.3036123546490193e-07,-4.8262669922503031e-07,1.7445361877686564e-07
0.00024399999999999999,-6.115817321006505e-07,2.266756684152245e-07,-4.736364370708859e-07,1.7274323636998244e-07
0.0002441,-5.9669214116246962e-07,2.2300575468349925e-07,-4.6474250650738751e-07,1.7105011452159384e-07
0.00024420000000000003,-5.8195123106515633e-07,2.1934971389342603e-07,-4.5594217923509162e-07,1.6937469026367461e-07
0.00024430000000000003,-5.6735601796078224e-07,2.157059665114094e-07,-4.4723298298324938e-07,1.6771774111135887e-07
0.00024440000000000003,-5.5290187744999585e-07,2.1207319225413064e-07,-4.3861262335559213e-07,1.6608030485568847e-07
0.00024449999999999998,-5.3858271226647645e-07,2.0845038447378624e-07,-4.3007890533892885e-07,1.6446359853544871e-07
0.00024459999999999998,-5.24391179021462e-07,2.0483689938308426e-07,-4.2162965712709488e-07,1.6286893884427068e-07
0.00024469999999999998,-5.1031896858044362e-07,2.0123249903789858e-07,-4.1326265873539722e-07,1.6129766607858478e-07
0.00024479999999999999,-4.9635713227749747e-07,1.9763738707843873e-07,-4.0497557763713841e-07,1.5975107353094885e-07
0.00024489999999999999,-4.824964440239119e-07,1.9405223633995708e-07,-3.9676591335343474e-07,1.5823034398925265e-07
0.00024499999999999999,-4.6872778653208779e-07,1.9047820758059005e-07,-3.8863095258008836e-07,1.5673649472323408e-07
0.00024509999999999999,-4.550425484384231e-07,1.869169587352231e-07,-3.8056773605237598e-07,1.5527033203497868e-07
0.0002452,-4.4143301814163671e-07,1.8337064428769978e-07,-3.725730379423338e-07,1.5383241612846371e-07
0.0002453,-4.2789275973026305e-07,1.798419045557894e-07,-3.6464335816609895e-07,1.5242303672460234e-07
0.0002454,-4.1441695648973099e-07,1.7633384489979893e-07,-3.5677492756357757e-07,1.5104219952169264e-07
0.0002455,-4.0100270816879522e-07,1.7285000509153661e-07,-3.4896372551162625e-07,1.4968962328578155e-07
0.00024560000000000001,-3.8764926943772683e-07,1.6939431930988061e-07,-3.4120550915634993e-07,1.4836474705942767e-07
0.00024570000000000001,-3.7435821875434025e-07,1.6597106745638813e-07,-3.3349585311078795e-07,1.4706674670825891e-07
0.00024580000000000001,-3.6113354911428916e-07,1.6258481870284157e-07,-3.2583019817017795e-07,1.4579455978907658e-07
0.00024590000000000001,-3.4798167482427662e-07,1.5924036838592531e-07,-3.182039073557962e-07,1.4454691752623591e-07
0.00024600000000000002,-3.3491135140812435e-07,1.559426695460571e-07,-3.1061232741601126e-07,1.4332238252899399e-07
0.00024610000000000002,-3.2193350892856563e-07,1.5269676056179408e-07,-3.0305085379312171e-07,1.421193907739309e-07
0.00024620000000000002,-3.0906100226395518e-07,1.4950769045280135e-07,-2.9551499700927003e-07,1.4093629631498302e-07
0.00024630000000000002,-2.9630828509432322e-07,1.4638044350846492e-07,-2.8800044843344827e-07,1.3977141716902804e-07
0.00024640000000000003,-2.8369101739930473e-07,1.4331986494216531e-07,-2.8050314346273322e-07,1.3862308085617427e-07
0.00024650000000000003,-2.7122561902886277e-07,1.4033058927041559e-07,-2.7301932028008083e-07,1.3748966814815277e-07
0.00024660000000000003,-2.589287842621452e-07,1.3741697307015662e-07,-2.6554557253297237e-07,1.3636965369223501e-07
0.00024669999999999998,-2.4681697411903493e-07,1.345830336764661e-07,-2.5807889450445858e-07,1.3526164232687802e-07
0.00024679999999999998,-2.3490590444903402e-07,1.3183239524812188e-07,-2.5061671761259366e-07,1.3416440008372699e-07
0.00024689999999999998,-2.2321004843003854e-07,1.2916824345257528e-07,-2.4315693736675539e-07,1.3307687907223365e-07
0.00024699999999999999,-2.1174217202616057e-07,1.2659328980898851e-07,-2.356979302194051e-07,1.3199823566171833e-07
0.00024709999999999999,-2.0051292016573345e-07,1.2410974648335313e-07,-2.2823856007040514e-07,1.3092784160406504e-07
0.00024719999999999999,-1.8953046992162599e-07,1.2171931205972263e-07,-2.2077817449663679e-07,1.2986528797167539e-07
0.00024729999999999999,-1.7880026484656956e-07,1.1942316852358174e-07,-2.1331659108383141e-07,1.2881038201291258e-07
0.0002474,-1.6832484190283982e-07,1.1722198939537134e-07,-2.0585407452026327e-07,1.2776313724446506e-07
0.0002475,-1.5810375921866806e-07,1.1511595865270121e-07,-1.9839130536546636e-07,1.2672375730102512e-07
0.0002476,-1.481336293143339e-07,1.1310479978754494e-07,-1.9092934162449184e-07,1.2569261424167839e-07
0.0002477,-1.3840825859710115e-07,1.1118781406838357e-07,-1.8346957443337631e-07,1.2467022216517905e-07
0.00024780000000000001,-1.2891888996640963e-07,1.0936392682517927e-07,-1.7601367929070997e-07,1.2365720710867728e-07
0.00024790000000000001,-1.1965454144659447e-07,1.0763174035493305e-07,-1.6856356435050804e-07,1.2265427429398425e-07
0.00024800000000000001,-1.1060243002305551e-07,1.0598959186426157e-07,-1.6112131732227268e-07,1.2166217384008184e-07
0.00024810000000000001,-1.0174846644435952e-07,1.0443561472866623e-07,-1.5368915250551751e-07,1.2068166607970967e-07
0.00024820000000000002,-9.3077803802651923e-08,1.0296780126041369e-07,-1.4626935942062934e-07,1.1971348760161307e-07
0.00024830000000000002,-8.4575420338361025e-08,1.0158406514118891e-07,-1.3886425438886162e-07,1.18758319089913e-07
0.00024840000000000002,-7.6226715232984628e-08,1.0028230169334413e-07,-1.314761362665462e-07,1.1781675595017153e-07
0.00024850000000000002,-6.8018095232179084e-08,9.90604442344332e-08,-1.2410724735833058e-07,1.1688928260118486e-07
0.00024860000000000003,-5.9937529829465606e-08,9.7916514881939678e-08,-1.1675974032738055e-07,1.159762511764992e-07
0.00024870000000000003,-5.1975053457986176e-08,9.6848668345231263e-08,-1.09435651695353e-07,1.1507786522429847e-07
0.00024880000000000003,-4.4123194672318915e-08,9.5855227454858529e-08,-1.0213688228826886e-07,1.1419416882411241e-07
0.00024889999999999998,-3.6377314611877533e-08,9.4934709429077112e-08,-9.4865184744516724e-08,1.1332504135884079e-07
0.00024899999999999998,-2.8735840049499016e-08,9.4085842156470314e-08,-8.7622157965467823e-08,1.1247019799680531e-07
0.00024909999999999998,-2.1200379943528221e-08,9.3307570073430907e-08,-8.0409248165000207e-08,1.1162919575633026e-07
0.00024919999999999999,-1.3775718504874306e-08,9.2599049527020962e-08,-7.3227755967809903e-08,1.1080144485043663e-07
0.00024929999999999999,-6.4696822180844891e-09,9.1959633828000795e-08,-6.6078848824253144e-08,1.0998622484676108e-07
0.00024939999999999999,7.0711714137170949e-10,9.1388848506168072e-08,-5.8963577855888093e-08,1.0918270503256445e-07
0.00024949999999999999,7.741656840522788e-09,9.0886357571383328e-08,-5.1882898125119177e-08,1.0838996825097935e-07
0.0002496,1.461898377196217e-08,9.0451921850113354e-08,-4.4837691237082826e-08,1.0760703737582183e-07
0.0002497,2.1322786067581096e-08,9.008535070114317e-08,-3.7828789133604383e-08,1.0683290352128249e-07
0.0002498,2.7836036893403855e-08,8.9786448608486239e-08,-3.0856997928275555e-08,1.060665550412419e-07
0.0002499,3.4141688574149559e-08,8.9554958298924376e-08,-2.3923120657657556e-08,1.0530700636189706e-07
0.00025000000000000001,4.0223392943184728e-08,8.9390502131928203e-08,-1.7027977884522673e-08,1.0455332571074246e-07
0.00025010000000000001,4.6066222403400521e-08,8.9292523558398167e-08,-1.0172425182167819e-08,1.0380466085376091e-07
0.00025020000000000001,5.1657365681292976e-08,8.9260230440793848e-08,-3.3573666506184951e-09,1.0306026202903681e-07
0.00025030000000000001,5.6986772691510339e-08,8.9292541971494506e-08,3.4162362384285144e-09,1.0231950136629971e-07
0.00025040000000000001,6.2047724299490977e-08,8.9388040820952305e-08,1.0147361005506243e-08,1.0158188820446349e-07
0.00025050000000000002,6.6837305038163387e-08,8.9544931996159384e-08,1.6834926094005031e-08,1.0084707985913653e-07
0.00025060000000000002,7.1356759930109404e-08,8.9761009698302351e-08,2.3477798536935888e-08,1.0011488754456768e-07
0.00025070000000000002,7.5611720386943053e-08,9.0033633242542567e-08,3.0074807337590623e-08,9.9385277314607212e-08
0.00025080000000000002,7.9612288572969095e-08,9.0359712849902163e-08,3.6624762352490275e-08,9.8658366049811665e-08
0.00025090000000000003,8.3372974477214418e-08,9.0735705849209558e-08,4.3126478283198033e-08,9.7934412677497246e-08
0.00025100000000000003,8.6912485065587141e-08,9.1157623544343669e-08,4.9578803214010104e-08,9.7213804963400375e-08
0.00025110000000000003,9.0253370100427098e-08,9.1621048717127844e-08,5.5980650980003618e-08,9.6497042352537575e-08
0.00025119999999999998,9.3421534330214251e-08,9.2121163457541222e-08,6.2331036517707043e-08,9.5784715458854469e-08
0.00025129999999999998,9.6445630581666495e-08,9.2652786748399144e-08,6.8629113242699237e-08,9.5077482904175973e-08
0.00025139999999999999,9.9356352652526878e-08,9.3210420988610481e-08,7.4874211416476952e-08,9.4376046284111545e-08
0.00025149999999999999,1.0218565064394163e-07,9.3788306423963446e-08,8.1065876411700463e-08,9.3681124089291212e-08
0.00025159999999999999,1.0496589434575149e-07,9.4380482272471458e-08,8.7203905760504565e-08,9.2993425433623281e-08
0.00025169999999999999,1.077290123822454e-07,9.4980853186756105e-08,9.3288383876412623e-08,9.2313624436437208e-08
0.00025179999999999999,1.1050563595702435e-07,9.5583259591570778e-08,9.9319713375231953e-08,9.1642336072960026e-08
0.0002519,1.1332427615499878e-07,9.6181550371830314e-08,1.0529864198384526e-07,9.0980094249119849e-08
0.000252,1.1621056285496053e-07,9.6769656365493362e-08,1.1122628411595938e-07,9.0327332774159366e-08
0.0002521,1.1918657140242756e-07,9.7341663135122131e-08,1.1710413630867997e-07,8.9684369801283135e-08
0.0002522,1.2227026035071292e-07,9.7891881549468015e-08,1.2293408585031822e-07,8.9051396186036786e-08
0.00025230000000000001,1.254750398939035e-07,9.8414914798470832e-08,1.2871841208498119e-07,8.8428468078775619e-08
0.00025240000000000001,1.2880948621516004e-07,9.8905720587166643e-08,1.3445978004963364e-07,8.7815503925812551e-08
0.00025250000000000001,1.3227721201054277e-07,9.9359667401010048e-08,1.4016122628037937e-07,8.7212285908767596e-08
0.00025260000000000001,1.3587689809660752e-07,9.9772583901368747e-08,1.4582613681270891e-07,8.661846570796694e-08
0.00025270000000000002,1.396024854583292e-07,1.0014080068950708e-07,1.5145821759071487e-07,8.6033574338304712e-08
0.00025280000000000002,1.4344352153952857e-07,1.004611838642598e-07,1.5706145768863866e-07,8.5457035679425565e-08
0.00025290000000000002,1.4738564921881057e-07,1.0073115998700944e-07,1.6264008592977848e-07,8.4888183210225704e-08
0.00025300000000000002,1.5141122194163042e-07,1.0094873225209939e-07,1.6819852165859328e-07,8.4326279364244764e-08
0.00025310000000000003,1.5550002407172375e-07,1.011124878365844e-07,1.7374132057721499e-07,8.3770536850084159e-08
0.00025320000000000003,1.5963007184116208e-07,1.0122159656609587e-07,1.792731166939082e-07,8.3220141231812055e-08
0.00025330000000000003,1.6377846745045347e-07,1.0127580118026586e-07,1.8479856154406094e-07,8.2674274039209226e-08
0.00025339999999999998,1.6792227700062467e-07,1.0127539960919416e-07,1.9032226193136526e-07,8.2132135677347416e-08
0.00025349999999999998,1.7203940209601139e-07,1.0122121978038082e-07,1.9584871749466531e-07,8.159296742842468e-08
0.00025359999999999998,1.7610941517069061e-07,1.0111458756282892e-07,2.0138225943273345e-07,8.1056071884899662e-08
0.00025369999999999999,1.8011432985629091e-07,1.0095728852198197e-07,2.0692699171321765e-07,8.0520831219316437e-08
0.00025379999999999999,1.8403927997977826e-07,1.007515242069222e-07,2.1248673605263088e-07,7.998672278017359e-08
0.00025389999999999999,1.8787308397608687e-07,1.0049986372162772e-07,2.1806498188142082e-07,7.9453331601248272e-08
0.00025399999999999999,1.9160867550833461e-07,1.0020519134741268e-07,2.2366484240281684e-07,7.8920359520107148e-08
0.0002541,1.9524338576499025e-07,9.9870650986673987e-08,2.2928901771800372e-07,7.8387630716245285e-08
0.0002542,1.9877906808210292e-07,9.9499588191664893e-08,2.349397658259449e-07,7.7855093595961527e-08
0.0002543,2.0222206103518099e-07,9.9095490529155146e-08,2.4061888211713308e-07,7.7322819065963725e-08
0.0002544,2.0558299176411876e-07,9.8661927015323832e-08,2.4632768777106906e-07,7.6790995346571919e-08
0.00025450000000000001,2.0887642683640417e-07,9.8202487337554741e-08,2.5206702724243446e-07,7.6259919575134279e-08
0.00025460000000000001,2.1212038322270533e-07,9.7720721563020112e-08,2.5783727478603741e-07,7.5729986537468021e-08
0.00025470000000000001,2.1533571676924543e-07,9.7220081019532602e-08,2.6363834973223059e-07,7.5201674937819483e-08
0.00025480000000000001,2.1854540973464888e-07,9.6703861022970636e-08,2.6946973998867035e-07,7.4675531673748289e-08
0.00025490000000000002,2.2177378236982921e-07,9.6175146117800445e-08,2.7533053301802634e-07,7.4152154620899454e-08
0.00025500000000000002,2.2504565604094807e-07,9.5636758492297753e-08,2.8121945333104525e-07,7.3632174453090248e-08
0.00025510000000000002,2.2838549694287821e-07,9.509121022681321e-08,2.8713490534666889e-07,7.311623602614886e-08
0.00025520000000000002,2.3181656997464223e-07,9.4540660030030716e-08,2.9307502031197252e-07,7.2604979840404356e-08
0.00025530000000000003,2.353601318365811e-07,9.3986875112336729e-08,2.9903770584978072e-07,7.2099024068167395e-08
0.00025540000000000003,2.390346908862852e-07,9.3431198834484513e-08,3.0502069661557341e-07,7.1598947591239411e-08
0.00025550000000000003,2.4285535881737625e-07,9.2874524750817201e-08,3.1102160450166906e-07,7.1105274441632459e-08
0.00025559999999999998,2.4683331589640555e-07,9.2317277636479699e-08,3.1703796682779002e-07,7.0618459979186262e-08
0.00025569999999999998,2.509754074327143e-07,9.1759402044514821e-08,3.2306729100448193e-07,7.0138879075251216e-08
0.00025579999999999998,2.5528388451353813e-07,9.1200358879031348e-08,3.2910709424919684e-07,6.9666816504878335e-08
0.00025589999999999999,2.5975629698096283e-07,9.0639130392777916e-08,3.3515493707280957e-07,6.9202459683702519e-08
0.00025599999999999999,2.6438554134084677e-07,9.0074233920130052e-08,3.4120844943350956e-07,6.8745893822002867e-08
0.00025609999999999999,2.6916006096535717e-07,8.950374453916518e-08,3.4726534867153214e-07,6.8297099509579648e-08
0.00025619999999999999,2.7406419076876849e-07,8.8925326719517155e-08,3.5332344858597761e-07,6.7855952692214972e-08
0.0002563,2.7907863368188916e-07,8.8336274857384278e-08,3.5938065928736857e-07,6.7422226955013653e-08
0.0002564,2.8418105189139767e-07,8.7733562427718243e-08,3.6543497774877274e-07,6.699559798992687e-08
0.0002565,2.8934675209431718e-07,8.7113899299522271e-08,3.7148446927561902e-07,6.6575650094759602e-08
0.0002566,2.9454944106780275e-07,8.6473796567522701e-08,3.775272404108346e-07,6.6161884527958505e-08
0.00025670000000000001,2.9976202576432835e-07,8.5809638057247538e-08,3.8356140407831776e-07,6.5753729527150204e-08
0.00025680000000000001,3.0495743097408211e-07,8.5117757466407311e-08,3.8958503803471764e-07,6.5350551788135385e-08
0.00025690000000000001,3.1010940737782829e-07,8.4394519919574435e-08,3.9559613793857824e-07,6.4951669193910606e-08
0.00025700000000000001,3.1519330353805361e-07,8.3636406541915956e-08,4.0159256654877933e-07,6.4556364578347819e-08
0.00025710000000000002,3.2018677700346433e-07,8.2840100507610273e-08,4.0757200072389298e-07,6.4163900305489327e-08
0.00025720000000000002,3.2507042215957008e-07,8.2002572895831527e-08,4.1353187800497982e-07,6.3773533441243642e-08
0.00025730000000000002,3.2982829564516492e-07,8.1121166597613001e-08,4.1946934462171095e-07,6.3384531288844708e-08
0.00025740000000000002,3.3444832394539008e-07,8.0193676465610172e-08,4.2538120676347277e-07,6.2996187052003489e-08
0.00025750000000000002,3.3892258202151942e-07,7.9218423889946986e-08,4.3126388690168523e-07,6.2607835379731472e-08
0.00025760000000000003,3.4324743638649221e-07,7.819432401998822e-08,4.3711338683854608e-07,6.221886753486543e-08
0.00025770000000000003,3.4742355071649764e-07,7.7120943935775687e-08,4.4292525899319787e-07,6.1828745914601896e-08
0.00025780000000000003,3.5145575673401409e-07,7.5998550204305353e-08,4.4869458722338058e-07,6.1437017637338207e-08
0.00025789999999999998,3.5535279754270369e-07,7.4828144433600156e-08,4.5441597822550043e-07,6.1043326896916217e-08
0.00025799999999999998,3.5912695468621281e-07,7.3611485658905231e-08,4.6008356426597569e-07,6.0647425775193099e-08
0.00025809999999999999,3.6279357380408666e-07,7.2351098656039427e-08,4.6569101768050629e-07,6.0249183198495992e-08
0.00025819999999999999,3.663705067524353e-07,7.1050267571286447e-08,4.7123157724559415e-07,5.9848591725220339e-08
0.00025829999999999999,3.6987749035322823e-07,6.9713014578215535e-08,4.7669808618789289e-07,5.9445771862847666e-08
0.00025839999999999999,3.7333548347037117e-07,6.834406361138814e-08,4.820830412627312e-07,5.9040973634653181e-08
0.00025849999999999999,3.7676598484870292e-07,6.6948789576063549e-08,4.8737865201354336e-07,5.8634575151244756e-08
0.0002586,3.8019035408953141e-07,6.5533153782184748e-08,4.9257690902878699e-07,5.8227077990646011e-08
0.0002587,3.8362915729864292e-07,6.4103626690220397e-08,4.9766965975122512e-07,5.7819099253661246e-08
0.0002588,3.8710155738313842e-07,6.2667099375984574e-08,5.0264869017418595e-07,5.7411360238134366e-08
0.0002589,3.9062476677050258e-07,6.1230785411813948e-08,5.0750581058680613e-07,5.7004671765839775e-08
0.00025900000000000001,3.9421357757715961e-07,5.9802115113565058e-08,5.1223294341044465e-07,5.6599916296790131e-08
0.00025910000000000001,3.9787998108191036e-07,5.8388624308880821e-08,5.1682221110426347e-07,5.619802707541185e-08
0.00025920000000000001,4.0163288489194095e-07,5.6997839935381478e-08,5.212660221107795e-07,5.5799964667453226e-08
0.00025930000000000001,4.0547793256252111e-07,5.5637164872656643e-08,5.255571528614504e-07,5.5406691361950385e-08
0.00025940000000000002,4.0941742678468487e-07,5.4313764445647456e-08,5.2968882396545079e-07,5.5019144023889596e-08
0.00025950000000000002,4.1345035372298793e-07,5.3034457007501748e-08,5.3365476885783855e-07,5.4638206085734864e-08
0.00025960000000000002,4.1757250279390267e-07,5.1805610917451014e-08,5.3744929338062983e-07,5.4264679454363505e-08
0.00025970000000000002,4.2177667323707765e-07,5.0633050075804668e-08,5.4106732500516939e-07,5.389925717894347e-08
0.00025980000000000003,4.2605295634160633e-07,4.9521969967763821e-08,5.4450445066856467e-07,5.3542497770451746e-08
0.00025990000000000003,4.3038908022196554e-07,4.8476865906165698e-08,5.4775694248268601e-07,5.3194802080343355e-08
0.00026000000000000003,4.347708026447552e-07,4.7501474857811225e-08,5.5082177087247535e-07,5.2856393631237986e-08
0.00026009999999999998,4.3918233661480891e-07,4.6598731897401771e-08,5.5369660500196348e-07,5.2527303244040103e-08
0.00026019999999999998,4.436067932400467e-07,4.5770741967105347e-08,5.5637980064340281e-07,5.2207358722635856e-08
0.00026029999999999998,4.4802662678702825e-07,4.5018767238959677e-08,5.5887037592927208e-07,5.1896180239502663e-08
0.00026039999999999999,4.5242406776966883e-07,4.434322999271225e-08,5.6116797569146614e-07,5.1593181915319492e-08
0.00026049999999999999,4.5678153131833821e-07,4.3743730544398165e-08,5.6327282533100615e-07,5.1297579905987885e-08
0.00026059999999999999,4.6108198987535822e-07,4.321907940179297e-08,5.6518567537040404e-07,5.1008407106549059e-08
0.00026069999999999999,4.6530930136288727e-07,4.2767342492060092e-08,5.6690773801590404e-07,5.0724534359342488e-08
0.0002608,4.6944848626902341e-07,4.2385898013699395e-08,5.6844061719627584e-07,5.0444697820823325e-08
0.0002609,4.7348594949253522e-07,4.2071503217308882e-08,5.6978623364785364e-07,5.0167531906118189e-08
0.000261,4.7740964517145664e-07,4.1820369224210616e-08,5.7094674668269899e-07,4.989160700175691e-08
0.0002611,4.8120918499648091e-07,4.1628241853480034e-08,5.7192447430953679e-07,4.9615470924221858e-08
0.00026120000000000001,4.8487589258648732e-07,4.1490486349327418e-08,5.7272181337784654e-07,4.9337692914456845e-08
0.00026130000000000001,4.8840280830320802e-07,4.1402173883162265e-08,5.7334116138750106e-07,4.9056908805006843e-08
0.00026140000000000001,4.917846503432924e-07,4.1358167747140971e-08,5.7378484155249734e-07,4.8771865885009175e-08
0.00026150000000000001,4.9501773902507514e-07,4.1353207255790453e-08,5.7405503263195378e-07,4.8481465925478523e-08
0.00026160000000000002,4.9809989185965794e-07,4.138198752488244e-08,5.7415370494710791e-07,4.8184804818465684e-08
0.00026170000000000002,5.0103029725667708e-07,4.14392334959871e-08,5.740825638936836e-07,4.7881207331834713e-08
0.00026180000000000002,5.0380937457888282e-07,4.1519766813580568e-08,5.7384300213646044e-07,4.757025558782419e-08
0.00026190000000000002,5.064386277589578e-07,4.161856443065498e-08,5.7343606153959306e-07,4.72518100368537e-08
0.00026200000000000003,5.0892049887546344e-07,4.173080810913824e-08,5.7286240574327316e-07,4.6926021915012704e-08
0.00026210000000000003,5.1125822701425309e-07,4.1851924283284378e-08,5.7212230414513805e-07,4.6593336438011868e-08
0.00026220000000000003,5.1345571648903925e-07,4.1977614057645194e-08,5.7121562788338376e-07,4.6254486288494665e-08
0.00026229999999999998,5.1551741713818395e-07,4.210387340661765e-08,5.7014185824659613e-07,4.5910475287100787e-08
0.00026239999999999998,5.1744821803484017e-07,4.222700392077129e-08,5.6890010775258574e-07,4.5562552489148105e-08
0.00026249999999999998,5.1925335462336335e-07,4.2343614697951676e-08,5.6748915394221309e-07,4.5212177305130889e-08
0.00026259999999999999,5.2093832810013526e-07,4.2450616197405466e-08,5.6590748572461117e-07,4.4860976590972346e-08
0.00026269999999999999,5.2250883485643199e-07,4.2545207057101612e-08,5.6415336188502211e-07,4.451069497899973e-08
0.00026279999999999999,5.2397070304758727e-07,4.2624855013764216e-08,5.6222488112615585e-07,4.4163140009436928e-08
0.00026289999999999999,5.2532983288489361e-07,4.2687273159234685e-08,5.6012006275894817e-07,4.3820123862295224e-08
0.000263,5.2659213708669724e-07,4.2730392814667036e-08,5.5783693689045241e-07,4.3483403669253866e-08
0.0002631,5.2776347807805464e-07,4.2752334306404585e-08,5.5537364267880374e-07,4.3154622495749614e-08
0.0002632,5.2884959898182315e-07,4.2751376886445778e-08,5.5272853294217864e-07,4.2835253117597836e-08
0.0002633,5.2985604616925678e-07,4.27259289598928e-08,5.499002831270112e-07,4.2526546670606773e-08
0.00026340000000000001,5.3078808209084506e-07,4.2674499666667061e-08,5.4688800236782967e-07,4.222948812425887e-08
0.00026350000000000001,5.316505882311566e-07,4.2595672721100245e-08,5.4369134411682726e-07,4.1944760324448915e-08
0.00026360000000000001,5.3244795925743861e-07,4.2488083247584183e-08,5.4031061359558264e-07,4.1672718070470032e-08
0.00026370000000000001,5.3318399068652791e-07,4.2350398170613572e-08,5.3674686913610153e-07,4.1413373346979349e-08
0.00026380000000000002,5.3386176360089161e-07,4.2181300530821356e-08,5.330020143452731e-07,4.1166392433751946e-08
0.00026390000000000002,5.3448353102574811e-07,4.1979477912448175e-08,5.290788779578026e-07,4.0931105178936572e-08
0.00026400000000000002,5.3505061146322396e-07,4.1743614989197596e-08,5.2498127824932723e-07,4.0706526261189157e-08
0.00026410000000000002,5.3556329570272146e-07,4.1472390031077329e-08,5.2071406897386866e-07,4.0491387799949241e-08
0.00026420000000000003,5.3602077333712526e-07,4.1164475070219077e-08,5.1628316397659781e-07,4.0284182219727848e-08
0.00026430000000000003,5.3642108537478889e-07,4.0818539303363115e-08,5.1169553792043462e-07,4.0083213851536225e-08
0.00026440000000000003,5.367611089267857e-07,4.0433255216045204e-08,5.0695920095661232e-07,3.9886657380542368e-08
0.00026450000000000003,5.3703657916536892e-07,4.0007306850599473e-08,5.0208314566494043e-07,3.9692620939328848e-08
0.00026459999999999998,5.372421526095566e-07,3.9539399607623008e-08,4.970772651855165e-07,3.9499211415306567e-08
0.00026469999999999998,5.3737151433253797e-07,3.9028270967953171e-08,4.9195224215221011e-07,3.9304599399466655e-08
0.00026479999999999999,5.3741752995608186e-07,3.8472701547650433e-08,4.8671940880753509e-07,3.9107081160214333e-08
0.00026489999999999999,5.373724413679056e-07,3.7871525948992752e-08,4.8139057951233739e-07,3.8905135084066058e-08
0.00026499999999999999,5.3722810305051758e-07,3.7223642942135313e-08,4.7597785774245975e-07,3.8697470185022499e-08
0.00026509999999999999,5.3697625383550286e-07,3.6528024600164833e-08,4.704934205643061e-07,3.8483064542094272e-08
0.0002652,5.366088168923134e-07,3.5783724109528735e-08,4.6494928447577839e-07,3.8261191871797245e-08
0.0002653,5.3611821892353438e-07,3.4989882082698612e-08,4.5935705735965005e-07,3.8031434867430392e-08
0.0002654,5.3549771796444185e-07,3.4145731304837017e-08,4.5372768209266502e-07,3.7793684424042712e-08
0.0002655,5.347417279610745e-07,3.3250599945789616e-08,4.4807117805516313e-07,3.7548124399142961e-08
0.0002656,5.3384612750392765e-07,3.2303913357972711e-08,4.4239638736253192e-07,3.729520211347066e-08
0.00026570000000000001,5.3280853978410926e-07,3.1305194655379273e-08,4.3671073306333076e-07,3.7035585351995352e-08
0.00026580000000000001,5.3162857105688928e-07,3.0254064325534973e-08,4.3101999679380046e-07,3.6770107159824849e-08
0.00026590000000000001,5.3030799566422293e-07,2.9150239162330608e-08,4.2532812342359184e-07,3.6499700219289742e-08
0.00026600000000000001,5.2885087698014547e-07,2.7993530821853041e-08,4.1963706005630344e-07,3.6225323021719376e-08
0.00026610000000000002,5.2726361547430537e-07,2.6783844295377511e-08,4.1394663635058122e-07,3.5947880392542305e-08
0.00026620000000000002,5.2555491738916245e-07,2.552117656444476e-08,4.0825449249921741e-07,3.5668141175103648e-08
0.00026630000000000002,5.2373568022318577e-07,2.4205615654380066e-08,4.0255606034840225e-07,3.5386656015822576e-08
0.00026640000000000002,5.2181879421345581e-07,2.2837340237652941e-08,3.9684460206813815e-07,3.5103678213381163e-08
0.00026650000000000003,5.1981886220736585e-07,2.1416619860897358e-08,3.9111130951651285e-07,3.4819090494985068e-08
0.00026660000000000003,5.1775184358286344e-07,1.9943815783645091e-08,3.853454660010831e-07,3.453234036580306e-08
0.00026670000000000003,5.1563463109000015e-07,1.8419382327750108e-08,3.7953467056315707e-07,3.4242386350813175e-08
0.00026679999999999998,5.1348457251064681e-07,1.6843868549204e-08,3.7366512323473012e-07,3.3947657023662792e-08
0.00026689999999999998,5.1131895173770832e-07,1.521791996364597e-08,3.6772196798760781e-07,3.3646024211305746e-08
0.00026699999999999998,5.091544461375814e-07,1.3542279988184261e-08,3.6168968835840287e-07,3.3334791196572858e-08
0.00026709999999999999,5.0700657877070682e-07,1.1817790709509098e-08,3.555525490428593e-07,3.3010696136646901e-08
0.00026719999999999999,5.0488918511377619e-07,1.0045392555334457e-08,3.492950751603164e-07,3.266993029930132e-08
0.00026729999999999999,5.0281391428478619e-07,8.226122435723055e-09,3.429025594457631e-07,3.2308170116971592e-08
0.00026739999999999999,5.0078978437600463e-07,6.3611099345717103e-09,3.3636158638163277e-07,3.1920621497803017e-08
0.0002675,4.9882281033582277e-07,4.451571170086338e-09,3.2966056127957405e-07,3.1502074337925717e-08
0.0002676,4.9691572092422985e-07,2.4988000059092109e-09,3.227902316030938e-07,3.1046964773064321e-08
0.0002677,4.9506777864438448e-07,5.0415637995184377e-10,3.1574418741721258e-07,3.0549442409945364e-08
0.0002678,4.9327471329996948e-07,-1.5309483769122051e-09,3.0851932778511204e-07,3.0003439603731122e-08
0.00026790000000000001,4.9152877604751989e-07,-3.6050692392017419e-09,3.0111628021787529e-07,2.9402739807271574e-08
0.00026800000000000001,4.8981891663154571e-07,-5.7167480771116816e-09,2.9353976092614116e-07,2.8741042115685628e-08
0.00026810000000000001,4.8813108205461745e-07,-7.8645368759405131e-09,2.8579886461485453e-07,2.8012019364292571e-08
0.00026820000000000001,4.8644863040575792e-07,-1.0047023184481962e-08,2.7790727388659731e-07,2.7209367501673676e-08
0.00026830000000000002,4.847528491182808e-07,-1.2262857261226618e-08,2.698833799475259e-07,2.6326844439203419e-08
0.00026840000000000002,4.8302356272461403e-07,-1.4510780268778755e-08,2.6175030820465976e-07,2.5358297154865211e-08
0.00026850000000000002,4.8123981138829487e-07,-1.6789652766809287e-08,2.535358444574522e-07,2.429767647882968e-08
0.00026860000000000002,4.7938057827876858e-07,-1.9098482677409909e-08,2.4527225966628926e-07,2.3139039683412018e-08
0.00026870000000000003,4.7742554135207229e-07,-2.1436451848370153e-08,2.36996033665202e-07,2.1876541710043524e-08
0.00026880000000000003,4.7535582342585876e-07,-2.3802940323151555e-08,2.2874748061176449e-07,2.0504416558867104e-08
0.00026890000000000003,4.7315471367814159e-07,-2.6197547443490743e-08,2.2057028136712092e-07,1.9016951009662457e-08
0.00026899999999999998,4.7080833391084879e-07,-2.8620108962628416e-08,2.125109303068952e-07,1.7408453405091173e-08
0.00026909999999999998,4.6830622412162785e-07,-3.1070709433751647e-08,2.046181062145585e-07,1.5673220679510283e-08
0.00026919999999999998,4.6564182410326261e-07,-3.354968925755837e-08,1.9694197884265719e-07,1.3805507134062268e-08
0.00026929999999999999,4.6281283088525245e-07,-3.605764592173046e-08,1.8953346438879966e-07,1.1799498621065402e-08
0.00026939999999999999,4.5982141575621158e-07,-3.8595429139067329e-08,1.824434444764516e-07,9.6492957941413354e-09
0.00026949999999999999,4.5667428923501752e-07,-4.116412978446561e-08,1.7572196421725079e-07,7.3489098974841182e-09
0.00026959999999999999,4.5338260753976945e-07,-4.3765062737248387e-08,1.6941742553482644e-07,4.8922742085077021e-09
0.0002697,4.499617196589473e-07,-4.6399743947237858e-08,1.63575792134163e-07,2.2732737203943604e-09
0.0002698,4.4643075986280873e-07,-4.9069862252651754e-08,1.5823982230106006e-07,-5.1420503009007305e-10
0.0002699,4.4281209619792302e-07,-5.177724667743741e-08,1.5344834512124524e-07,-3.476202896285436e-09
0.00027,4.3913065097304823e-07,-5.4523830117218551e-08,1.4923559473708498e-07,-6.6185956382418664e-09
0.00027010000000000001,4.3541311426369912e-07,-5.7311610479235114e-08,1.4563061594188385e-07,-9.9469808263234747e-09
0.00027020000000000001,4.3168707584113177e-07,-6.0142610465850624e-08,1.4265675278706162e-07,-1.3466545948650735e-08
0.00027030000000000001,4.2798010449398422e-07,-6.3018837277729604e-08,1.4033122999414438e-07,-1.7181920540487573e-08
0.00027040000000000001,4.2431880630882921e-07,-6.5942243557234631e-08,1.3866483487641841e-07,-2.1097016101661012e-08
0.00027050000000000002,4.2072789499326436e-07,-6.8914690891978017e-08,1.3766170524343403e-07,-2.5214858420646731e-08
0.00027060000000000002,4.172293076831918e-07,-7.1937917151388235e-08,1.3731922644830864e-07,-2.9537417642080407e-08
0.00027070000000000002,4.1384139883696881e-07,-7.5013508835880463e-08,1.3762803840545342e-07,-3.4065441962218436e-08
0.00027080000000000002,4.1057824278872695e-07,-7.8142879480716461e-08,1.3857215111721482e-07,-3.8798301184727895e-08
0.00027090000000000003,4.0744907236067328e-07,-8.1327254978516792e-08,1.4012916506018822e-07,-4.3733846493827868e-08
0.00027100000000000003,4.0445787671166632e-07,-8.4567666470819584e-08,1.4227059074949108e-07,-4.8868292688330067e-08
0.00027110000000000003,4.0160317645887002e-07,-8.7864951216631833e-08,1.4496225996822291e-07,-5.4196128762504041e-08
0.00027120000000000003,3.9887798821876292e-07,-9.1219761582341569e-08,1.4816481955924123e-07,-5.9710062121154004e-08
0.00027129999999999998,3.9626998427136557e-07,-9.4632582021319677e-08,1.5183429735645439e-07,-6.5401000889885487e-08
0.00027139999999999998,3.9376184627885397e-07,-9.8103753632331423e-08,1.5592272880372871e-07,-7.1258077749429318e-08
0.00027149999999999999,3.9133180512400195e-07,-1.0163350561308295e-07,1.6037883208145893e-07,-7.7268717516093596e-08
0.00027159999999999999,3.8895435221962427e-07,-1.0522199266839086e-07,1.651487191345969e-07,-8.3418749347796152e-08
0.00027169999999999999,3.8660110132020382e-07,-1.0886933720073298e-07,1.701766298628064e-07,-8.9692563021650345e-08
0.00027179999999999999,3.8424177417350547e-07,-1.1257567491274829e-07,1.7540567687658179e-07,-9.6073307255244159e-08
0.0002719,3.8184527849636741e-07,-1.1634120229400103e-07,1.8077858861793374e-07,-1.0254312658210385e-07
0.000272,3.7938084293100524e-07,-1.2016622435410055e-07,1.8623843926053927e-07,-1.0908343189718025e-07
0.0002721,3.7681917098776982e-07,-1.2405120090562583e-07,1.9172935460684301e-07,-1.1567519851309178e-07
0.0002722,3.7413357461881275e-07,-1.2799678969607945e-07,1.9719718415105839e-07,-1.2229928446281925e-07
0.00027230000000000001,3.7130104806121897e-07,-1.3200388473929202e-07,2.025901305380995e-07,-1.2893676089409419e-07
0.00027240000000000001,3.683032439568227e-07,-1.3607364830243327e-07,2.0785932878075702e-07,-1.3556924576329977e-07
0.00027250000000000001,3.6512731646913999e-07,-1.4020753516230947e-07,2.1295936876455068e-07,-1.4217923168119383e-07
0.00027260000000000001,3.6176660009724954e-07,-1.4440730794940017e-07,2.1784875573819167e-07,-1.4875039870928005e-07
0.00027270000000000001,3.5822109800758158e-07,-1.4867504264393445e-07,2.2249030462896891e-07,-1.5526790316249369e-07
0.00027280000000000002,3.544977598009294e-07,-1.5301312356761908e-07,2.2685146511360688e-07,-1.6171863403870871e-07
0.00027290000000000002,3.5061053550065441e-07,-1.5742422751862279e-07,2.3090457539837954e-07,-1.6809142955412113e-07
0.00027300000000000002,3.4658019995659518e-07,-1.6191129701643889e-07,2.3462704360722452e-07,-1.7437724739078431e-07
0.00027310000000000002,3.4243394955384918e-07,-1.6647750294709489e-07,2.380014565379858e-07,-1.8056928362271181e-07
0.00027320000000000003,3.3820478083019046e-07,-1.7112619721746988e-07,2.4101561632582922e-07,-1.866630368352457e-07
0.00027330000000000003,3.3393066807126217e-07,-1.7586085633000734e-07,2.4366250625572532e-07,-1.9265631563659545e-07
0.00027340000000000003,3.296535639063856e-07,-1.8068501706618635e-07,2.4594018760281649e-07,-1.9854918952208904e-07
0.00027349999999999998,3.2541825312353274e-07,-1.8560220570991303e-07,2.4785162996407968e-07,-2.0434388482925176e-07
0.00027359999999999998,3.2127109513845634e-07,-1.9061586244284748e-07,2.4940447809239979e-07,-2.1004462925205263e-07
0.00027369999999999998,3.1725869460205519e-07,-1.9572926269635425e-07,2.5061075877062453e-07,-2.1565745000345412e-07
0.00027379999999999999,3.1342654236370808e-07,-2.0094543734463251e-07,2.5148653178338615e-07,-2.2118993216819756e-07
0.00027389999999999999,3.0981767032405275e-07,-2.0626709366782902e-07,2.5205148957118882e-07,-2.2665094501943048e-07
0.00027399999999999999,3.0647136355544237e-07,-2.116965390015782e-07,2.5232851069350069e-07,-2.3205034503808723e-07
0.00027409999999999999,3.0342197144056736e-07,-2.1723560892138019e-07,2.5234317279072428e-07,-2.373986650372672e-07
0.0002742,3.0069785652973895e-07,-2.2288560168925999e-07,2.5212323131808213e-07,-2.4270679913022821e-07
0.0002743,2.9832051544552255e-07,-2.2864722052071946e-07,2.5169807092241512e-07,-2.4798569327741529e-07
0.0002744,2.9630390061693336e-07,-2.3452052501811386e-07,2.5109813693334993e-07,-2.5324605080491443e-07
0.0002745,2.946539650929942e-07,-2.4050489286957824e-07,2.5035435502660868e-07,-2.5849806161632018e-07
0.00027460000000000001,2.9336844539078692e-07,-2.4659899263886782e-07,2.4949754766661959e-07,-2.6375116284696656e-07
0.00027470000000000001,2.9243688952689736e-07,-2.5280076818006334e-07,2.4855785642180039e-07,-2.6901383746992154e-07
0.00027480000000000001,2.9184092933215765e-07,-2.5910743491152493e-07,2.4756417963927122e-07,-2.7429345590334083e-07
0.00027490000000000001,2.9155478813519916e-07,-2.6551548788533482e-07,2.4654363523469275e-07,-2.7959616404304261e-07
0.00027500000000000002,2.915460071965539e-07,-2.7202072130102613e-07,2.4552105846634465e-07,-2.8492681941376411e-07
0.00027510000000000002,2.917763671467594e-07,-2.7861825884435566e-07,2.4451854448998652e-07,-2.9028897536178172e-07
0.00027520000000000002,2.9220297437341895e-07,-2.8530259399103017e-07,2.4355504520603009e-07,-2.9568491146724708e-07
0.00027530000000000002,2.9277947702848245e-07,-2.9206763920828647e-07,2.4264602939115035e-07,-3.0111570670163151e-07
0.00027540000000000003,2.934573712663452e-07,-2.9890678281931966e-07,2.4180321433731014e-07,-3.0658135035602506e-07
0.00027550000000000003,2.9418735561078276e-07,-3.0581295217052216e-07,2.4103437619488367e-07,-3.1208088447528861e-07
0.00027560000000000003,2.9492069007155931e-07,-3.1277868166144814e-07,2.4034324493460526e-07,-3.1761257049912936e-07
0.00027569999999999998,2.9561051682629001e-07,-3.1979618416285216e-07,2.3972948831699042e-07,-3.2317407207137237e-07
0.00027579999999999998,2.9621310093451827e-07,-3.2685742435789448e-07,2.3918878750880269e-07,-3.2876264555959708e-07
0.00027589999999999998,2.9668895259258775e-07,-3.3395419259298183e-07,2.3871300504622507e-07,-3.3437532974252571e-07
0.00027599999999999999,2.9700379675490634e-07,-3.410781779136292e-07,2.3829044375484502e-07,-3.4000912637292737e-07
0.00027609999999999999,2.9712936138064461e-07,-3.4822103908190347e-07,2.3790619304761693e-07,-3.4566116389693544e-07
0.00027619999999999999,2.9704396191765679e-07,-3.5537447251920421e-07,2.3754255679183322e-07,-3.5132883748208443e-07
0.00027629999999999999,2.9673286667941524e-07,-3.6253027628442286e-07,2.3717955472813002e-07,-3.5700991963935023e-07
0.0002764,2.9618843525546063e-07,-3.696804093755687e-07,2.3679548730677089e-07,-3.6270263707291447e-07
0.0002765,2.9541002975731386e-07,-3.7681704582534809e-07,2.3636755184781783e-07,-3.6840571090014006e-07
0.0002766,2.9440370627217909e-07,-3.8393262324070909e-07,2.3587249620082744e-07,-3.7411835899295395e-07
0.0002767,2.931817011140701e-07,-3.9101988560629647e-07,2.352872946415478e-07,-3.7984026083544097e-07
0.00027680000000000001,2.9176173307935179e-07,-3.9807192032612472e-07,2.3458982965659453e-07,-3.8557148690563044e-07
0.00027690000000000001,2.9016614870811352e-07,-4.0508218961155532e-07,2.3375956258310595e-07,-3.9131239610783564e-07
0.00027700000000000001,2.8842094233295967e-07,-4.1204455643300709e-07,2.3277817582931892e-07,-3.970635061452969e-07
0.00027710000000000001,2.8655468630964839e-07,-4.189533053351469e-07,2.3163016963093131e-07,-4.0282534287725043e-07
0.00027720000000000002,2.8459740915981925e-07,-4.2580315846937313e-07,2.3030339701142399e-07,-4.08598275605156e-07
0.00027730000000000002,2.8257946035197356e-07,-4.3258928722333918e-07,2.2878952181010317e-07,-4.1438234584389699e-07
0.00027740000000000002,2.8053040008866382e-07,-4.3930731982652665e-07,2.2708438630272232e-07,-4.20177097432709e-07
0.00027750000000000002,2.7847795078980202e-07,-4.4595334528612503e-07,2.2518827703302684e-07,-4.2598141581625246e-07
0.00027760000000000003,2.7644704404513403e-07,-4.5252391396245854e-07,2.2310607995167977e-07,-4.3179338398108647e-07
0.00027770000000000003,2.7445899277744626e-07,-4.5901603503253264e-07,2.2084731875957524e-07,-4.3761016188192818e-07
0.00027780000000000003,2.7253081337429942e-07,-4.6542717101922782e-07,2.184260734009585e-07,-4.4342789526280434e-07
0.00027790000000000003,2.7067471680402896e-07,-4.717552294879015e-07,2.1586077886375543e-07,-4.4924165860918207e-07
0.00027799999999999998,2.6889778144961195e-07,-4.7799855193747336e-07,2.1317390772712647e-07,-4.5504543560607118e-07
0.00027809999999999998,2.6720181380583218e-07,-4.8415589984510114e-07,2.1039154315284739e-07,-4.6083213897998345e-07
0.00027819999999999999,2.6558339653210579e-07,-4.9022643776754013e-07,2.0754285214827763e-07,-4.6659367002978017e-07
0.00027829999999999999,2.6403411687459801e-07,-4.9620971336280061e-07,2.0465947183770123e-07,-4.7232101656729012e-07
0.00027839999999999999,2.6254096239547377e-07,-5.0210563417649036e-07,2.0177482407278574e-07,-4.7800438645633142e-07
0.00027849999999999999,2.6108686548398131e-07,-5.079144410408936e-07,1.9892337590796098e-07,-4.8363337252089863e-07
0.0002786,2.596513734569571e-07,-5.1363667796290367e-07,1.9613986518910471e-07,-4.891971433459701e-07
0.0002787,2.5821141733597793e-07,-5.1927315842958556e-07,1.9345851169449842e-07,-4.9468465346771648e-07
0.0002788,2.5674214972778259e-07,-5.2482492813635583e-07,1.9091223488187592e-07,-5.0008486568469848e-07
0.0002789,2.5521782070550445e-07,-5.3029322424018775e-07,1.8853189930809067e-07,-5.0538697774723727e-07
0.00027900000000000001,2.536126602192653e-07,-5.3567943135540194e-07,1.8634560819123249e-07,-5.1058064551737399e-07
0.00027910000000000001,2.5190173634084185e-07,-5.4098503463795781e-07,1.8437806439004693e-07,-5.1565619484135424e-07
0.00027920000000000001,2.5006176051136891e-07,-5.4621157044032753e-07,1.8265001631303406e-07,-5.2060481483362339e-07
0.00027930000000000001,2.4807181381708402e-07,-5.5136057515702482e-07,1.811778039881451e-07,-5.2541872601553928e-07
0.00027940000000000002,2.4591397203478967e-07,-5.5643353301426834e-07,1.7997301778869734e-07,-5.3009131775250478e-07
0.00027950000000000002,2.4357381160558971e-07,-5.6143182367959811e-07,1.7904227920216707e-07,-5.3461725064758838e-07
0.00027960000000000002,2.4104078362950009e-07,-5.6635667067220136e-07,1.7838714963760059e-07,-5.3899252092831859e-07
0.00027970000000000002,2.3830844822644831e-07,-5.7120909163637403e-07,1.7800416969603722e-07,-5.4321448534871528e-07
0.00027980000000000002,2.3537456697525639e-07,-5.7598985159376237e-07,1.7788502768330894e-07,-5.4728184666032342e-07
0.00027990000000000003,2.3224105641634037e-07,-5.8069942031059292e-07,1.7801685253537262e-07,-5.5119460122111924e-07
0.00028000000000000003,2.2891381058934197e-07,-5.8533793490092499e-07,1.7838262286129806e-07,-5.5495395174791084e-07
0.00028010000000000003,2.2540240509282524e-07,-5.8990516873428806e-07,1.7896168059149032e-07,-5.5856218951835345e-07
0.00028019999999999998,2.2171969904101468e-07,-5.9440050762556254e-07,1.7973033484418245e-07,-5.6202255143995594e-07
0.00028029999999999998,2.1788135442188753e-07,-5.9882293415772247e-07,1.8066253917600209e-07,-5.6533905828155166e-07
0.00028039999999999999,2.1390529463384441e-07,-6.0317102082669845e-07,1.8173062343283911e-07,-5.6851634097231804e-07
0.00028049999999999999,2.0981112533239609e-07,-6.0744293250609127e-07,1.8290606001988372e-07,-5.7155946219164763e-07
0.00028059999999999999,2.0561954112884786e-07,-6.1163643851304917e-07,1.8416024360105017e-07,-5.7447374048787266e-07
0.00028069999999999999,2.0135174116235337e-07,-6.1574893432166642e-07,1.8546526303643195e-07,-5.772645838767778e-07
0.00028079999999999999,1.9702887516365511e-07,-6.1977747272400533e-07,1.8679464477063225e-07,-5.7993733929498248e-07
0.0002809,1.9267153942553195e-07,-6.2371880398916844e-07,1.8812404787505135e-07,-5.8249716344472069e-07
0.000281,1.8829933920317551e-07,-6.2756942432593328e-07,1.8943189248583415e-07,-5.849489195010994e-07
0.0002811,1.8393053062362226e-07,-6.3132563172257692e-07,1.9069990541188616e-07,-5.8729710290666178e-07
0.0002812,1.7958175134171905e-07,-6.3498358802658818e-07,1.919135691457758e-07,-5.8954579810368068e-07
0.00028130000000000001,1.7526784510759364e-07,-6.3853938594441192e-07,1.9306246331405033e-07,-5.9169866661089204e-07
0.00028140000000000001,1.7100178127897886e-07,-6.4198911949369366e-07,1.941404906630649e-07,-5.9375896539882085e-07
0.00028150000000000001,1.6679466629076249e-07,-6.4532895633311741e-07,1.9514598289664174e-07,-5.9572959311857631e-07
0.00028160000000000001,1.6265584034480776e-07,-6.4855521033192994e-07,1.9608168496461201e-07,-5.9761316045163288e-07
0.00028170000000000002,1.5859304925131869e-07,-6.5166441272521184e-07,1.9695461964937617e-07,-5.9941207972750783e-07
0.00028180000000000002,1.5461267856402313e-07,-6.5465338023285998e-07,1.977758374171533e-07,-6.011286680500756e-07
0.00028190000000000002,1.5072003500506601e-07,-6.5751927859943008e-07,1.9856005940489679e-07,-6.0276525751981495e-07
0.00028200000000000002,1.4691965874267595e-07,-6.6025968013609449e-07,1.9932522402527963e-07,-6.0432430576759804e-07
0.00028210000000000003,1.4321564940508371e-07,-6.6287261401113722e-07,2.0009194992474641e-07,-6.0580849994151937e-07
0.00028220000000000003,1.3961198879527995e-07,-6.6535660823627566e-07,2.0088292987094942e-07,-6.0722084751681451e-07
0.00028230000000000003,1.3611284408853936e-07,-6.6771072252606317e-07,2.017222715380453e-07,-6.0856474782131439e-07
0.00028239999999999998,1.3272283679347477e-07,-6.6993457145911735e-07,2.0263480207878096e-07,-6.0984403896536032e-07
0.00028249999999999998,1.2944726485555813e-07,-6.7202833763452537e-07,2.0364535381411175e-07,-6.1106301590346307e-07
0.00028259999999999998,1.2629226787391581e-07,-6.739927747857558e-07,2.0477804834248909e-07,-6.1222641659371731e-07
0.00028269999999999999,1.2326492836351011e-07,-6.7582920107880191e-07,2.0605559589393474e-07,-6.1333937461006787e-07
0.00028279999999999999,1.2037330518820311e-07,-6.7753948307240644e-07,2.0749862586422942e-07,-6.1440733804495451e-07
0.00028289999999999999,1.1762639857123858e-07,-6.79126011047885e-07,2.0912506320734247e-07,-6.1543595605583329e-07
0.00028299999999999999,1.1503404931309207e-07,-6.8059166661690579e-07,2.109495637953178e-07,-6.1643093589577898e-07
0.0002831,1.1260677787244056e-07,-6.8193978368134238e-07,2.1298302003518539e-07,-6.1739787466498982e-07
0.0002832,1.1035557166537107e-07,-6.8317410394504742e-07,2.1523214602787472e-07,-6.1834207126877521e-07
0.0002833,1.0829163119850752e-07,-6.842987282596373e-07,2.1769914943172717e-07,-6.1926832511589563e-07
0.0002834,1.0642608738212372e-07,-6.8531806512332696e-07,2.2038149501915259e-07,-6.2018072889558327e-07
0.00028350000000000001,1.0476970350276149e-07,-6.8623677764333147e-07,2.2327176275262432e-07,-6.2108246329653331e-07
0.00028360000000000001,1.0333257583172841e-07,-6.8705973021991197e-07,2.2635760111313661e-07,-6.2197560175402719e-07
0.00028370000000000001,1.0212384669490614e-07,-6.877919361168865e-07,2.2962177444204113e-07,-6.2286093321945443e-07
0.00028380000000000001,1.0115144304790629e-07,-6.8843850695398279e-07,2.3304230124814186e-07,-6.237378105415576e-07
0.00028390000000000002,1.004218522335772e-07,-6.8900460499666636e-07,2.3659267882009632e-07,-6.2460403134318432e-07
0.00028400000000000002,9.9939944716184848e-08,-6.8949539893599677e-07,2.4024218809336302e-07,-6.2545575729644936e-07
0.00028410000000000002,9.9708851280141005e-08,-6.8991602365239372e-07,2.4395627156526436e-07,-6.2628747647911607e-07
0.00028420000000000002,9.9729899560456818e-08,-6.9027154425115182e-07,2.4769697613605865e-07,-6.2709201208048531e-07
0.00028430000000000003,1.0000261195940201e-07,-6.9056692445252702e-07,2.5142345207400938e-07,-6.2786057916951532e-07
0.00028440000000000003,1.0052476412865789e-07,-6.9080699922345682e-07,2.5509249884676221e-07,-6.2858288959962021e-07
0.00028450000000000003,1.0129250038963671e-07,-6.9099645135920917e-07,2.5865914831123341e-07,-6.2924730346492591e-07
0.00028459999999999998,1.0230049985347938e-07,-6.9113979156845891e-07,2.620772756871128e-07,-6.2984102390481112e-07
0.00028469999999999998,1.0354218470371764e-07,-6.9124134149038621e-07,2.6530022882789144e-07,-6.3035033053742299e-07
0.00028479999999999998,1.0500996022109562e-07,-6.9130521898203129e-07,2.6828146652025398e-07,-6.3076084544545453e-07
0.00028489999999999999,1.0669547474481327e-07,-6.9133532496151959e-07,2.7097519685948539e-07,-6.310578244897322e-07
0.00028499999999999999,1.085898869379676e-07,-6.9133533107954359e-07,2.7333700713819478e-07,-6.3122646582945782e-07
0.00028509999999999999,1.1068412749243302e-07,-6.9130866751764634e-07,2.7532447712461146e-07,-6.3125222691576291e-07
0.00028519999999999999,1.1296914277829777e-07,-6.9125851027581172e-07,2.7689776807441042e-07,-6.3112114091839781e-07
0.0002853,1.1543610889669888e-07,-6.9118776741044986e-07,2.7802018030139964e-07,-6.3082012355404087e-07
0.0002854,1.1807660608775873e-07,-6.9109906381252189e-07,2.7865867261691631e-07,-6.3033726160648796e-07
0.0002855,1.2088274540848549e-07,-6.9099472426844576e-07,2.7878433743060118e-07,-6.2966207504977954e-07
0.0002856,1.2384724193903927e-07,-6.908767547167635e-07,2.7837282578658397e-07,-6.2878574557996164e-07
0.00028570000000000001,1.2696343139267306e-07,-6.907468217937888e-07,2.7740471709374685e-07,-6.2770130549397279e-07
0.00028580000000000001,1.3022522977551663e-07,-6.9060623094361466e-07,2.7586582880568212e-07,-6.2640378218162166e-07
0.00028590000000000001,1.3362703854063571e-07,-6.9045590354386621e-07,2.7374746182696179e-07,-6.248902949670502e-07
0.00028600000000000001,1.3716360037833203e-07,-6.9029635366056689e-07,2.7104657798067538e-07,-6.2316010259502162e-07
0.00028610000000000002,1.4082981325738772e-07,-6.9012766518608144e-07,2.6776590648257658e-07,-6.2121460124525903e-07
0.00028620000000000002,1.4462051246537341e-07,-6.8994947022680519e-07,2.6391397704214578e-07,-6.1905727451790522e-07
0.00028630000000000002,1.4853023209032568e-07,-6.8976092968659928e-07,2.595050779622207e-07,-6.1669359830723709e-07
0.00028640000000000002,1.5255295856023284e-07,-6.8956071703381e-07,2.5455913844401919e-07,-6.1413090481780454e-07
0.00028650000000000003,1.5668188945274641e-07,-6.8934700624133552e-07,2.4910153522706516e-07,-6.1137821113048959e-07
0.00028660000000000003,1.6090921077268259e-07,-6.8911746484954231e-07,2.431628247018652e-07,-6.0844601865763927e-07
0.00028670000000000003,1.6522590526350872e-07,-6.8886925302138773e-07,2.3677840271985887e-07,-6.0534609050726808e-07
0.00028680000000000003,1.6962160309289759e-07,-6.8859902934002924e-07,2.299880954764769e-07,-6.0209121418770274e-07
0.00028689999999999998,1.7408448448003003e-07,-6.8830296394517325e-07,2.2283568603956737e-07,-5.9869495721766577e-07
0.00028699999999999998,1.7860124158688544e-07,-6.8797675942051998e-07,2.153683823120948e-07,-5.9517142306569622e-07
0.00028709999999999999,1.8315710437232602e-07,-6.876156796372158e-07,2.0763623342431334e-07,-5.915350144403605e-07
0.00028719999999999999,1.8773593221924963e-07,-6.8721458653448926e-07,1.996915027128304e-07,-5.8780021031185088e-07
0.00028729999999999999,1.9232037011745902e-07,-6.8676798458660795e-07,1.915880065253345e-07,-5.8398136219870555e-07
0.00028739999999999999,1.9689206515192029e-07,-6.8627007247334971e-07,1.8338042905169875e-07,-5.8009251423934792e-07
0.0002875,2.014319361435277e-07,-6.8571480124774535e-07,1.75123624187293e-07,-5.7614725043174059e-07
0.0002876,2.0592048664928074e-07,-6.8509593808818248e-07,1.6687191604651069e-07,-5.7215857121443175e-07
0.0002877,2.103381492732248e-07,-6.8440713453967424e-07,1.5867841013103496e-07,-5.6813880032802817e-07
0.0002878,2.1466564747591077e-07,-6.8364199799802778e-07,1.5059432729150689e-07,-5.640995216882385e-07
0.0002879,2.1888435988596586e-07,-6.8279416507647221e-07,1.4266837248180308e-07,-5.6005154486625078e-07
0.00028800000000000001,2.2297667157625279e-07,-6.8185737542140339e-07,1.34946149879393e-07,-5.5600489675319623e-07
0.00028810000000000001,2.2692629690573701e-07,-6.8082554451515424e-07,1.2746963522907618e-07,-5.5196883611937457e-07
0.00028820000000000001,2.3071855935443927e-07,-6.7969283402035566e-07,1.2027671526579696e-07,-5.4795188709556294e-07
0.00028830000000000001,2.3434061527099046e-07,-6.784537182821728e-07,1.1340080280029673e-07,-5.4396188712467914e-07
0.00028840000000000002,2.3778161055949667e-07,-6.7710304570943221e-07,1.0687053453329616e-07,-5.4000604466943208e-07
0.00028850000000000002,2.4103276197649012e-07,-6.7563609389984344e-07,1.0070955693337643e-07,-5.3609100191875007e-07
0.00028860000000000002,2.4408735778706238e-07,-6.7404861755315369e-07,9.4936403612401568e-08,-5.3222289790588396e-07
0.00028870000000000002,2.4694067591877089e-07,-6.7233688842291919e-07,8.956446560902778e-08,-5.2840742781996986e-07
0.00028880000000000003,2.4958982131393104e-07,-6.7049772678538979e-07,8.4602053899984721e-08,-5.2464989483665686e-07
0.00028890000000000003,2.520334877668327e-07,-6.6852852414482851e-07,8.0052551358530737e-08,-5.2095525148292224e-07
0.00028900000000000003,2.5427165298977787e-07,-6.6642725714001854e-07,7.5914649329722304e-08,-5.1732812835108475e-07
0.00028909999999999998,2.5630521883061487e-07,-6.6419249285825942e-07,7.2182662053052423e-08,-5.1377284884785566e-07
0.00028919999999999998,2.5813561132344278e-07,-6.6182338599250533e-07,6.8846910391820738e-08,-5.1029342956562043e-07
0.00028929999999999998,2.5976435746700528e-07,-6.5931966848669101e-07,6.5894164778886824e-08,-5.0689356675257864e-07
0.00028939999999999999,2.6119265718598469e-07,-6.5668163249672073e-07,6.3308136007152443e-08,-5.0357661019703956e-07
0.00028949999999999999,2.6242096975801959e-07,-6.5391010764416329e-07,6.107000151938273e-08,-5.003455265910115e-07
0.00028959999999999999,2.6344863403176783e-07,-6.510064336517326e-07,5.9158954215451015e-08,-4.972028550680832e-07
0.00028969999999999999,2.6427354099816369e-07,-6.4797242952093799e-07,5.7552760515036003e-08,-4.9415065809339165e-07
0.0002898,2.6489187572051863e-07,-6.4481036044117981e-07,5.6228314498047458e-08,-4.9119047120032817e-07
0.0002899,2.6529794332451593e-07,-6.4152290360596577e-07,5.5162175389840172e-08,-4.8832325520755391e-07
0.00029,2.6548409077331417e-07,-6.3811311405733366e-07,5.4331076448355407e-08,-4.855493545074669e-07
0.0002901,2.6544073261172617e-07,-6.3458439158697525e-07,5.3712394419121985e-08,-4.8286846479766799e-07
0.00029020000000000001,2.6515648488774668e-07,-6.3094044959635159e-07,5.3284570115089304e-08,-4.8027961324223484e-07
0.00029030000000000001,2.6461840720076008e-07,-6.2718528666382437e-07,5.3027472305812643e-08,-4.7778115351924235e-07
0.00029040000000000001,2.6381234844913247e-07,-6.2332316139102755e-07,5.2922698911698453e-08,-4.7537077755992034e-07
0.00029050000000000001,2.6272338752910831e-07,-6.1935857091060416e-07,5.295381143532958e-08,-4.7304554504355057e-07
0.00029060000000000002,2.6133635614648662e-07,-6.1529623324067272e-07,5.3106500561173654e-08,-4.7080193091472032e-07
0.00029070000000000002,2.5963642721098275e-07,-6.1114107347570321e-07,5.3368682854211549e-08,-4.686358903716976e-07
0.00029080000000000002,2.5760974914609797e-07,-6.0689821361648619e-07,5.3730530424331619e-08,-4.6654293997298851e-07
0.00029090000000000002,2.5524410400098771e-07,-6.0257296567060237e-07,5.4184437237522538e-08,-4.6451825275927561e-07
0.00029100000000000003,2.5252956560639116e-07,-5.9817082750564023e-07,5.4724927392452429e-08,-4.6255676462259515e-07
0.00029110000000000003,2.4945913325533161e-07,-5.9369748081568118e-07,5.5348512094165835e-08,-4.6065328860298375e-07
0.00029120000000000003,2.4602931655856047e-07,-5.8915879047146788e-07,5.6053503206572487e-08,-4.5880263337867463e-07
0.00029129999999999998,2.4224064823604743e-07,-5.8456080446903581e-07,5.683979212225626e-08,-4.5699972195712031e-07
0.00029139999999999998,2.380981036336542e-07,-5.7990975367182298e-07,5.7708603233279498e-08,-4.5523970648162165e-07
0.00029149999999999998,2.3361140863631612e-07,-5.7521205055735456e-07,5.8662231511962678e-08,-4.5351807514612229e-07
0.00029159999999999999,2.2879522128882919e-07,-5.7047428623002427e-07,5.9703773619509389e-08,-4.5183074745518788e-07
0.00029169999999999999,2.2366917670466502e-07,-5.6570322504343404e-07,6.0836861566615189e-08,-4.5017415446715227e-07
0.00029179999999999999,2.1825778958742227e-07,-5.6090579628511908e-07,6.206540727809083e-08,-4.4854530119868172e-07
0.00029189999999999999,2.1259021373300977e-07,-5.5608908250816201e-07,6.3393365496017496e-08,-4.4694180902604235e-07
0.000292,2.0669986303362056e-07,-5.5126030424222741e-07,6.4824521333814132e-08,-4.4536193666457686e-07
0.0002921,2.006239035702481e-07,-5.4642680097439567e-07,6.6362307513475195e-08,-4.4380457911265303e-07
0.0002922,1.9440263116285996e-07,-5.4159600845101641e-07,6.8009654930978704e-08,-4.4226924477586552e-07
0.0002923,1.8807875305876016e-07,-5.3677543250877004e-07,6.9768878753611343e-08,-4.4075601180838958e-07
0.00029240000000000001,1.8169659610841816e-07,-5.3197261978963359e-07,7.1641600810983813e-08,-4.3926546548705131e-07
0.00029250000000000001,1.7530126665523645e-07,-5.2719512582443464e-07,7.3628707650404677e-08,-4.3779861913897882e-07
0.00029260000000000001,1.6893778933142229e-07,-5.2245048107784171e-07,7.5730342335201126e-08,-4.363568217475272e-07
0.00029270000000000001,1.6265025292036861e-07,-5.177461556297013e-07,7.794592691425663e-08,-4.349416558396623e-07
0.00029280000000000002,1.5648099136850643e-07,-5.1308952322043049e-07,8.0274211518763614e-08,-4.3355482959321297e-07
0.00029290000000000002,1.5046982689829072e-07,-5.0848782540985327e-07,8.271334527638316e-08,-4.3219806728165677e-07
0.00029300000000000002,1.4465340002145779e-07,-5.0394813658892303e-07,8.5260963693258744e-08,-4.3087300219197264e-07
0.00029310000000000002,1.390646081505471e-07,-4.9947733054302369e-07,8.7914286851634567e-08,-4.2958107600793087e-07
0.00029320000000000003,1.3373217056708827e-07,-4.9508204919617763e-07,9.0670222706218169e-08,-4.2832344835477469e-07
0.00029330000000000003,1.2868033287063033e-07,-4.9076867407085918e-07,9.3525469928627002e-08,-4.271009197644898e-07
0.00029340000000000003,1.2392871887613981e-07,-4.8654330088268887e-07,9.6476615130087125e-08,-4.2591387076311701e-07
0.00029350000000000003,1.1949233244236884e-07,-4.8241171755836949e-07,9.9520219864319454e-08,-4.2476221912599181e-07
0.00029359999999999998,1.1538170610932961e-07,-4.7837938582480481e-07,1.0265289354538752e-07,-4.2364539662088493e-07
0.00029369999999999998,1.1160318791434336e-07,-4.744514263737751e-07,1.0587134927377095e-07,-4.2256234579213185e-07
0.00029379999999999999,1.0815935255683815e-07,-4.7063260746631965e-07,1.0917244050938222e-07,-4.2151153656203159e-07
0.00029389999999999999,1.0504951839565178e-07,-4.6692733671043071e-07,1.1255317752212075e-07,-4.2049100166961777e-07
0.00029399999999999999,1.0227034777442174e-07,-4.6333965563070569e-07,1.1601072354706842e-07,-4.1949838926113231e-07
0.00029409999999999999,9.9816505040575675e-08,-4.5987323655448057e-07,1.1954237153355563e-07,-4.1853103031782503e-07
0.0002942,9.768134447934733e-08,-4.5653138127000573e-07,1.2314550326695305e-07,-4.1758601807889003e-07
0.0002943,9.5857599316752614e-08,-4.5331702087168936e-07,1.2681753342678683e-07,-4.1666029620908896e-07
0.0002944,9.4338043004057345e-08,-4.5023271619733791e-07,1.3055584179624689e-07,-4.157507521862396e-07
0.0002945,9.3116095187014947e-08,-4.4728065828337034e-07,1.3435769733495916e-07,-4.1485431225117461e-07
0.00029460000000000001,9.2186347048058522e-08,-4.4446266831551415e-07,1.382201781537538e-07,-4.1396803427488941e-07
0.00029470000000000001,9.1544984007741271e-08,-4.4178019663249427e-07,1.4214009157963239e-07,-4.130891950508081e-07
0.00029480000000000001,9.1190087961881413e-08,-4.3923432044543477e-07,1.4611389847020724e-07,-4.1221536880563479e-07
0.00029490000000000001,9.1121806156097741e-08,-4.3682574006167531e-07,1.5013764573638345e-07,-4.1134449412618681e-07
0.00029500000000000001,9.1342379272691071e-08,-4.3455477354307723e-07,1.5420691067260694e-07,-4.1047492700328334e-07
0.00029510000000000002,9.1856027116083527e-08,-4.3242134987950319e-07,1.5831676019449653e-07,-4.0960547827558136e-07
0.00029520000000000002,9.2668696207150818e-08,-4.3042500091134746e-07,1.6246172746772961e-07,-4.0873543439092047e-07
0.00029530000000000002,9.3787679402219848e-08,-4.285648523838695e-07,1.6663580770695199e-07,-4.0786456106480996e-07
0.00029540000000000002,9.5221123110197146e-08,-4.2683961465380398e-07,1.7083247415951867e-07,-4.069930900776725e-07
0.00029550000000000003,9.6977442573611636e-08,-4.2524757368874998e-07,1.7504471449687745e-07,-4.061216900889027e-07
0.00029560000000000003,9.9064669808642116e-08,-4.2378658309627541e-07,1.7926508704847298e-07,-4.0525142293173564e-07
0.00029570000000000003,1.0148976199561544e-07,-4.2245405798743578e-07,1.8348579555871114e-07,-4.0438368736695257e-07
0.00029579999999999998,1.0425790023982409e-07,-4.212469715145089e-07,1.8769878045539447e-07,-4.0352015269678341e-07
0.00029589999999999998,1.0737180958783251e-07,-4.2016185492245093e-07,1.9189582401212987e-07,-4.0266268495896462e-07
0.00029599999999999998,1.1083113093596675e-07,-4.1919480191652325e-07,1.960686662886401e-07,-4.018132686249035e-07
0.00029609999999999999,1.1463187400123915e-07,-4.1834147807482323e-07,2.0020912835698172e-07,-4.0097392681034178e-07
0.00029619999999999999,1.1876597788353411e-07,-4.1759713592565779e-07,2.0430923907897965e-07,-4.001466429721e-07
0.00029629999999999999,1.2322100202036645e-07,-4.1695663616883619e-07,2.0836136159602694e-07,-3.9933328691482541e-07
0.00029639999999999999,1.2797996565369153e-07,-4.1641447535139351e-07,2.1235831572608027e-07,-3.9853554767705637e-07
0.0002965,1.3302134846203953e-07,-4.1596482011752607e-07,2.1629349262904153e-07,-3.9775487551895043e-07
0.0002966,1.3831925896255767e-07,-4.1560154794617428e-07,2.2016095839021181e-07,-3.9699243481210851e-07
0.0002967,1.4384377088273037e-07,-4.1531829407500333e-07,2.2395554356783914e-07,-3.9624906915337176e-07
0.0002968,1.495614211829157e-07,-4.1510850409428688e-07,2.27672916236952e-07,-3.9552527951099832e-07
0.00029690000000000001,1.5543585702749472e-07,-4.1496549148633648e-07,2.3130963661736775e-07,-3.9482121568414279e-07
0.00029700000000000001,1.6142861300076178e-07,-4.1488249919347644e-07,2.3486319197658776e-07,-3.9413668083705848e-07
0.00029710000000000001,1.6749999447789844e-07,-4.1485276412756206e-07,2.3833201112543563e-07,-3.9347114837843243e-07
0.00029720000000000001,1.7361003850442089e-07,-4.148695833933714e-07,2.4171545845301038e-07,-3.9282379001202509e-07
0.00029730000000000002,1.7971951999275724e-07,-4.1492638089262759e-07,2.4501380805585652e-07,-3.9219351340424383e-07
0.00029740000000000002,1.8579096865866239e-07,-4.1501677290945314e-07,2.4822819908444471e-07,-3.9157900760965404e-07
0.00029750000000000002,1.9178966099688142e-07,-4.151346312548936e-07,2.5136057394044142e-07,-3.909787941769952e-07
0.00029760000000000002,1.9768455179170084e-07,-4.1527414256942047e-07,2.5441360139643434e-07,-3.9039128173099439e-07
0.00029770000000000003,2.0344911118114254e-07,-4.1542986244809937e-07,2.573905870647308e-07,-3.8981482179139801e-07
0.00029780000000000003,2.0906203610074358e-07,-4.155967631618384e-07,2.6029537390592362e-07,-3.8924776364757824e-07
0.00029790000000000003,2.145078089324248e-07,-4.1577027389672563e-07,2.6313223563757918e-07,-3.8868850624904569e-07
0.00029799999999999998,2.1977708123839433e-07,-4.1594631261735639e-07,2.6590576597844436e-07,-3.8813554529015502e-07
0.00029809999999999998,2.2486686639101332e-07,-4.1612130887340201e-07,2.6862076664712359e-07,-3.8758751394894972e-07
0.00029819999999999998,2.2978053150432768e-07,-4.1629221710452807e-07,2.7128213693265321e-07,-3.8704321607135371e-07
0.00029829999999999999,2.3452758609224329e-07,-4.1645652024937586e-07,2.7389476747665509e-07,-3.8650165095717008e-07
0.00029839999999999999,2.3912327206511423e-07,-4.1661222372132938e-07,2.7646344066359882e-07,-3.8596202928657692e-07
0.00029849999999999999,2.4358796676576814e-07,-4.167578400686259e-07,2.7899273971951015e-07,-3.8542378010889447e-07
0.00029859999999999999,2.4794641747454054e-07,-4.1689236488052328e-07,2.8148696828358338e-07,-3.8488654918275051e-07
0.0002987,2.5222683192936319e-07,-4.1701524472655121e-07,2.8395008185485209e-07,-3.8435018929404756e-07
0.0002988,2.5645985468136385e-07,-4.1712633811489772e-07,2.863856321407432e-07,-3.8381474347210249e-07
0.0002989,2.6067746333887643e-07,-4.1722587062218184e-07,2.8879672495820461e-07,-3.8328042226481794e-07
0.000299,2.6491182178116814e-07,-4.1731438547491797e-07,2.9118599197236621e-07,-3.8274757641243697e-07
0.00029910000000000001,2.6919412912950111e-07,-4.1739269094891881e-07,2.9355557621197008e-07,-3.8221666637201959e-07
0.00029920000000000001,2.7355350357802562e-07,-4.1746180599429541e-07,2.9590713098277344e-07,-3.8168823018907603e-07
0.00029930000000000001,2.7801593909258042e-07,-4.1752290548975503e-07,2.9824183151577676e-07,-3.8116285119018094e-07
0.00029940000000000001,2.8260337051623238e-07,-4.1757726648138878e-07,3.0056039844014421e-07,-3.8064112688496796e-07
0.00029950000000000002,2.8733287886207009e-07,-4.1762621667046342e-07,3.0286313196333563e-07,-3.8012364032442793e-07
0.00029960000000000002,2.9221606366027406e-07,-4.1767108628579948e-07,3.0514995547319824e-07,-3.7961093497352715e-07
0.00029970000000000002,2.9725860333508292e-07,-4.1771316431435276e-07,3.0742046714782825e-07,-3.7910349393080188e-07
0.00029980000000000002,3.0246001793197217e-07,-4.1775365987500433e-07,3.0967399806604638e-07,-3.7860172407715641e-07
0.00029990000000000003,3.0781364133906054e-07,-4.1779366931257904e-07,3.1190967525148766e-07,-3.7810594547330041e-07
0.00030000000000000003,3.133068027121604e-07,-4.1783414936964358e-07,3.1412648805259851e-07,-3.7761638606240265e-07
0.00030010000000000003,3.1892120939273248e-07,-4.1787589657088435e-07,3.1632335625540692e-07,-3.7713318148356919e-07
0.00030020000000000003,3.2463351647482217e-07,-4.1791953273705691e-07,3.1849919834210761e-07,-3.7665637957365029e-07
0.00030029999999999998,3.3041606159301012e-07,-4.1796549634053302e-07,3.2065299834250854e-07,-3.7618594893897313e-07
0.00030039999999999998,3.3623773771041907e-07,-4.1801403922966373e-07,3.2278386977520931e-07,-3.7572179082256943e-07
0.00030049999999999999,3.4206497189649905e-07,-4.1806522809097868e-07,3.2489111523809727e-07,-3.7526375338162746e-07
0.00030059999999999999,3.4786277447398227e-07,-4.1811894989197687e-07,3.2697428028319243e-07,-3.7481164742755491e-07
0.00030069999999999999,3.5359582061448103e-07,-4.1817492045698539e-07,3.2903320029812996e-07,-3.7436526266776684e-07
0.00030079999999999999,3.592295255553096e-07,-4.18232695276867e-07,3.3106803921645852e-07,-3.7392438352277086e-07
0.0003009,3.6473107512691692e-07,-4.1829168164131562e-07,3.3307931899269506e-07,-3.7348880367043223e-07
0.000301,3.7007037519844734e-07,-4.1835115120962745e-07,3.3506793890708031e-07,-3.7305833858588913e-07
0.0003011,3.7522088689380773e-07,-4.1841025220016496e-07,3.3703518391135605e-07,-3.726328354932702e-07
0.0003012,3.8016031887825058e-07,-4.184680204768394e-07,3.3898272139212655e-07,-3.7221218031563702e-07
0.00030130000000000001,3.8487115349724246e-07,-4.1852338893809839e-07,3.4091258591389789e-07,-3.7179630139314802e-07
0.00030140000000000001,3.8934098985832639e-07,-4.1857519476435355e-07,3.428271517107293e-07,-3.7138516992701747e-07
0.00030150000000000001,3.9356269384537786e-07,-4.1862218424684404e-07,3.4472909292280722e-07,-3.7097879728870073e-07
0.00030160000000000001,3.97534352284148e-07,-4.1866301509739904e-07,3.4662133182154903e-07,-3.7057722950128721e-07
0.00030170000000000002,4.012590357675986e-07,-4.1869625631687236e-07,3.4850697553105326e-07,-3.7018053934541733e-07
0.00030180000000000002,4.0474438172703005e-07,-4.1872038587265156e-07,3.5038924203104355e-07,-3.6978881665847174e-07
0.00030190000000000002,4.0800201593687578e-07,-4.1873378659532161e-07,3.5227137651156436e-07,-3.694021574786255e-07
0.00030200000000000002,4.1104683652239839e-07,-4.1873474084461158e-07,3.5415655943605452e-07,-3.6902065273115708e-07
0.00030210000000000002,4.1389618948329187e-07,-4.1872142460930797e-07,3.5604780794907077e-07,-3.6864437716215333e-07
0.00030220000000000003,4.1656896857125505e-07,-4.1869190179006835e-07,3.5794787252924684e-07,-3.6827337919470818e-07
0.00030230000000000003,4.1908467492749301e-07,-4.1864411946443924e-07,3.5985913102767544e-07,-3.6790767231783126e-07
0.00030240000000000003,4.2146247310620807e-07,-4.1857590494765792e-07,3.6178348243705643e-07,-3.6754722852199425e-07
0.00030249999999999998,4.2372027994292951e-07,-4.1848496544022625e-07,3.6372224289820852e-07,-3.67191974173719e-07
0.00030259999999999998,4.2587392118494342e-07,-4.1836889099448138e-07,3.6567604655878476e-07,-3.6684178858102585e-07
0.00030269999999999999,4.27936387949902e-07,-4.182251614395808e-07,3.6764475394638961e-07,-3.664965053496862e-07
0.00030279999999999999,4.2991722103189969e-07,-4.1805115778092587e-07,3.6962737049800068e-07,-3.6615591647469187e-07
0.00030289999999999999,4.3182204599067969e-07,-4.1784417844073687e-07,3.7162197779495367e-07,-3.6581977896029837e-07
0.00030299999999999999,4.3365227603654309e-07,-4.1760146053693041e-07,3.7362567988485322e-07,-3.6548782362276956e-07
0.00030309999999999999,4.3540499318936803e-07,-4.1732020621409958e-07,3.7563456682865739e-07,-3.651597656096064e-07
0.0003032,4.3707301129553906e-07,-4.1699761385023268e-07,3.7764369729462866e-07,-3.6483531607337627e-07
0.0003033,4.3864511749484241e-07,-4.166309137730817e-07,3.7964710163624436e-07,-3.6451419437175074e-07
0.0003034,4.4010648190643641e-07,-4.162174079380077e-07,3.8163780644562261e-07,-3.6419614013136736e-07
0.0003035,4.4143921890729324e-07,-4.1575451285160545e-07,3.8360788107791096e-07,-3.6388092451293633e-07
0.00030360000000000001,4.4262307764922573e-07,-4.1523980487877549e-07,3.8554850610745787e-07,-3.6356836004859889e-07
0.00030370000000000001,4.4363623461651988e-07,-4.1467106695069993e-07,3.8745006311791859e-07,-3.632583084881329e-07
0.00030380000000000001,4.4445615724562535e-07,-4.1404633560189857e-07,3.8930224466121389e-07,-3.6295068618497665e-07
0.00030390000000000001,4.450605050504186e-07,-4.1336394720951541e-07,3.9109418266139924e-07,-3.6264546667138224e-07
0.00030400000000000002,4.4542803341399577e-07,-4.126225822892502e-07,3.9281459300626346e-07,-3.6234268020887958e-07
0.00030410000000000002,4.4553946526380446e-07,-4.1182130672054495e-07,3.9445193357869207e-07,-3.620424102487535e-07
0.00030420000000000002,4.4537829723302199e-07,-4.10959608828057e-07,3.9599457254809062e-07,-3.6174478689051036e-07
0.00030430000000000002,4.4493150956857031e-07,-4.1003743133502571e-07,3.9743096338434901e-07,-3.6144997757694698e-07
0.00030440000000000003,4.4419015286790519e-07,-4.0905519732357202e-07,3.9874982278598658e-07,-3.6115817540531531e-07
0.00030450000000000003,4.4314978956159155e-07,-4.0801382948284714e-07,3.9994030754102474e-07,-3.6086958555862602e-07
0.00030460000000000003,4.4181077371745941e-07,-4.0691476209294604e-07,4.0099218627163932e-07,-3.6058441046325701e-07
0.00030469999999999998,4.4017835900488933e-07,-4.0575994537459525e-07,4.0189600205634296e-07,-3.6030283435422809e-07
0.00030479999999999998,4.3826263128233188e-07,-4.0455184202531894e-07,4.0264322207763173e-07,-3.6002500797384386e-07
0.00030489999999999998,4.3607826900247857e-07,-4.032934159554051e-07,4.032263707066446e-07,-3.5975103414099014e-07
0.00030499999999999999,4.3364414120940835e-07,-4.0198811342489274e-07,4.0363914280329862e-07,-3.5948095490645809e-07
0.00030509999999999999,4.3098275907913709e-07,-4.0063983695968447e-07,4.0387649447193947e-07,-3.5921474095496251e-07
0.00030519999999999999,4.2811960249425191e-07,-3.9925291258499728e-07,4.0393470905618647e-07,-3.5895228382962567e-07
0.00030529999999999999,4.2508234783491994e-07,-3.9783205105272853e-07,4.0381143676759855e-07,-3.5869339144299766e-07
0.0003054,4.2190002683591826e-07,-3.9638230385191122e-07,4.0350570700385652e-07,-3.5843778720523777e-07
0.0003055,4.1860214886564683e-07,-3.949090148753473e-07,4.0301791310429968e-07,-3.581851129504696e-07
0.0003056,4.1521782023644561e-07,-3.934177686690107e-07,4.0234976999385468e-07,-3.5793493568336822e-07
0.0003057,4.117748941122856e-07,-3.9191433621341426e-07,4.0150424586030551e-07,-3.5768675800618579e-07
0.00030580000000000001,4.0829918324609454e-07,-3.9040461917858586e-07,4.004854696740337e-07,-3.5744003192901082e-07
0.00030590000000000001,4.0481376521001026e-07,-3.888945935585129e-07,3.9929861697447947e-07,-3.571941756197003e-07
0.00030600000000000001,4.0133840608011217e-07,-3.8739025352989317e-07,3.9794977689579628e-07,-3.5694859252077439e-07
0.00030610000000000001,3.978891238480331e-07,-3.8589755629768667e-07,3.964458038696807e-07,-3.5670269215424341e-07
0.00030620000000000002,3.9447790733785651e-07,-3.8442236859096796e-07,3.9479415781286183e-07,-3.5645591185622235e-07
0.00030630000000000002,3.9111260032058108e-07,-3.8297041536211804e-07,3.9300273687012376e-07,-3.5620773863449167e-07
0.00030640000000000002,3.8779695407478648e-07,-3.8154723112596559e-07,3.9107970693403315e-07,-3.5595773032589708e-07
0.00030650000000000002,3.8453084508843909e-07,-3.8015811425863418e-07,3.8903333219633806e-07,-3.5570553524718725e-07
0.00030660000000000003,3.8131064818390519e-07,-3.7880808446393411e-07,3.8687181090342742e-07,-3.5545090958164083e-07
0.00030670000000000003,3.7812974932086069e-07,-3.7750184351309947e-07,3.8460312029287914e-07,-3.5519373182257019e-07
0.00030680000000000003,3.749791769190953e-07,-3.7624373927581748e-07,3.8223487438716452e-07,-3.5493401369986787e-07
0.00030690000000000003,3.7184832595023036e-07,-3.7503773299032496e-07,3.7977419792372071e-07,-3.5467190714297707e-07
0.00030699999999999998,3.687257454472755e-07,-3.738873696703854e-07,3.7722761922108104e-07,-3.5440770697738327e-07
0.00030709999999999998,3.6559995760855966e-07,-3.7279575151866712e-07,3.7460098423298028e-07,-3.5414184920600795e-07
0.00030719999999999999,3.6246027541942358e-07,-3.7176551420976044e-07,3.7189939344375215e-07,-3.5387490488565678e-07
0.00030729999999999999,3.5929758572606475e-07,-3.707988059209845e-07,3.691271626259826e-07,-3.5360756976493901e-07
0.00030739999999999999,3.5610506596788059e-07,-3.6989726902335661e-07,3.6628780783452838e-07,-3.533406499982749e-07
0.00030749999999999999,3.5287880525656239e-07,-3.6906202439571006e-07,3.6338405436744343e-07,-3.5307504438429864e-07
0.0003076,3.4961830408539343e-07,-3.6829365838817747e-07,3.6041786880234152e-07,-3.5281172369153315e-07
0.0003077,3.4632683152227548e-07,-3.6759221253261892e-07,3.5739051263277549e-07,-3.525517077251284e-07
0.0003078,3.4301162411015517e-07,-3.6695717617208006e-07,3.5430261549857339e-07,-3.522960408527027e-07
0.0003079,3.3968391666441942e-07,-3.6638748225377092e-07,3.511542655396812e-07,-3.5204576674289207e-07
0.00030800000000000001,3.3635880149247223e-07,-3.6588150659506622e-07,3.4794511401604566e-07,-3.5180190307627985e-07
0.00030810000000000001,3.3305491902707227e-07,-3.654370709845807e-07,3.4467449103403671e-07,-3.5156541696546855e-07
0.00030820000000000001,3.2979398921919043e-07,-3.6505145051584928e-07,3.4134152900899289e-07,-3.5133720177074522e-07
0.00030830000000000001,3.2660019904051539e-07,-3.6472138556560704e-07,3.3794529037571623e-07,-3.5111805592306196e-07
0.00030840000000000002,3.2349946687692763e-07,-3.6444309881904599e-07,3.3448489603455914e-07,-3.5090866427018549e-07
0.00030850000000000002,3.205186092515241e-07,-3.6421231770870192e-07,3.30959651087114e-07,-3.5070958234988068e-07
0.00030860000000000002,3.1768443902838914e-07,-3.6402430257091248e-07,3.2736916456748914e-07,-3.5052122387045132e-07
0.00030870000000000002,3.1502282688189005e-07,-3.6387388073444616e-07,3.2371346010554331e-07,-3.5034385154966355e-07
0.00030880000000000002,3.1255775927756853e-07,-3.6375548664153355e-07,3.199930747579682e-07,-3.5017757133310365e-07
0.00030890000000000003,3.1031042645087303e-07,-3.6366320796496651e-07,3.1620914360157223e-07,-3.500223298882836e-07
0.00030900000000000003,3.082983728861224e-07,-3.6359083753013554e-07,3.1236346808859722e-07,-3.4987791515563559e-07
0.00030910000000000003,3.065347406330401e-07,-3.6353193068283634e-07,3.0845856660458298e-07,-3.4974395963710215e-07
0.00030919999999999998,3.0502763253858152e-07,-3.6347986756819935e-07,3.0449770613223984e-07,-3.4961994602036754e-07
0.00030929999999999998,3.037796182444071e-07,-3.6342791960963517e-07,3.0048491439790414e-07,-3.495052146752829e-07
0.00030939999999999999,3.0278740076719212e-07,-3.6336931930605283e-07,2.9642497234855786e-07,-3.4939897252020462e-07
0.00030949999999999999,3.0204165583070294e-07,-3.6329733230774792e-07,2.923233872654629e-07,-3.4930030274069073e-07
0.00030959999999999999,3.0152705006724348e-07,-3.6320533059304264e-07,2.8818634725557326e-07,-3.492081748513898e-07
0.00030969999999999999,3.0122243797691305e-07,-3.6308686545535481e-07,2.8402065826474838e-07,-3.4912145462217717e-07
0.0003098,3.0110123135593572e-07,-3.6293573892952579e-07,2.7983366511985934e-07,-3.4903891344027093e-07
0.0003099,3.0113192900586174e-07,-3.6274607224167463e-07,2.756331584240057e-07,-3.4895923674760182e-07
0.00031,3.0127878912691059e-07,-3.6251236986214777e-07,2.7142726939581377e-07,-3.4888103127402375e-07
0.0003101,3.0150262207390588e-07,-3.622295777785537e-07,2.6722435495655489e-07,-3.4880283087760268e-07
0.0003102,3.0176167727745408e-07,-3.6189313468624207e-07,2.6303287552635331e-07,-3.4872310089919687e-07
0.00031030000000000001,3.0201259523815393e-07,-3.6149901491620904e-07,2.5886126809228765e-07,-3.4864024103500661e-07
0.00031040000000000001,3.0221139368157599e-07,-3.610437620830772e-07,2.5471781715764206e-07,-3.4855258682374181e-07
0.00031050000000000001,3.0231445626931304e-07,-3.6052451263480298e-07,2.5061052617487577e-07,-3.484584099302149e-07
0.00031060000000000001,3.0227949270667428e-07,-3.5993900871603102e-07,2.4654699200760513e-07,-3.4835591748094911e-07
0.00031070000000000002,3.0206644063817771e-07,-3.5928560001221841e-07,2.4253428486280207e-07,-3.4824325076695777e-07
0.00031080000000000002,3.0163828230467014e-07,-3.5856323451443697e-07,2.3857883598735843e-07,-3.4811848367151462e-07
0.00031090000000000002,3.0096175243991092e-07,-3.5777143842699014e-07,2.3468633523785369e-07,-3.4797962120556672e-07
0.00031100000000000002,3.000079181661495e-07,-3.5691028572297265e-07,2.3086164041363161e-07,-3.4782459853912806e-07
0.00031110000000000003,2.9875261653693007e-07,-3.5598035812777727e-07,2.2710869999598503e-07,-3.476512809042757e-07
0.00031120000000000003,2.9717674068015448e-07,-3.5498269656850221e-07,2.2343049066580711e-07,-3.4745746471482087e-07
0.00031130000000000003,2.9526637101171011e-07,-3.539187453598191e-07,2.1982897068329102e-07,-3.4724088020143486e-07
0.00031139999999999998,2.9301275351125266e-07,-3.5279029059642133e-07,2.1630504991153024e-07,-3.4699919580094844e-07
0.00031149999999999998,2.9041213237172573e-07,-3.5159939438191617e-07,2.1285857695598199e-07,-3.4673002446809652e-07
0.00031159999999999998,2.8746544925850093e-07,-3.5034832663843671e-07,2.0948834357882762e-07,-3.4643093199997576e-07
0.00031169999999999999,2.841779257663766e-07,-3.4903949630619233e-07,2.0619210623580816e-07,-3.4609944738184406e-07
0.00031179999999999999,2.8055854929143021e-07,-3.4767538375512207e-07,2.0296662427811388e-07,-3.4573307508084342e-07
0.00031189999999999999,2.7661948531823476e-07,-3.4625847619086438e-07,1.9980771406767074e-07,-3.4532930913566261e-07
0.00031199999999999999,2.7237544097378977e-07,-3.4479120774526346e-07,1.9671031797503533e-07,-3.4488564881786696e-07
0.0003121,2.6784300556728104e-07,-3.4327590580010405e-07,1.9366858696961121e-07,-3.4439961557803346e-07
0.0003122,2.6303999370745238e-07,-3.4171474490585495e-07,1.9067597527565956e-07,-3.4386877093878324e-07
0.0003123,2.579848154931811e-07,-3.4010970943051222e-07,1.8772534535884652e-07,-3.4329073495956701e-07
0.0003124,2.5269589627065802e-07,-3.3846256581407195e-07,1.8480908133000695e-07,-3.4266320487555017e-07
0.00031250000000000001,2.4719116563888733e-07,-3.3677484501969554e-07,1.819192087090698e-07,-3.4198397350569959e-07
0.00031260000000000001,2.4148763188990013e-07,-3.3504783547199678e-07,1.790475183851592e-07,-3.4125094703312535e-07
0.00031270000000000001,2.3560105404103557e-07,-3.3328258646532537e-07,1.7618569254136081e-07,-3.4046216178294815e-07
0.00031280000000000001,2.295457192216353e-07,-3.3147992171986909e-07,1.733254302863249e-07,-3.396157996581018e-07
0.00031290000000000002,2.2333432859434992e-07,-3.2964046247011691e-07,1.704585707507697e-07,-3.3871020193959526e-07
0.00031300000000000002,2.1697799040474359e-07,-3.2776465919756935e-07,1.6757721146575233e-07,-3.3774388121262057e-07
0.00031310000000000002,2.1048631434157408e-07,-3.258528308756424e-07,1.6467381994069755e-07,-3.367155312408192e-07
0.00031320000000000002,2.0386759732344853e-07,-3.2390521038657894e-07,1.6174133650144167e-07,-3.3562403467520321e-07
0.00031330000000000003,1.9712908725837609e-07,-3.2192199460373559e-07,1.5877326663006096e-07,-3.3446846854909605e-07
0.00031340000000000003,1.9027730838168134e-07,-3.199033975123006e-07,1.557637612655538e-07,-3.3324810757301505e-07
0.00031350000000000003,1.8331842956844614e-07,-3.1784970467025091e-07,1.5270768377393208e-07,-3.3196242530139473e-07
0.00031360000000000003,1.7625865561219302e-07,-3.1576132729046476e-07,1.4960066257300223e-07,-3.3061109329407223e-07
0.00031369999999999998,1.6910462090205367e-07,-3.136388542540621e-07,1.4643912869534369e-07,-3.29193978438032e-07
0.00031379999999999998,1.6186376522239286e-07,-3.1148310044232288e-07,1.4322033788662373e-07,-3.2771113862729086e-07
0.00031389999999999999,1.5454467251436162e-07,-3.0929514989652305e-07,1.3994237715836577e-07,-3.2616281702064135e-07
0.00031399999999999999,1.4715735531874148e-07,-3.0707639247698999e-07,1.3660415603735247e-07,-3.2454943510768244e-07
0.00031409999999999999,1.3971347017519692e-07,-3.0482855288867684e-07,1.332053830706116e-07,-3.2287158481349474e-07
0.00031419999999999999,1.3222645237102098e-07,-3.0255371116377486e-07,1.2974652844775923e-07,-3.2113001986217311e-07
0.0003143,1.2471156197873064e-07,-3.0025431393478956e-07,1.2622877388400269e-07,-3.1932564660056322e-07
0.0003144,1.1718583694789217e-07,-2.979331760862188e-07,1.2265395116066125e-07,-3.174595144570725e-07
0.0003145,1.0966795296525618e-07,-2.9559347263144417e-07,1.1902447093892648e-07,-3.1553280617874273e-07
0.0003146,1.0217799370937697e-07,-2.9323872091584586e-07,1.1534324364180701e-07,-3.1354682795440393e-07
0.00031470000000000001,9.4737138846239536e-08,-2.9087275349004307e-07,1.1161359433376282e-07,-3.1150299949509926e-07
0.00031480000000000001,8.7367280496070048e-08,-2.8849968222180334e-07,1.078391736145987e-07,-3.0940284410696665e-07
0.00031490000000000001,8.0090581819261306e-08,-2.8612385441569219e-07,1.0402386658129847e-07,-3.0724797875855281e-07
0.00031500000000000001,7.292899371260398e-08,-2.8374980188115408e-07,1.001717018983836e-07,-3.0504010411566102e-07
0.00031510000000000002,6.5903747291722688e-08,-2.813821840288063e-07,9.6286762954249244e-08,-3.027809944940367e-07
0.00031520000000000002,5.9034840805174664e-08,-2.7902572617895269e-07,9.237310297049176e-08,-3.0047248766435612e-07
0.00031530000000000002,5.2340539852712893e-08,-2.7668515433462764e-07,8.8434665776372043e-08,-2.9811647443605261e-07
0.00031540000000000002,4.583690926719016e-08,-2.7436512770409851e-07,8.4475213766333245e-08,-2.9571488794669636e-07
0.00031550000000000003,3.9537393798130626e-08,-2.7207017025611307e-07,8.0498264330583012e-08,-2.9326969259192438e-07
0.00031560000000000003,3.3452462864202169e-08,-2.6980460255782044e-07,7.6507035793776802e-08,-2.9078287254662255e-07
0.00031570000000000003,2.7589332205372002e-08,-2.6757247508367599e-07,7.2504403622484068e-08,-2.8825641985062018e-07
0.00031580000000000003,2.1951772367955943e-08,-2.653775040980104e-07,6.8492867376189074e-08,-2.8569232205987138e-07
0.00031589999999999998,1.6540010717931449e-08,-2.6322301110907356e-07,6.4474528587161527e-08,-2.8309254949605803e-07
0.00031599999999999998,1.1350730231851917e-08,-2.611118667733832e-07,6.0451079470126498e-08,-2.8045904216154536e-07
0.00031609999999999999,6.3771647983092033e-09,-2.5904644000133099e-07,5.6423802090784428e-08,-2.7779369642131283e-07
0.00031619999999999999,1.6092873141440704e-09,-2.5702855288334176e-07,5.2393577370479003e-08,-2.7509835158668262e-07
0.00031629999999999999,-2.965916388832104e-09,-2.5505944192522657e-07,4.8360903079346742e-08,-2.7237477656606196e-07
0.00031639999999999999,-7.3640976768228421e-09,-2.5313972595599416e-07,4.4325919777588488e-08,-2.6962465677348614e-07
0.0003165,-1.1603131693535288e-08,-2.5126938095490204e-07,4.0288443508845258e-08,-2.6684958150544748e-07
0.0003166,-1.5702654752362888e-08,-2.4944772193975171e-07,3.624800393417956e-08,-2.6405103200903824e-07
0.0003167,-1.9683568304188345e-08,-2.4767339196732355e-07,3.2203886522029362e-08,-2.6123037046912733e-07
0.0003168,-2.3567526016809684e-08,-2.4594435822043145e-07,2.8155177379159466e-08,-2.5838883013864983e-07
0.00031690000000000001,-2.7376420636032002e-08,-2.4425791509449611e-07,2.4100809319411331e-08,-2.5552750682416922e-07
0.00031700000000000001,-3.113188680380439e-08,-2.4261069414904339e-07,2.0039607818991855e-08,-2.5264735191879136e-07
0.00031710000000000001,-3.4854834920506283e-08,-2.4099868075462692e-07,1.5970335595711536e-08,-2.4974916714720773e-07
0.00031720000000000001,-3.8565029514510233e-08,-2.3941723724115816e-07,1.1891734670864723e-08,-2.4683360115377511e-07
0.00031730000000000001,-4.2280723500368687e-08,-2.3786113233683207e-07,7.8025649210294945e-09,-2.4390114802568293e-07
0.00031740000000000002,-4.6018357261696778e-08,-2.3632457667471068e-07,3.7016382971315932e-09,-2.4095214780054037e-07
0.00031750000000000002,-4.9792328792577244e-08,-2.348012641333977e-07,-4.1215192676212814e-10,-2.3798678896295118e-07
0.00031760000000000002,-5.3614838286246687e-08,-2.3328441876592782e-07,-4.5398073188078515e-09,-2.35005112889483e-07
0.00031770000000000002,-5.7495807688887603e-08,-2.3176684705408227e-07,-8.6822061171718054e-09,-2.3200702015734014e-07
0.00031780000000000003,-6.1442872954466558e-08,-2.3024099520127264e-07,-1.2840090777500727e-08,-2.289922785908105e-07
0.00031790000000000003,-6.5461444151960823e-08,-2.2869901114391642e-07,-1.7014061116541863e-08,-2.2596053288262301e-07
0.00031800000000000003,-6.955482628626759e-08,-2.2713281091755432e-07,-2.120457276354615e-08,-2.229113155956921e-07
0.00031809999999999998,-7.3724391781146166e-08,-2.2553414895927847e-07,-2.5411940486331977e-08,-2.1984405932568287e-07
0.00031819999999999998,-7.7969794101495322e-08,-2.2389469186267052e-07,-2.963634583812934e-08,-2.167581097868905e-07
0.00031829999999999998,-8.2289211007887095e-08,-2.2220609502652084e-07,-3.3877848477081155e-08,-2.1365273957353204e-07
0.00031839999999999999,-8.6679605461947062e-08,-2.2046008155611059e-07,-3.8136400444034338e-08,-2.1052716234578169e-07
0.00031849999999999999,-9.1136992238433516e-08,-2.1864852268852855e-07,-4.2411862646729056e-08,-2.0738054719454186e-07
0.00031859999999999999,-9.565669882889425e-08,-2.167635189247772e-07,-4.6704022788814473e-08,-2.0421203295049904e-07
0.00031869999999999999,-1.0023361020273901e-07,-2.1479748096523527e-07,-5.1012613999119434e-08,-2.0102074222053429e-07
0.0003188,-1.0486238836678558e-07,-2.1274320946568443e-07,-5.5337333457644984e-08,-1.9780579495736363e-07
0.0003189,-1.0953765936119755e-07,-2.1059397256304121e-07,-5.967786037689473e-08,-1.9456632139475888e-07
0.000319,-1.1425416226410615e-07,-2.0834358006760304e-07,-6.4033872776434592e-08,-1.9130147421003492e-07
0.0003191,-1.1900685685734299e-07,-2.0598645318620657e-07,-6.8405062581233012e-08,-1.8801043980588168e-07
0.00031920000000000001,-1.2379098873633096e-07,-2.0351768863196876e-07,-7.279114867561844e-08,-1.8469244863419375e-07
0.00031930000000000001,-1.2860211273367459e-07,-2.0093311599433421e-07,-7.7191887650337426e-08,-1.8134678451365531e-07
0.00031940000000000001,-1.3343607747846643e-07,-1.9822934729029728e-07,-8.1607082085986911e-08,-1.7797279291963742e-07
0.00031950000000000001,-1.3828897565039249e-07,-1.9540381769524204e-07,-8.6036586317653037e-08,-1.7456988824835686e-07
0.00031960000000000002,-1.4315706593981401e-07,-1.9245481656012828e-07,-9.0480309719720636e-08,-1.7113756007648927e-07
0.00031970000000000002,-1.4803667383714725e-07,-1.8938150795989589e-07,-9.493821763300484e-08,-1.676753784520731e-07
0.00031980000000000002,-1.5292407910871988e-07,-1.861839401839509e-07,-9.9410330126505265e-08,-1.6418299826227526e-07
0.00031990000000000002,-1.5781539815145966e-07,-1.8286304377028966e-07,-1.038967188412942e-07,-1.6066016272844414e-07
0.00032000000000000003,-1.6270646935329817e-07,-1.7942061789599872e-07,-1.0839750220334894e-07,-1.5710670607900017e-07
0.00032010000000000003,-1.6759274913616862e-07,-1.758593051633721e-07,-1.1291283931535313e-07,-1.5352255544683179e-07
0.00032020000000000003,-1.7246922555703277e-07,-1.7218255505674639e-07,-1.1744292284507845e-07,-1.499077320302809e-07
0.00032030000000000003,-1.7733035523768274e-07,-1.6839457658379058e-07,-1.2198797122098012e-07,-1.4626235154671937e-07
0.00032039999999999998,-1.8217002804694123e-07,-1.645002808494371e-07,-1.2654822042603251e-07,-1.4258662399582486e-07
0.00032049999999999998,-1.8698156243974946e-07,-1.6050521453378198e-07,-1.311239156505485e-07,-1.3888085273716783e-07
0.00032059999999999999,-1.917577327431119e-07,-1.5641548545010674e-07,-1.3571530302644086e-07,-1.3514543287451791e-07
0.00032069999999999999,-1.9649082804819e-07,-1.5223768153902053e-07,-1.4032262162211529e-07,-1.3138084892843703e-07
0.00032079999999999999,-2.0117274079915532e-07,-1.4797878480354497e-07,-1.4494609583116969e-07,-1.2758767177023783e-07
0.00032089999999999999,-2.0579508173622674e-07,-1.436460818025523e-07,-1.495859282429902e-07,-1.2376655478489527e-07
0.000321,-2.1034931661817069e-07,-1.3924707239215553e-07,-1.5424229304110176e-07,-1.1991822922872583e-07
0.0003211,-2.1482691917312747e-07,-1.347893784334879e-07,-1.5891532993849214e-07,-1.1604349875002998e-07
0.0003212,-2.1921953404739102e-07,-1.3028065416919339e-07,-1.6360513862995321e-07,-1.121432330476508e-07
0.0003213,-2.2351914316621504e-07,-1.2572849990971212e-07,-1.6831177372115758e-07,-1.0821836065337562e-07
0.00032140000000000001,-2.2771822889933126e-07,-1.2114038056536857e-07,-1.7303524008384793e-07,-1.0426986083938155e-07
0.00032150000000000001,-2.3180992773087975e-07,-1.1652355041410251e-07,-1.777754885861169e-07,-1.0029875467063951e-07
0.00032160000000000001,-2.3578816874726339e-07,-1.1188498531152126e-07,-1.8253241215664042e-07,-9.6306095244098249e-08
0.00032170000000000001,-2.3964779214085776e-07,-1.0723132333516527e-07,-1.8730584216046166e-07,-9.22929571804142e-08
0.00032180000000000002,-2.4338464403357174e-07,-1.0256881461490624e-07,-1.9209554509072278e-07,-8.8260425459303792e-08
0.00032190000000000002,-2.4699564519270498e-07,-9.7903280843553849e-08,-1.9690121961336395e-07,-8.4209583715006498e-08
0.00032200000000000002,-2.5047883257571421e-07,-9.3240084693983352e-08,-2.0172249403849244e-07,-8.0141502132977341e-08
0.00032210000000000002,-2.5383337402954377e-07,-8.8584109099719474e-08,-2.065589243300604e-07,-7.605722511149046e-08
0.00032220000000000003,-2.5705955781251078e-07,-8.3939746093316787e-08,-2.1140999280233201e-07,-7.1957758871551306e-08
0.00032230000000000003,-2.6015875983345318e-07,-7.9310894649247208e-08,-2.1627510768455791e-07,-6.7844059214114481e-08
0.00032240000000000003,-2.6313339255105716e-07,-7.4700966753039988e-08,-2.2115360376187314e-07,-6.3717019634630995e-08
0.00032250000000000003,-2.6598684029208728e-07,-7.0112900723063463e-08,-2.2604474431818484e-07,-5.9577460010466428e-08
0.00032259999999999998,-2.6872338628839957e-07,-6.5549180651537456e-08,-2.3094772461373433e-07,-5.542611607646226e-08
0.00032269999999999998,-2.7134813697055499e-07,-6.1011860711873077e-08,-2.3586167712455592e-07,-5.1263629897532429e-08
0.00032279999999999999,-2.7386694897709734e-07,-5.6502593003634386e-08,-2.4078567875177606e-07,-4.7090541534815813e-08
0.00032289999999999999,-2.7628636394549315e-07,-5.202265757620824e-08,-2.4571876017552689e-07,-4.2907282083420588e-08
0.00032299999999999999,-2.786135554615166e-07,-4.7572993288015296e-08,-2.506599174806289e-07,-3.8714168236168303e-08
0.00032309999999999999,-2.808562915917309e-07,-4.315422821860003e-08,-2.5560812612033128e-07,-3.4511398499031517e-08
0.0003232,-2.8302291525546131e-07,-3.876670845350216e-08,-2.6056235721123289e-07,-3.0299051151350579e-08
0.0003233,-2.8512234336654724e-07,-3.441052420232445e-08,-2.6552159606920061e-07,-2.6077084008209324e-08
0.0003234,-2.871640842582437e-07,-3.0085532383505455e-08,-2.7048486280491257e-07,-2.1845336004637343e-08
0.0003235,-2.8915827146966347e-07,-2.5791375008545212e-08,-2.7545123470158794e-07,-1.7603530582684009e-08
0.00032360000000000001,-2.9111571059412112e-07,-2.1527492916547296e-08,-2.8041987000008086e-07,-1.3351280824137574e-08
0.00032370000000000001,-2.9304793464241251e-07,-1.7293134639085552e-08,-2.8539003262082253e-07,-9.088096234741269e-09
0.00032380000000000001,-2.9496726232638574e-07,-1.3087360407430989e-08,-2.9036111726266829e-07,-4.8133910514009143e-09
0.00032390000000000001,-2.9688685288091603e-07,-8.9090415409268955e-09,-2.953326742385573e-07,-5.2649391303881368e-10
0.00032400000000000001,-2.9882075056519347e-07,-4.7568556688922918e-09,-3.0030443334115586e-07,3.7733412907411702e-09
0.00032410000000000002,-3.0078391185292498e-07,-6.2927843152708807e-10,-3.0527632598161881e-07,8.0869236003461407e-09
0.00032420000000000002,-3.0279220855578659e-07,3.475427528653222e-09,-3.1024850481426441e-07,1.2415112419207728e-08
0.00032430000000000002,-3.0486240072842511e-07,7.5592253398308599e-09,-3.1522136005190273e-07,1.6758804431761904e-08
0.00032440000000000002,-3.0701207416215609e-07,1.1624317396708507e-08,-3.2019553169276221e-07,2.1118920242775167e-08
0.00032450000000000003,-3.0925953855669077e-07,1.5673158480744857e-08,-3.2517191692154951e-07,2.5496390971963945e-08
0.00032460000000000003,-3.1162368401701954e-07,1.9708467391057774e-08,-3.301516720147892e-07,2.9892145029679377e-08
0.00032470000000000003,-3.1412379529389053e-07,2.3733235998398165e-08,-3.3513620817366439e-07,3.4307095285926286e-08
0.00032479999999999998,-3.1677932509719681e-07,2.7750734700883291e-08,-3.4012718082515589e-07,3.874212682670518e-08
0.00032489999999999998,-3.1960962977928446e-07,3.1764513363862736e-08,-3.4512647207226195e-07,4.3198085469438297e-08
0.00032499999999999999,-3.2263367262169609e-07,3.5778396963373622e-08,-3.5013616613344999e-07,4.7675767183712074e-08
0.00032509999999999999,-3.2586970177476269e-07,3.9796475318023196e-08,-3.5515851778709714e-07,5.217590853603639e-08
0.00032519999999999999,-3.2933491150786748e-07,4.3823086481813307e-08,-3.6019591402386215e-07,5.6699178248194002e-08
0.00032529999999999999,-3.3304509674876874e-07,4.7862793573713507e-08,-3.6525082930407584e-07,6.1246169929564935e-08
0.00032539999999999999,-3.3701431185296836e-07,5.1920355031592577e-08,-3.7032577501315356e-07,6.5817396015010992e-08
0.0003255,-3.4125454509224553e-07,5.6000688491157672e-08,-3.7542324390003928e-07,7.0413282912720856e-08
0.0003256,-3.4577542044509106e-07,6.0108828697647196e-08,-3.8054565046608935e-07,7.5034167341366115e-08
0.0003257,-3.5058393788947411e-07,6.4249880052342108e-08,-3.8569526843905615e-07,7.9680293813869344e-08
0.0003258,-3.556842625387899e-07,6.8428964571247462e-08,-3.9087416661323547e-07,8.4351813206409617e-08
0.00032590000000000001,-3.6107757164423699e-07,7.2651166184088105e-08,-3.9608414445741757e-07,8.9048782336564024e-08
0.00032600000000000001,-3.6676196675083178e-07,7.6921472423561243e-08,-4.0132666898227932e-07,9.3771164463705288e-08
0.00032610000000000001,-3.7273245619847305e-07,8.1244714644198618e-08,-4.066028144143143e-07,9.8518830618301192e-08
0.00032620000000000001,-3.7898101077966967e-07,8.5625507965014314e-08,-4.1191320624124972e-07,1.0329156166431955e-07
0.00032630000000000002,-3.8549669279173352e-07,9.0068192149391325e-08,-4.1725797117173706e-07,1.0808905100035147e-07
0.00032640000000000002,-3.9226585605414241e-07,9.4576774619678175e-08,-4.2263669448883246e-07,1.1291090781014128e-07
0.00032650000000000002,-3.9927241180884586e-07,9.9154876754205684e-08,-4.2804838617222096e-07,1.1775666078119986e-07
0.00032660000000000002,-4.064981528922569e-07,1.0380568453348107e-07,-4.3349145701933542e-07,1.2262576222088461e-07
0.00032670000000000003,-4.1392312627000546e-07,1.0853190449373374e-07,-4.3896370581248973e-07,1.275175925117508e-07
0.00032680000000000003,-4.2152604205979156e-07,1.1333572581415617e-07,-4.4446231836146447e-07,1.3243146486182806e-07
0.00032690000000000003,-4.29284705623146e-07,1.1821878921410563e-07,-4.4998387900262882e-07,1.3736663031968389e-07
0.00032700000000000003,-4.3717645825754557e-07,1.2318216317363655e-07,-4.5552439486237393e-07,1.4232228303836698e-07
0.00032709999999999998,-4.4517861152135154e-07,1.282263278206471e-07,-4.6107933290038079e-07,1.4729756578556139e-07
0.00032719999999999998,-4.5326886030913053e-07,1.3335116665626131e-07,-4.66643669444086e-07,1.5229157570933161e-07
0.00032729999999999999,-4.6142566047437646e-07,1.3855596612222534e-07,-4.722119516172453e-07,1.5730337037856585e-07
0.00032739999999999999,-4.6962855805642427e-07,1.4383942285504174e-07,-4.7777836976058211e-07,1.6233197412494449e-07
0.00032749999999999999,-4.7785845897006553e-07,1.4919965832568988e-07,-4.8333683964935156e-07,1.6737638471774265e-07
0.00032759999999999999,-4.8609783029842597e-07,1.5463424043473281e-07,-4.8888109303909779e-07,1.724355804044998e-07
0.0003277,-4.9433082700924345e-07,1.6014021152320685e-07,-4.9440477482516736e-07,1.7750852734891321e-07
0.0003278,-5.0254334089074995e-07,1.6571412217183743e-07,-4.9990154489040152e-07,1.8259418749249176e-07
0.0003279,-5.1072297166044984e-07,1.7135207009578696e-07,-5.0536518254622103e-07,1.87691526858439e-07
0.000328,-5.1885892341275004e-07,1.7704974339935399e-07,-5.1078969134983279e-07,1.927995243052054e-07
0.00032810000000000001,-5.2694183270918215e-07,1.8280246743396634e-07,-5.1616940201024243e-07,1.9791718072346675e-07
0.00032820000000000001,-5.3496353754766571e-07,1.8860525450179508e-07,-5.2149907108047948e-07,2.0304352865419243e-07
0.00032830000000000001,-5.4291679905030452e-07,1.944528556640403e-07,-5.2677397317574442e-07,2.0817764228765202e-07
0.00032840000000000001,-5.5079498986886058e-07,2.0033981394452881e-07,-5.3198998455708471e-07,2.1331864778387605e-07
0.00032850000000000002,-5.5859176492529172e-07,2.0626051826247031e-07,-5.3714365607686748e-07,2.1846573383517219e-07
0.00032860000000000002,-5.663007311036602e-07,2.1220925747957057e-07,-5.4223227369317687e-07,2.2361816237108028e-07
0.00032870000000000002,-5.7391513283504115e-07,2.1818027400269806e-07,-5.472539050211915e-07,2.2877527928645782e-07
0.00032880000000000002,-5.8142757014088404e-07,2.2416781644056946e-07,-5.5220743069483345e-07,2.3393652505466259e-07
0.00032890000000000003,-5.8882976462273137e-07,2.3016619086838342e-07,-5.5709255965495207e-07,2.3910144507092039e-07
0.00032900000000000003,-5.9611238713600706e-07,2.3616981030534588e-07,-5.6190982785256422e-07,2.4426969955606529e-07
0.00032910000000000003,-6.0326495851943549e-07,2.4217324205450113e-07,-5.666605802481156e-07,2.4944107283889874e-07
0.00032920000000000003,-6.1027583185251495e-07,2.481712525907595e-07,-5.7134693639067864e-07,2.5461548182660892e-07
0.00032929999999999998,-6.1713226138768837e-07,2.5415884971073518e-07,-5.7597174026365801e-07,2.597929834674518e-07
0.00032939999999999998,-6.2382055967731518e-07,2.6013132167694213e-07,-5.8053849547534417e-07,2.6497378100867423e-07
0.00032949999999999999,-6.3032634062901934e-07,2.660842730996908e-07,-5.8505128724312749e-07,2.7015822885553404e-07
0.00032959999999999999,-6.3663484242663476e-07,2.7201365730400133e-07,-5.8951469295835834e-07,2.7534683584453605e-07
0.00032969999999999999,-6.4273132060155571e-07,2.7791580492787813e-07,-5.9393368341589513e-07,2.8054026675552645e-07
0.00032979999999999999,-6.486014981820393e-07,2.8378744849470613e-07,-5.983135170385497e-07,2.8573934190326864e-07
0.0003299,-6.5423205692841772e-07,2.8962574269899318e-07,-6.0265962961518537e-07,2.9094503466922308e-07
0.00033,-6.5961115130820163e-07,2.9542828014402795e-07,-6.0697752219535095e-07,2.961584668583624e-07
0.0003301,-6.6472892518467961e-07,3.011931022750867e-07,-6.1127264983889685e-07,3.0138090179363329e-07
0.0003302,-6.6957801026911356e-07,3.0691870526529158e-07,-6.155503139030853e-07,3.0661373509169922e-07
0.00033030000000000001,-6.7415398527481273e-07,3.1260404063547866e-07,-6.198155604615547e-07,3.1185848309752382e-07
0.00033040000000000001,-6.7845577543486198e-07,3.1824851042637254e-07,-6.2407308729059104e-07,3.1711676899139441e-07
0.00033050000000000001,-6.8248597359498355e-07,3.238519567923219e-07,-6.2832716163117691e-07,3.2239030661985454e-07
0.00033060000000000001,-6.8625106642687437e-07,3.2941464595143727e-07,-6.3258155064606525e-07,3.2768088214079594e-07
0.00033070000000000002,-6.8976155235147264e-07,3.3493724650706084e-07,-6.3683946614642838e-07,3.3299033361211107e-07
0.00033080000000000002,-6.9303194141249891e-07,3.4042080224911961e-07,-6.4110352477112626e-07,3.3832052869208387e-07
0.00033090000000000002,-6.9608063146890837e-07,3.4586669964932365e-07,-6.4537572437403389e-07,3.4367334065727353e-07
0.00033100000000000002,-6.9892965952987301e-07,3.5127663037882036e-07,-6.4965743692219523e-07,3.4905062297953764e-07
0.00033110000000000002,-7.0160433167121265e-07,3.5665254929756266e-07,-6.5394941774273969e-07,3.5445418273686464e-07
0.00033120000000000003,-7.0413273957195998e-07,3.6199662848745897e-07,-6.5825183049221432e-07,3.5988575316270447e-07
0.00033130000000000003,-7.0654517611553244e-07,3.673112080220271e-07,-6.6256428677178419e-07,3.6534696566434168e-07
0.00033140000000000003,-7.0887346653762409e-07,3.7259874427917913e-07,-6.6688589888851512e-07,3.7083932166216057e-07
0.00033149999999999998,-7.1115023510949454e-07,3.778617567061865e-07,-6.7121534387979988e-07,3.7636416461793503e-07
0.00033159999999999998,-7.1340813017571061e-07,3.8310277403216506e-07,-6.7555093658569739e-07,3.8192265263073848e-07
0.00033169999999999999,-7.1567903239822454e-07,3.8832428098919969e-07,-6.798907092841154e-07,3.8751573198367142e-07
0.00033179999999999999,-7.1799327220151379e-07,3.9352866664458253e-07,-6.8423249520427118e-07,3.931441120228867e-07
0.00033189999999999999,-7.2037888260684899e-07,3.9871817546030646e-07,-6.8857401311205254e-07,3.988082417421045e-07
0.00033199999999999999,-7.2286091286390614e-07,4.0389486217948396e-07,-6.9291295012165493e-07,4.0450828843101197e-07
0.0003321,-7.2546082654842161e-07,4.0906055159124215e-07,-6.9724703993346549e-07,4.1024411872476777e-07
0.0003322,-7.2819600514620729e-07,4.1421680414543478e-07,-7.0157413382875754e-07,4.1601528236407342e-07
0.0003323,-7.310793746732434e-07,4.1936488827686353e-07,-7.0589226196493091e-07,4.2182099894185656e-07
0.0003324,-7.3411916870833772e-07,4.2450576015743405e-07,-7.101996828058428e-07,4.2766014787334058e-07
0.0003325,-7.3731883648738091e-07,4.2964005142670137e-07,-7.1449491888281722e-07,4.3353126178231514e-07
0.00033260000000000001,-7.4067709959832787e-07,4.3476806526058555e-07,-7.1877677750386236e-07,4.3943252344787191e-07
0.00033270000000000001,-7.4418815551257196e-07,4.3988978092959478e-07,-7.2304435549997249e-07,4.4536176640412218e-07
0.00033280000000000001,-7.4784202089015489e-07,4.4500486677744548e-07,-7.2729702760459647e-07,4.5131647923089534e-07
0.00033290000000000001,-7.5162500250448455e-07,4.5011270132489579e-07,-7.3153441859157122e-07,4.5729381351730573e-07
0.00033300000000000002,-7.5552027894273378e-07,4.5521240197873554e-07,-7.3575635983195088e-07,4.6329059542350869e-07
0.00033310000000000002,-7.5950857213363084e-07,4.6030286060921358e-07,-7.3996283145568198e-07,4.6930334070982938e-07
0.00033320000000000002,-7.6356888439743631e-07,4.6538278505770798e-07,-7.441538918039946e-07,4.7532827304799002e-07
0.00033330000000000002,-7.6767927423921403e-07,4.7045074545684832e-07,-7.4832959631698884e-07,4.8136134537746946e-07
0.00033340000000000003,-7.7181764261934838e-07,4.7550522409375055e-07,-7.5248990840371869e-07,4.8739826402222957e-07
0.00033350000000000003,-7.7596250100118456e-07,4.8054466742893105e-07,-7.5663460517599571e-07,4.9343451523996492e-07
0.00033360000000000003,-7.8009369312146066e-07,4.85567538803301e-07,-7.6076318118033431e-07,4.9946539383916695e-07
0.00033370000000000003,-7.8419304414042971e-07,4.9057237032673285e-07,-7.6487475342596882e-07,5.0548603346857039e-07
0.00033379999999999998,-7.8824491354963841e-07,4.9555781244610899e-07,-7.6896797107357353e-07,5.1149143816094056e-07
0.00033389999999999998,-7.9223663185123774e-07,5.0052267973923298e-07,-7.7304093311542644e-07,5.1747651469795203e-07
0.00033399999999999999,-7.9615880544224878e-07,5.0546599157280291e-07,-7.7709111724137973e-07,5.2343610535653791e-07
0.00033409999999999999,-8.0000547917770056e-07,5.1038700639573559e-07,-7.811153228489875e-07,5.2936502059928123e-07
0.00033419999999999999,-8.0377415155977768e-07,5.1528524861002924e-07,-7.8510963082390768e-07,5.3525807128222104e-07
0.00033429999999999999,-8.07465643199353e-07,5.2016052716536346e-07,-7.8906938229724302e-07,5.4111009997290828e-07
0.0003344,-8.1108382490407462e-07,5.2501294525494337e-07,-7.92989178089323e-07,5.469160109990786e-07
0.0003345,-8.1463521724371992e-07,5.2984290074193275e-07,-7.9686289998775036e-07,5.5267079888354025e-07
0.0003346,-8.1812847851506604e-07,5.3465107721073992e-07,-8.0068375439689386e-07,5.5836957486281209e-07
0.0003347,-8.2157380247570868e-07,5.3943842580743926e-07,-8.0444433825229817e-07,5.6400759123477533e-07
0.00033480000000000001,-8.2498225086202249e-07,5.442061383006149e-07,-8.0813672643591308e-07,5.6958026333342043e-07
0.00033490000000000001,-8.2836504840303864e-07,5.4895561204972219e-07,-8.1175257927481469e-07,5.7508318898451921e-07
0.00033500000000000001,-8.3173286967700276e-07,5.5368840780494311e-07,-8.1528326807661723e-07,5.8051216535443879e-07
0.00033510000000000001,-8.3509514765834908e-07,5.5840620147318073e-07,-8.1872001606812429e-07,5.8586320316301266e-07
0.00033520000000000002,-8.3845943314056884e-07,5.6311073116292681e-07,-8.2205405157762471e-07,5.9113253828938893e-07
0.00033530000000000002,-8.4183083241046271e-07,5.6780374096081849e-07,-8.2527676985242386e-07,5.9631664085547905e-07
0.00033540000000000002,-8.4521154765160745e-07,5.7248692299059891e-07,-8.2837989954639079e-07,6.0141222192344691e-07
0.00033550000000000002,-8.4860054067221145e-07,5.7716185935803403e-07,-8.3135566965951861e-07,6.0641623799046321e-07
0.00033560000000000003,-8.519933358266271e-07,5.8182996559166749e-07,-8.3419697257264353e-07,6.113258935041415e-07
0.00033570000000000003,-8.5538197260632877e-07,5.8649243714913657e-07,-8.3689751880160814e-07,6.1613864165491878e-07
0.00033580000000000003,-8.5875511251826012e-07,5.9115020047356705e-07,-8.3945197919934576e-07,6.2085218372580436e-07
0.00033590000000000003,-8.6209829876911549e-07,5.9580386995718379e-07,-8.4185611056140366e-07,6.2546446729512051e-07
0.00033599999999999998,-8.653943611677484e-07,6.0045371200384248e-07,-8.44106860935993e-07,6.2997368359327145e-07
0.00033609999999999998,-8.6862395278134151e-07,6.050996171839831e-07,-8.4620245139623263e-07,6.3437826431028833e-07
0.00033619999999999999,-8.7176619946445321e-07,6.0974108125075533e-07,-8.4814243158956707e-07,6.3867687813670593e-07
0.00033629999999999999,-8.7479943863812079e-07,6.1437719554174847e-07,-8.499277070225957e-07,6.4286842729709326e-07
0.00033639999999999999,-8.7770201981940866e-07,6.1900664703431944e-07,-8.5156053675307298e-07,6.4695204430315257e-07
0.00033649999999999999,-8.8045313654903344e-07,6.2362772806170651e-07,-8.530445009251119e-07,6.5092708911349172e-07
0.0003366,-8.8303365765688005e-07,6.2823835543963094e-07,-8.5438443837835099e-07,6.5479314684042649e-07
0.0003367,-8.8542692532017377e-07,6.3283609850641874e-07,-8.5558635536511859e-07,6.5855002609239183e-07
0.0003368,-8.8761948813824832e-07,6.3741821535077152e-07,-8.5665730719898161e-07,6.6219775798489508e-07
0.0003369,-8.8960173945462003e-07,6.419816962964727e-07,-8.5760525541138099e-07,6.6573659579527893e-07
0.00033700000000000001,-8.9136843433702001e-07,6.4652331353789646e-07,-8.5843890368830257e-07,6.6916701517911218e-07
0.00033710000000000001,-8.929190628689573e-07,6.5103967567853853e-07,-8.5916751647617775e-07,6.724897148096829e-07
0.00033720000000000001,-8.9425806256016457e-07,6.5552728582007855e-07,-8.5980072466682837e-07,6.7570561724995052e-07
0.00033730000000000001,-8.9539485855936353e-07,6.5998260178368062e-07,-8.6034832317939862e-07,6.7881586981901059e-07
0.00033740000000000002,-8.9634372673315372e-07,6.6440209701901719e-07,-8.6082006553984313e-07,6.8182184517538126e-07
0.00033750000000000002,-8.9712348132003743e-07,6.68782320769358e-07,-8.6122546070616728e-07,6.8472514130790507e-07
0.00033760000000000002,-8.9775699552692413e-07,6.7311995611125527e-07,-8.6157357739428072e-07,6.8752758060377162e-07
0.00033770000000000002,-8.9827056985231929e-07,6.7741187457211522e-07,-8.6187286102280846e-07,6.9023120765262977e-07
0.00033780000000000003,-8.9869316884823993e-07,6.8165518614453329e-07,-8.6213096811792517e-07,6.9283828544722834e-07
0.00033790000000000003,-8.9905555224061878e-07,6.8584728365817388e-07,-8.6235462260640383e-07,6.9535128965440353e-07
0.00033800000000000003,-8.9938933060999561e-07,6.8998588063308405e-07,-8.6254949788736345e-07,6.9777290065608331e-07
0.00033810000000000003,-8.9972597901866326e-07,6.9406904191712766e-07,-8.6272012792290685e-07,7.0010599309781908e-07
0.00033819999999999998,-9.000958439256226e-07,6.9809520659900742e-07,-8.628698498425635e-07,7.0235362273148129e-07
0.00033829999999999998,-9.0052717937095524e-07,7.0206320288138452e-07,-8.6300077973510168e-07,7.045190103982476e-07
0.00033839999999999999,-9.0104524770028338e-07,7.0597225479042111e-07,-8.6311382242556417e-07,7.0660552306673588e-07
0.00033849999999999999,-9.0167151805276666e-07,7.0982198078349634e-07,-8.6320871512918894e-07,7.0861665191707688e-07
0.00033859999999999999,-9.024229925185613e-07,7.136123844913156e-07,-8.6328410396114522e-07,7.1055598754326409e-07
0.00033869999999999999,-9.03311685398705e-07,7.1734383799015556e-07,-8.6333765138708098e-07,7.1242719243112401e-07
0.0003388,-9.0434427553174447e-07,7.2101705814141544e-07,-8.6336617184857112e-07,7.1423397095533412e-07
0.0003389,-9.0552194538595886e-07,7.2463307665657752e-07,-8.6336579201356827e-07,7.1598003722363661e-07
0.000339,-9.0684041378445405e-07,7.2819320464460169e-07,-8.6333213140625091e-07,7.1766908117757781e-07
0.0003391,-9.0829016198663577e-07,7.3169899247499338e-07,-8.6326049858369657e-07,7.1930473343406834e-07
0.0003392,-9.098568456613087e-07,7.351521858434023e-07,-8.6314609756426061e-07,7.2089052941844582e-07
0.00033930000000000001,-9.1152187832521971e-07,7.3855467895845805e-07,-8.6298423888890892e-07,7.2242987339580188e-07
0.00033940000000000001,-9.1326316535093391e-07,7.4190846578007822e-07,-8.6277054952120809e-07,7.2392600305051424e-07
0.00033950000000000001,-9.1505596191738205e-07,7.4521559023268703e-07,-8.6250117576977563e-07,7.2538195529303946e-07
0.00033960000000000001,-9.1687382350684819e-07,7.4847809629397101e-07,-8.6217297355137894e-07,7.2680053398655738e-07
0.00033970000000000002,-9.1868961393020894e-07,7.5169797882358995e-07,-8.6178368059945362e-07,7.2818428028296058e-07
0.00033980000000000002,-9.2047653353235758e-07,7.5487713594930691e-07,-8.6133206565631869e-07,7.2953544623748284e-07
0.00033990000000000002,-9.2220912928838117e-07,7.5801732377295635e-07,-8.6081805025592616e-07,7.3085597233383169e-07
0.00034000000000000002,-9.2386424899271845e-07,7.6112011409799019e-07,-8.6024279939406542e-07,7.3214746949728826e-07
0.00034010000000000003,-9.2542190365877236e-07,7.6418685581622031e-07,-8.59608778176033e-07,7.3341120610258959e-07
0.00034020000000000003,-9.268660055219236e-07,7.6721864052563106e-07,-8.5891977240842858e-07,7.3464810039781434e-07
0.00034030000000000003,-9.2818495355938068e-07,7.7021627288516754e-07,-8.5818087203782199e-07,7.3585871866640845e-07
0.00034040000000000003,-9.2937204404288493e-07,7.7318024614711531e-07,-8.5739841731149141e-07,7.3704327933897165e-07
0.00034049999999999998,-9.3042569012010687e-07,7.7611072324356169e-07,-8.5657990851811602e-07,7.3820166314677512e-07
0.00034059999999999998,-9.313494415385108e-07,7.7900752374041019e-07,-8.5573388113330414e-07,7.3933342928282725e-07
0.00034069999999999999,-9.3215180311689946e-07,7.8187011691014643e-07,-8.5486974912188711e-07,7.4043783740628133e-07
0.00034079999999999999,-9.32845858154612e-07,7.8469762111222671e-07,-8.5399762001039399e-07,7.4151387519554777e-07
0.00034089999999999999,-9.3344871036118821e-07,7.8748880960661105e-07,-8.5312808611770715e-07,7.4256029102696683e-07
0.00034099999999999999,-9.3398076481075153e-07,7.9024212286041478e-07,-8.5227199699851212e-07,7.4357563123323134e-07
0.0003411,-9.3446487461217672e-07,7.9295568733876908e-07,-8.5144021869571051e-07,7.4455828128130335e-07
0.0003412,-9.3492538520152026e-07,7.9562734069764103e-07,-8.506433858001718e-07,7.4550651010673399e-07
0.0003413,-9.3538711220578434e-07,7.9825466321773196e-07,-8.4989165256857384e-07,7.464185167522542e-07
0.0003414,-9.3587429153874634e-07,8.0083501523405732e-07,-8.4919444944554869e-07,7.4729247838650246e-07
0.00034150000000000001,-9.3640954166152737e-07,8.0336558022530302e-07,-8.4856025127288091e-07,7.481265987248115e-07
0.00034160000000000001,-9.3701287771781458e-07,8.0584341313085909e-07,-8.4799636324643218e-07,7.4891915584102374e-07
0.00034170000000000001,-9.377008155372059e-07,8.0826549336247021e-07,-8.4750873030711016e-07,7.4966854834755778e-07
0.00034180000000000001,-9.384856003473004e-07,8.1062878187312381e-07,-8.471017751341122e-07,7.5037333893201682e-07
0.00034190000000000002,-9.3937459055752386e-07,8.1293028154016628e-07,-8.4677826925941542e-07,7.5103229427243547e-07
0.00034200000000000002,-9.4036982133720057e-07,8.1516710001520639e-07,-8.4653924105843681e-07,7.5164442040977772e-07
0.00034210000000000002,-9.4146776611341821e-07,8.1733651409313942e-07,-8.4638392351110336e-07,7.5220899273487179e-07
0.00034220000000000002,-9.4265930680399094e-07,8.1943603455999031e-07,-8.4630974369126097e-07,7.527255798461578e-07
0.00034230000000000003,-9.4392991584825158e-07,8.2146347039785406e-07,-8.4631235495310781e-07,7.531940606532893e-07
0.00034240000000000003,-9.4526004519217694e-07,8.2341699115875191e-07,-8.4638571176481231e-07,7.5361463423683783e-07
0.00034250000000000003,-9.4662570961997057e-07,8.2529518627146259e-07,-8.4652218611575094e-07,7.5398782212437004e-07
0.00034260000000000003,-9.47999244492983e-07,8.2709712001983796e-07,-8.4671272341960283e-07,7.5431446280435347e-07
0.00034269999999999998,-9.4935021133479664e-07,8.2882238093094954e-07,-8.4694703487376397e-07,7.5459569846886747e-07
0.00034279999999999998,-9.5064641903884576e-07,8.3047112433929196e-07,-8.4721382233917716e-07,7.5483295415033168e-07
0.00034289999999999999,-9.5185502398732791e-07,8.3204410695115675e-07,-8.4750103099388566e-07,7.5502790959250113e-07
0.00034299999999999999,-9.5294366922927512e-07,8.3354271232239257e-07,-8.4779612430729665e-07,7.5518246436833737e-07
0.00034309999999999999,-9.5388162119343291e-07,8.3496896628333445e-07,-8.4808637529593933e-07,7.5529869692300992e-07
0.00034319999999999999,-9.5464086227533307e-07,8.3632554149602191e-07,-8.4835916756844032e-07,7.5537881837528063e-07
0.0003433,-9.5519709904757333e-07,8.3761575050919639e-07,-8.4860229935777919e-07,7.5542512205164569e-07
0.0003434,-9.5553064874994116e-07,8.3884352688317748e-07,-8.4880428357858142e-07,7.5543992985084481e-07
0.0003435,-9.5562717101755285e-07,8.4001339418580567e-07,-8.4895463694001273e-07,7.5542553663908296e-07
0.0003436,-9.5547821734412754e-07,8.4113042290748041e-07,-8.4904415129051749e-07,7.5538415395524713e-07
0.00034370000000000001,-9.5508157735078297e-07,8.4220017560235876e-07,-8.4906514066502242e-07,7.5531785435861825e-07
0.00034380000000000001,-9.5444140829608586e-07,8.4322864082781753e-07,-8.4901165794282505e-07,7.5522851777686801e-07
0.00034390000000000001,-9.5356814214823841e-07,8.4422215671852938e-07,-8.488796755944113e-07,7.5511778120825014e-07
0.00034400000000000001,-9.5247817265304324e-07,8.4518732528794848e-07,-8.4866722568629779e-07,7.5498699309839655e-07
0.00034410000000000002,-9.5119333287045515e-07,8.4613091879144648e-07,-8.4837449510992584e-07,7.5483717364821305e-07
0.00034420000000000002,-9.4974018131927197e-07,8.4705977970477949e-07,-8.4800387288672876e-07,7.5466898221639678e-07
0.00034430000000000002,-9.4814912187846853e-07,8.4798071606231378e-07,-8.4755994735890154e-07,7.544826928584133e-07
0.00034440000000000002,-9.4645338868376053e-07,8.4890039405539552e-07,-8.4704945208416853e-07,7.5427817889587854e-07
0.00034450000000000003,-9.4468793220214027e-07,8.4982522990712584e-07,-8.4648116029348688e-07,7.5405490723792046e-07
0.00034460000000000003,-9.4288824628093683e-07,8.5076128311127559e-07,-8.4586572882158904e-07,7.5381194298294182e-07
0.00034470000000000003,-9.4108917811650769e-07,8.5171415314698015e-07,-8.4521549346196547e-07,7.5354796461809508e-07
0.00034480000000000003,-9.39323763690735e-07,8.5268888175529294e-07,-8.4454421870944835e-07,7.5326128990943548e-07
0.00034489999999999998,-9.3762213025847618e-07,8.5368986278813826e-07,-8.438668058162694e-07,7.5294991234185215e-07
0.00034499999999999998,-9.3601050497196237e-07,8.5472076151555664e-07,-8.4319896398254083e-07,7.526115477298531e-07
0.00034509999999999999,-9.345103647920006e-07,8.5578444510569799e-07,-8.4255685031337588e-07,7.5224369038266255e-07
0.00034519999999999999,-9.3313775760756664e-07,8.5688292577744559e-07,-8.4195668488677832e-07,7.5184367797517282e-07
0.00034529999999999999,-9.3190281816003341e-07,8.5801731787280447e-07,-8.4141434787616649e-07,7.5140876405518054e-07
0.00034539999999999999,-9.3080949518180713e-07,8.5918780981134798e-07,-8.4094496614761119e-07,7.5093619691204028e-07
0.0003455,-9.2985549837948285e-07,8.6039365157915973e-07,-8.4056249709595661e-07,7.5042330334732542e-07
0.0003456,-9.2903246580870666e-07,8.6163315807766629e-07,-8.4027931768932628e-07,7.4986757572875922e-07
0.0003457,-9.283263441027303e-07,8.6290372832190301e-07,-8.4010582675385209e-07,7.4926676057888517e-07
0.0003458,-9.2771796622994899e-07,8.6420188014175706e-07,-8.4005006844830811e-07,7.4861894685286882e-07
0.00034590000000000001,-9.2718380425679646e-07,8.6552329971226983e-07,-8.4011738465220263e-07,7.4792265199931081e-07
0.00034600000000000001,-9.2669686824820482e-07,8.6686290492861219e-07,-8.4031010362374377e-07,7.471769038752242e-07
0.00034610000000000001,-9.2622771718304676e-07,8.6821492135582057e-07,-8.4062727178140778e-07,7.4638131660403502e-07
0.00034620000000000001,-9.2574554379012104e-07,8.6957296923003943e-07,-8.4106443483186453e-07,7.4553615852362304e-07
0.00034630000000000001,-9.2521929266659031e-07,8.7093015977312903e-07,-8.4161347371754933e-07,7.4464241047014059e-07
0.00034640000000000002,-9.2461877001692013e-07,8.722791989112061e-07,-8.4226250000017554e-07,7.4370181278181001e-07
0.00034650000000000002,-9.2391570388086552e-07,8.7361249636387826e-07,-8.4299581434581399e-07,7.4271689958308329e-07
0.00034660000000000002,-9.2308471578021881e-07,8.749222779970662e-07,-8.4379393074675598e-07,7.416910191206868e-07
0.00034670000000000002,-9.2210416822493427e-07,8.7620069930944588e-07,-8.4463366802210648e-07,7.4062833916577519e-07
0.00034680000000000003,-9.209568573448352e-07,8.7743995795023825e-07,-8.4548830899949563e-07,7.395338367664691e-07
0.00034690000000000003,-9.1963052586936035e-07,8.7863240324250443e-07,-8.4632782661319847e-07,7.3841327192709721e-07
0.00034700000000000003,-9.1811817853878636e-07,8.797706408080681e-07,-8.4711917497770874e-07,7.3727314509939382e-07
0.00034709999999999998,-9.1641818953672205e-07,8.8084763055327936e-07,-8.4782664233009534e-07,7.3612063869043661e-07
0.00034719999999999998,-9.1453419940251753e-07,8.8185677647357389e-07,-8.4841226159849147e-07,7.3496354311568633e-07
0.00034729999999999999,-9.1247480681775783e-07,8.8279200696283437e-07,-8.4883627326734414e-07,7.3381016824692144e-07
0.00034739999999999999,-9.1025306836568498e-07,8.8364784456390585e-07,-8.4905763419153755e-07,7.3266924141684514e-07
0.00034749999999999999,-9.0788582654808502e-07,8.8441946436184415e-07,-8.4903456507954186e-07,7.3154979343861282e-07
0.00034759999999999999,-9.0539289274302576e-07,8.8510274049395689e-07,-8.4872512853764941e-07,7.3046103437233518e-07
0.00034769999999999999,-9.0279611716119922e-07,8.8569428052288683e-07,-8.4808782885934973e-07,7.2941222101640706e-07
0.0003478,-9.0011838201001007e-07,8.8619144768361878e-07,-8.4708222417062325e-07,7.2841251831293534e-07
0.0003479,-8.9738255685090983e-07,8.8659237126560568e-07,-8.4566954111587903e-07,7.2747085702907893e-07
0.000348,-8.9461045643682728e-07,8.8689594562115482e-07,-8.4381328200173407e-07,7.2659579020523051e-07
0.0003481,-8.9182184109857072e-07,8.8710181849562034e-07,-8.4147981421453783e-07,7.2579535094336703e-07
0.00034820000000000001,-8.8903349802469138e-07,8.8721036954960154e-07,-8.3863893179886291e-07,7.2507691414180185e-07
0.00034830000000000001,-8.8625843861787697e-07,8.8722268008519315e-07,-8.3526437933104073e-07,7.2444706476499013e-07
0.00034840000000000001,-8.8350524263569987e-07,8.871404950954192e-07,-8.3133432864437078e-07,7.2391147516766952e-07
0.00034850000000000001,-8.8077757420659808e-07,8.8696617882752277e-07,-8.2683179955801854e-07,7.2347479387294557e-07
0.00034860000000000002,-8.7807388826780423e-07,8.8670266508716302e-07,-8.2174501652417685e-07,7.2314054803478757e-07
0.00034870000000000002,-8.7538733874917167e-07,8.8635340351320175e-07,-8.1606769402844932e-07,7.2291106160007328e-07
0.00034880000000000002,-8.7270589219876349e-07,8.8592230302404448e-07,-8.09799244644584e-07,7.2278739092713017e-07
0.00034890000000000002,-8.7001264280029583e-07,8.8541367357970741e-07,-8.0294490484163599e-07,7.2276927932124194e-07
0.00034900000000000003,-8.672863171600877e-07,8.8483216732280202e-07,-7.955157749512398e-07,7.2285513161871159e-07
0.00034910000000000003,-8.6450195012565281e-07,8.8418272006095052e-07,-7.8752877110440925e-07,7.2304200959528271e-07
0.00034920000000000003,-8.616317065048442e-07,8.8347049393752963e-07,-7.7900648841818112e-07,7.2332564859941779e-07
0.00034930000000000003,-8.5864581812089045e-07,8.8270082201202072e-07,-7.6997697622762227e-07,7.2370049542312159e-07
0.00034939999999999998,-8.5551360136518756e-07,8.8187915534051451e-07,-7.6047342769150205e-07,7.2415976703009047e-07
0.00034949999999999998,-8.5220451745249691e-07,8.8101101301575962e-07,-7.5053378762284737e-07,7.2469552937126545e-07
0.00034959999999999999,-8.4868923604841603e-07,8.8010193549887782e-07,-7.4020028388012429e-07,7.2529879513840501e-07
0.00034969999999999999,-8.449406628790227e-07,8.7915744145529818e-07,-7.2951888907222351e-07,7.2595963894555625e-07
0.00034979999999999999,-8.409348933442593e-07,8.7818298819879866e-07,-7.1853872065343599e-07,7.2666732809275046e-07
0.00034989999999999999,-8.3665205698156445e-07,8.7718393575229465e-07,-7.0731138868513732e-07,7.2741046676356184e-07
0.00035,-8.3207702175329606e-07,8.7616551445395124e-07,-6.9589030159431225e-07,7.2817715124390641e-07
0.0003501,-8.2719993240110468e-07,8.751327959733254e-07,-6.8432994114171003e-07,7.28955133529745e-07
0.0003502,-8.220165633208804e-07,8.7409066755485279e-07,-6.7268511850350883e-07,7.2973199052058261e-07
0.0003503,-8.1652847332709838e-07,8.730438092746257e-07,-6.6101022385314517e-07,7.3049529587737284e-07
0.00035040000000000001,-8.1074295703384129e-07,8.7199667408003411e-07,-6.4935848208985668e-07,7.3123279156098423e-07
0.00035050000000000001,-8.0467279510457373e-07,8.7095347037884246e-07,-6.3778122738880659e-07,7.3193255606164703e-07
0.00035060000000000001,-7.9833581303202763e-07,8.699181469526318e-07,-6.2632720903832248e-07,7.3258316638171562e-07
0.00035070000000000001,-7.9175426512717542e-07,8.6889437998694023e-07,-6.150419405831064e-07,7.3317385094279673e-07
0.00035080000000000002,-7.8495406676209982e-07,8.6788556203434244e-07,-6.0396710361170988e-07,7.3369463075217665e-07
0.00035090000000000002,-7.7796390339124138e-07,8.668947927546177e-07,-5.9314001662204171e-07,7.3413644637913423e-07
0.00035100000000000002,-7.7081424926907464e-07,8.6592487130555247e-07,-5.8259317828322385e-07,7.3449126855589756e-07
0.00035110000000000002,-7.6353633193156996e-07,8.6497829028656511e-07,-5.7235389310535613e-07,7.3475219052493272e-07
0.00035120000000000003,-7.5616108030316645e-07,8.640572311632137e-07,-5.6244398605252092e-07,7.3491350059854334e-07
0.00035130000000000003,-7.4871809467116426e-07,8.6316356112218155e-07,-5.5287961101639631e-07,7.3497073377172058e-07
0.00035140000000000003,-7.4123467572951845e-07,8.622988313223353e-07,-5.4367115633817214e-07,7.3492070162713374e-07
0.00035150000000000003,-7.337349474813938e-07,8.6146427651722461e-07,-5.3482324875832117e-07,7.347615001846924e-07
0.00035159999999999998,-7.2623910510304188e-07,8.6066081602775687e-07,-5.2633485532313424e-07,7.3449249576888209e-07
0.00035169999999999998,-7.1876281405636401e-07,8.5988905604095174e-07,-5.1819948092041405e-07,7.3411428938648191e-07
0.00035179999999999999,-7.1131678098107714e-07,8.591492932024046e-07,-5.1040545729280797e-07,7.3362866051737645e-07
0.00035189999999999999,-7.0390651042097363e-07,8.584415194574024e-07,-5.0293631762305775e-07,7.3303849161318206e-07
0.00035199999999999999,-6.9653225448921439e-07,8.5776542807993367e-07,-4.9577124913881216e-07,7.3234767496482622e-07
0.00035209999999999999,-6.8918915541788259e-07,8.5712042081170985e-07,-4.8888561467983669e-07,7.3156100393333291e-07
0.0003522,-6.8186757383621347e-07,8.5650561601644707e-07,-4.8225153284094391e-07,7.306840508310254e-07
0.0003523,-6.7455358884500405e-07,8.5591985773978636e-07,-4.7583850517866946e-07,7.297230339874512e-07
0.0003524,-6.6722964975265137e-07,8.5536172555392129e-07,-4.6961407807402915e-07,7.28684676729811e-07
0.0003525,-6.5987535393862557e-07,8.5482954505972469e-07,-4.6354452619852439e-07,7.2757606114835699e-07
0.00035260000000000001,-6.5246832090867012e-07,8.5432139891899849e-07,-4.5759554415108453e-07,7.2640447959902211e-07
0.00035270000000000001,-6.4498512935938879e-07,8.5383513829621628e-07,-4.5173293272991304e-07,7.2517728691780916e-07
0.00035280000000000001,-6.374022820901936e-07,8.5336839460314227e-07,-4.4592326647902831e-07,7.239017562827094e-07
0.00035290000000000001,-6.2969716295141288e-07,8.5291859146087435e-07,-4.401345296027023e-07,7.2258494156062906e-07
0.00035300000000000002,-6.2184895071160564e-07,8.5248295682165372e-07,-4.3433670806319769e-07,7.2123354882026502e-07
0.00035310000000000002,-6.1383945672699317e-07,8.5205853522617537e-07,-4.2850232665470504e-07,7.1985381948106724e-07
0.00035320000000000002,-6.0565385651466091e-07,8.5164220020971933e-07,-4.2260692105802117e-07,7.1845142730687227e-07
0.00035330000000000002,-5.9728128963675731e-07,8.5123066691040865e-07,-4.1662943630195868e-07,7.1703139114675335e-07
0.00035340000000000002,-5.8871530752330735e-07,8.5082050497324575e-07,-4.1055254465749598e-07,7.1559800498097664e-07
0.00035350000000000003,-5.7995415479131002e-07,8.5040815188200309e-07,-4.0436287773550566e-07,7.1415478645418041e-07
0.00035360000000000003,-5.7100087602718226e-07,8.4998992688524461e-07,-3.9805116941018666e-07,7.1270444467891681e-07
0.00035370000000000003,-5.6186324664181979e-07,8.4956204571039081e-07,-3.9161230810790417e-07,7.1124886767906693e-07
0.00035379999999999998,-5.5255353302928321e-07,8.4912063627866595e-07,-3.8504529894257579e-07,7.0978912942286926e-07
0.00035389999999999998,-5.4308809361101446e-07,8.4866175564207002e-07,-3.7835313810146216e-07,7.0832551597886545e-07
0.00035399999999999999,-5.3348683818952199e-07,8.4818140835962477e-07,-3.7154260374648264e-07,7.0685756992328051e-07
0.00035409999999999999,-5.237725681520118e-07,8.4767556651298352e-07,-3.6462396945459982e-07,7.0538415174332695e-07
0.00035419999999999999,-5.1397022426817493e-07,8.4714019153046593e-07,-3.5761064783775026e-07,7.0390351662564489e-07
0.00035429999999999999,-5.0410607196630257e-07,8.4657125794370757e-07,-3.5051877342173833e-07,7.0241340470015485e-07
0.00035439999999999999,-4.9420685593882882e-07,8.4596477914300337e-07,-3.4336673509318966e-07,7.0091114253403872e-07
0.0003545,-4.8429895665864952e-07,8.453168351273214e-07,-3.3617466941644785e-07,6.9939375344372808e-07
0.0003546,-4.7440758086510734e-07,8.446236021647065e-07,-3.2896392685695568e-07,6.9785807402022088e-07
0.0003547,-4.6455601633526387e-07,8.4388138419075521e-07,-3.2175652340794396e-07,6.9630087414736754e-07
0.0003548,-4.5476497837018594e-07,8.4308664567991617e-07,-3.145745902941645e-07,6.9471897773735617e-07
0.00035490000000000001,-4.4505207151861871e-07,8.4223604562979393e-07,-3.0743983431670767e-07,6.9310938141239241e-07
0.00035500000000000001,-4.3543138529079342e-07,8.4132647220595425e-07,-3.0037302101043649e-07,6.9146936842726112e-07
0.00035510000000000001,-4.2591323717405381e-07,8.4035507750762581e-07,-2.9339349212060852e-07,6.8979661525134628e-07
0.00035520000000000001,-4.1650407036445789e-07,8.3931931183686063e-07,-2.8651872798403469e-07,6.8808928840863456e-07
0.00035530000000000002,-4.0720650750522719e-07,8.3821695678871893e-07,-2.797639642453091e-07,6.8634612940560886e-07
0.00035540000000000002,-3.980195556113737e-07,8.3704615643116785e-07,-2.7314187097785282e-07,6.8456652585446078e-07
0.00035550000000000002,-3.8893895149523115e-07,8.3580544581350459e-07,-2.6666230074499704e-07,6.8275056721664497e-07
0.00035560000000000002,-3.7995763161383107e-07,8.3449377603357765e-07,-2.6033211046464117e-07,6.8089908394200935e-07
0.00035570000000000003,-3.7106630554020669e-07,8.3311053510857354e-07,-2.5415506017129518e-07,6.7901366915374528e-07
0.00035580000000000003,-3.6225410839344953e-07,8.3165556393262697e-07,-2.4813178994308121e-07,6.7709668242134953e-07
0.00035590000000000003,-3.5350930468935121e-07,8.3012916666717591e-07,-2.4225987442082695e-07,6.7515123556299595e-07
0.00035600000000000003,-3.4482001429818237e-07,8.2853211499614993e-07,-2.3653395253486552e-07,6.7318116081752615e-07
0.00035609999999999998,-3.3617493057914275e-07,8.2686564578627874e-07,-2.309459283136128e-07,6.7119096211512825e-07
0.00035619999999999998,-3.2756400131788428e-07,8.251314518207223e-07,-2.2548523701685169e-07,6.6918575054671907e-07
0.00035629999999999999,-3.1897904479467868e-07,8.2333166541884245e-07,-2.20139169352635e-07,6.6717116547677118e-07
0.00035639999999999999,-3.1041427608291281e-07,8.214688349125247e-07,-2.1489324523323527e-07,6.651532830558876e-07
0.00035649999999999999,-3.0186672240662633e-07,8.1954589411578875e-07,-2.0973162743174475e-07,6.6313851416076177e-07
0.00035659999999999999,-2.9333651092167534e-07,8.175661250948074e-07,-2.0463756464038342e-07,6.6113349401514396e-07
0.0003567,-2.8482701744768992e-07,8.1553311471495649e-07,-1.995938528229185e-07,6.5914496592106608e-07
0.0003568,-2.7634487026417071e-07,8.134507056050866e-07,-1.9458330340885682e-07,6.5717966165150127e-07
0.0003569,-2.6789980887566166e-07,8.1132294233187055e-07,-1.8958920680264514e-07,6.5524418112184956e-07
0.000357,-2.5950440342312604e-07,8.0915401371406981e-07,-1.8459577987653083e-07,6.5334487396641811e-07
0.00035710000000000001,-2.5117364594864676e-07,8.0694819232353097e-07,-1.7958858657489949e-07,6.5148772559844325e-07
0.00035720000000000001,-2.4292442979605361e-07,8.0470977231284291e-07,-1.745549214679858e-07,6.496782502285516e-07
0.00035730000000000001,-2.3477493785731788e-07,8.0244300677571698e-07,-1.694841470359532e-07,6.4792139316044897e-07
0.00035740000000000001,-2.2674396398563147e-07,8.0015204588292944e-07,-1.6436797661707957e-07,6.4622144447676363e-07
0.00035750000000000002,-2.1885019455519642e-07,7.9784087704259248e-07,-1.5920069628783639e-07,6.4458196597769101e-07
0.00035760000000000002,-2.1111147875617747e-07,7.9551326830803677e-07,-1.5397932042657273e-07,6.4300573294541864e-07
0.00035770000000000002,-2.0354411671292549e-07,7.931727162000297e-07,-1.4870367731076045e-07,6.4149469198489786e-07
0.00035780000000000002,-1.9616219388901623e-07,7.9082239902375107e-07,-1.4337642277313988e-07,6.4004993584315226e-07
0.00035790000000000003,-1.8897698852136916e-07,7.8846513664707992e-07,-1.3800298165556565e-07,6.3867169574236937e-07
0.00035800000000000003,-1.8199647607690799e-07,7.8610335756829979e-07,-1.3259141851166993e-07,6.3735935138433777e-07
0.00035810000000000003,-1.7522495105689744e-07,7.8373907394208145e-07,-1.2715224068135303e-07,6.3611145840328953e-07
0.00035820000000000003,-1.6866278202873539e-07,7.8137386505682882e-07,-1.2169813845380685e-07,6.3492579266858038e-07
0.00035829999999999998,-1.6230631071397615e-07,7.7900886956899424e-07,-1.1624366851541794e-07,6.3379941047621299e-07
0.00035839999999999998,-1.5614790049831963e-07,7.7664478660585762e-07,-1.1080488821188664e-07,6.3272872332573129e-07
0.00035849999999999999,-1.501761340625849e-07,7.7428188565273437e-07,-1.0539894931020599e-07,6.3170958566417406e-07
0.00035859999999999999,-1.443761541784569e-07,7.7192002494884014e-07,-1.0004366090134842e-07,6.3073739369772683e-07
0.00035869999999999999,-1.3873013628279925e-07,7.695586779330748e-07,-9.4757031817518666e-08,6.2980719313023908e-07
0.00035879999999999999,-1.3321787644386464e-07,7.6719696711147033e-07,-8.9556803433581884e-08,6.2891379349107559e-07
0.0003589,-1.2781747394895378e-07,7.6483370456612224e-07,-8.4459983970543382e-08,6.2805188656662251e-07
0.000359,-1.2250608413903774e-07,7.6246743819467448e-07,-7.9482395415387988e-08,6.2721616635365012e-07
0.0003591,-1.1726071442451969e-07,7.6009650266270201e-07,-7.4638243917328441e-08,6.2640144791040203e-07
0.0003592,-1.1205903473568502e-07,7.5771907397071851e-07,-6.9939724021825267e-08,6.2560278249415481e-07
0.00035930000000000001,-1.0688017305107616e-07,7.5533322648431356e-07,-6.5396666373214978e-08,6.2481556644150445e-07
0.00035940000000000001,-1.0170546712620436e-07,7.5293699125051577e-07,-6.1016237570512273e-08,6.2403564136936755e-07
0.00035950000000000001,-9.6519145091954733e-08,7.5052841442554194e-07,-5.6802699721155152e-08,6.2325938344754476e-07
0.00035960000000000001,-9.1308910145210079e-08,7.4810561466746209e-07,-5.2757235929128141e-08,6.2248377971545336e-07
0.00035970000000000002,-8.606640801480543e-08,7.4566683840017637e-07,-4.8877846506532055e-08,6.2170648968078711e-07
0.00035980000000000002,-8.0787560121804966e-08,7.4321051192999119e-07,-4.5159319142890686e-08,6.2092589074278358e-07
0.00035990000000000002,-7.5472750203994753e-08,7.4073528949006421e-07,-4.1593274638205698e-08,6.2014110631986975e-07
0.00036000000000000002,-7.0126857458167388e-08,7.3824009639775317e-07,-3.8168288139916132e-08,6.1935201592547185e-07
0.00036010000000000003,-6.4759134773005617e-08,7.357241666318455e-07,-3.4870084155769909e-08,6.1855924681823104e-07
0.00036020000000000003,-5.9382936175386717e-08,7.3318707426712607e-07,-3.1681801980794258e-08,6.1776414724688946e-07
0.00036030000000000003,-5.4015302989139117e-08,7.306287583390573e-07,-2.8584326611373185e-08,6.1696874170692849e-07
0.00036040000000000003,-4.8676423210903347e-08,7.2804954084800321e-07,-2.5556678756911704e-08,6.1617566901798649e-07
0.00036049999999999998,-4.3388983061079344e-08,7.2545013774713012e-07,-2.2576456230168263e-08,6.1538810440920692e-07
0.00036059999999999998,-3.8177433408920164e-08,7.2283166288796006e-07,-1.9620317829469323e-08,6.1460966715684798e-07
0.00036069999999999999,-3.3067196667227762e-08,7.2019562502000196e-07,-1.666449984421466e-08,6.1384431564580776e-07
0.00036079999999999999,-2.8083841703627382e-08,7.1754391805394465e-07,-1.3685354539653762e-08,6.1309623201799277e-07
0.00036089999999999999,-2.3252255257561111e-08,7.1487880490000618e-07,-1.0659899424385587e-08,6.1236969881845981e-07
0.00036099999999999999,-1.8595838258279534e-08,7.1220289528319991e-07,-7.5663657852745925e-09,6.116689702495612e-07
0.0003611,-1.413575432103893e-08,7.0951911801497877e-07,-4.3847348963702148e-09,6.1099814078880937e-07
0.0003612,-9.8902556059674397e-09,7.0683068826587728e-07,-1.0972504721088967e-09,6.1036101401470719e-07
0.0003613,-5.8741082417334117e-09,7.041410704367543e-07,2.3111036631709681e-09,6.0976097451314544e-07
0.0003614,-2.0981357613956192e-09,7.0145393726769117e-07,5.8521710859462974e-09,6.0920086570448259e-07
0.0003615,1.4311053847612985e-09,6.9877312585447277e-07,9.5342450136107705e-09,6.0868287633789248e-07
0.00036160000000000001,4.7115090185807903e-09,6.9610259126392707e-07,1.3361753777324667e-08,6.0820843824636701e-07
0.00036170000000000001,7.7454570282684997e-09,6.934463584524017e-07,1.7335016808914232e-08,6.0777813774587829e-07
0.00036180000000000001,1.0539712882835468e-08,6.9080847319743136e-07,2.1450077050063331e-08,6.0739164279938265e-07
0.00036190000000000001,1.3105177092013901e-08,6.8819295275223576e-07,2.5698614196691453e-08,6.0704764775613891e-07
0.00036200000000000002,1.5456515658028671e-08,6.8560373692694738e-07,3.0067941604588625e-08,6.0674383712531465e-07
0.00036210000000000002,1.7611676924355708e-08,6.830446402900351e-07,3.454108803671097e-08,6.064768694577944e-07
0.00036220000000000002,1.9591315968276477e-08,6.8051930616862312e-07,3.9096963762027183e-08,6.0624238199926914e-07
0.00036230000000000002,2.1418148678344468e-08,6.7803116310739486e-07,4.37106088542652e-08,6.0603501635030241e-07
0.00036240000000000003,2.3116259803483823e-08,6.7558338442229612e-07,4.8353519920250607e-08,6.0584846493420622e-07
0.00036250000000000003,2.4710390488430765e-08,6.7317885145685877e-07,5.2994049944484224e-08,6.0567553764086615e-07
0.00036260000000000003,2.6225231086323635e-08,6.7082012111494167e-07,5.759787449977079e-08,6.0550824759343607e-07
0.00036270000000000003,2.7684744364692293e-08,6.6850939820318132e-07,6.2128516272135173e-08,6.0533791458472447e-07
0.00036279999999999998,2.9111542632238556e-08,6.6624851306851298e-07,6.6547918706930351e-08,6.0515528435951249e-07
0.00036289999999999998,3.0526339880353559e-08,6.6403890495979845e-07,7.0817058624398136e-08,6.0495066158662896e-07
0.00036299999999999999,3.1947496855432987e-08,6.6188161147702054e-07,7.4896586894946351e-08,6.047140540770429e-07
0.00036309999999999999,3.3390673182260171e-08,6.5977726439599703e-07,7.8747485721041597e-08,6.0443532556844457e-07
0.00036319999999999999,3.4868596392979715e-08,6.5772609207069047e-07,8.233173075284905e-08,6.0410435421716949e-07
0.00036329999999999999,3.6390953144135679e-08,6.5572792851893729e-07,8.5612946173841273e-08,6.0371119381903712e-07
0.0003634,3.7964403199030741e-08,6.5378222919113405e-07,8.8557041029781566e-08,6.0324623472374296e-07
0.0003635,3.9592712090383475e-08,6.5188809330599019e-07,9.1132815435461494e-08,6.0270036141387968e-07
0.0003636,4.1276993931457516e-08,6.5004429251428693e-07,9.3312525868941435e-08,6.0206510378871882e-07
0.0003637,4.3016051775146213e-08,6.4824930552259881e-07,9.5072399539190864e-08,6.0133277932248225e-07
0.00036380000000000001,4.4806799376760736e-08,6.4650135817660544e-07,9.639308877272768e-08,6.0049662345378746e-07
0.00036390000000000001,4.6644745323296409e-08,6.4479846837090472e-07,9.7260057486866472e-08,5.9955090580204305e-07
0.00036400000000000001,4.852451835010713e-08,6.4313849502251119e-07,9.7663893078149989e-08,5.9849103009258709e-07
0.00036410000000000001,5.0440411346720697e-08,6.4151919022219079e-07,9.7600538427458744e-08,5.9731361599805196e-07
0.00036420000000000002,5.2386921097338058e-08,6.3993825356541086e-07,9.7071440180689827e-08,5.9601656146130084e-07
0.00036430000000000002,5.4359261216447614e-08,6.3839338756697055e-07,9.6083610975895726e-08,5.945990844474738e-07
0.00036440000000000002,5.6353827001805739e-08,6.3688235298435174e-07,9.4649604824900635e-08,5.9306174347020653e-07
0.00036450000000000002,5.8368592980676059e-08,6.3540302281824361e-07,9.2787406389352312e-08,5.9140643664165521e-07
0.00036460000000000003,6.0403426686989948e-08,6.3395343372799818e-07,9.0520236389419191e-08,5.8963637939895937e-07
0.00036470000000000003,6.246030556811225e-08,6.325318335978666e-07,8.7876276819366754e-08,5.8775606145264231e-07
0.00036480000000000003,6.4543427750388842e-08,6.3113672401901642e-07,8.4888320992593741e-08,5.8577118387769071e-07
0.00036490000000000003,6.6659211546930285e-08,6.2976689651400074e-07,8.1593354675431995e-08,5.8368857761823567e-07
0.00036499999999999998,6.8816182913068467e-08,6.2842146142511802e-07,7.8032075673105717e-08,5.8151610499570643e-07
0.00036509999999999998,7.1024754383964942e-08,6.2709986851555216e-07,7.4248360185027544e-08,5.7926254609207564e-07
0.00036519999999999999,7.3296903205656466e-08,6.2580191849089263e-07,7.0288685035636354e-08,5.7693747212069342e-07
0.00036529999999999999,7.564576024324325e-08,6.2452776483609948e-07,6.6201515499873781e-08,5.7455110809268601e-07
0.00036539999999999999,7.8085124678408223e-08,6.2327790557568682e-07,6.2036668872654054e-08,5.7211418723553731e-07
0.00036549999999999999,8.0628922370980944e-08,6.2205316479835468e-07,5.7844664174859594e-08,5.6963779972033484e-07
0.0003656,8.3290627955550968e-08,6.2085466403611784e-07,5.3676068445300267e-08,5.6713323830525904e-07
0.0003657,8.6082672199051385e-08,6.1968378384602499e-07,4.9580849941625412e-08,5.6461184350570719e-07
0.0003658,8.9015856811173108e-08,6.1854211620310016e-07,4.560774827060681e-08,5.6208485085780803e-07
0.0003659,9.2098798757772104e-08,6.1743140856902193e-07,4.1803670999281669e-08,5.5956324275404056e-07
0.00036600000000000001,9.5337425188688959e-08,6.1635350074493427e-07,3.8213125675691115e-08,5.5705760720055124e-07
0.00036610000000000001,9.8734538394727209e-08,6.1531025584134448e-07,3.4877695426462873e-08,5.5457800567925054e-07
0.00036620000000000001,1.0228946781980589e-07,6.1430348689622781e-07,3.1835565415439847e-08,5.5213385209764104e-07
0.00036630000000000001,1.0599782316345477e-07,6.1333488083765631e-07,2.9121106461286461e-08,5.497338045805348e-07
0.00036640000000000002,1.0985135912633932e-07,6.124059216136355e-07,2.6764521042686273e-08,5.4738567160468756e-07
0.00036650000000000002,1.1383795850420609e-07,6.1151781439443436e-07,2.4791555788045131e-08,5.4509633370501593e-07
0.00036660000000000002,1.1794173626195039e-07,6.1067141278771268e-07,2.3223283373447062e-08,5.4287168169427744e-07
0.00036670000000000002,1.2214326306438082e-07,6.0986715099160753e-07,2.2075955559393308e-08,5.4071657204189705e-07
0.00036680000000000003,1.2641990264994038e-07,6.0910498274451431e-07,2.13609279042322e-08,5.3863479975670815e-07
0.00036690000000000003,1.307462535504965e-07,6.08384328812849e-07,2.1084655520488097e-08,5.3662908881767143e-07
0.00036700000000000003,1.3509468211781492e-07,6.0770403459143106e-07,2.1248758108528637e-08,5.3470109990052594e-07
0.00036710000000000003,1.3943593073551157e-07,6.0706233917857493e-07,2.1850151428335574e-08,5.328514548611138e-07
0.00036719999999999998,1.4373978257667212e-07,6.064568570342191e-07,2.2881241370950045e-08,5.3107977716238395e-07
0.00036729999999999998,1.4797576239365775e-07,6.0588457304050082e-07,2.4330175881248876e-08,5.2938474717507282e-07
0.00036739999999999999,1.5211385165619587e-07,6.0534185146729361e-07,2.6181149175948992e-08,5.2776417104611268e-07
0.00036749999999999999,1.5612519591994962e-07,6.0482445900851005e-07,2.8414752006391906e-08,5.2621506161707371e-07
0.00036759999999999999,1.599827826177733e-07,6.0432760170735281e-07,3.1008361143036695e-08,5.2473372969036943e-07
0.00036769999999999999,1.6366206850150503e-07,6.038459752395557e-07,3.3936560814901864e-08,5.2331588378701669e-07
0.0003678,1.6714153768047489e-07,6.0337382768258176e-07,3.7171588526497983e-08,5.2195673641814418e-07
0.0003679,1.7040317353820258e-07,6.0290503357527537e-07,4.0683797499463347e-08,5.2065111480623758e-07
0.000368,1.7343283067518471e-07,6.0243317777574465e-07,4.4442127946017859e-08,5.1939357394207951e-07
0.0003681,1.762204963205741e-07,6.019516473638113e-07,4.8414579474342932e-08,5.1817850985168733e-07
0.00036820000000000001,1.7876043426326158e-07,6.0145372961579724e-07,5.2568677147414939e-08,5.1700027097422173e-07
0.00036830000000000001,1.8105120814892174e-07,6.0093271391019843e-07,5.6871924060560265e-08,5.1585326561738992e-07
0.00036840000000000001,1.8309558484510998e-07,6.0038199530803477e-07,6.1292233760328897e-08,5.1473206356058257e-07
0.00036850000000000001,1.849003223627286e-07,5.9979517749494765e-07,6.5798336387950281e-08,5.136314900167625e-07
0.00036860000000000001,1.8647585041480995e-07,5.991661727754104e-07,7.036015308308635e-08,5.1254671033967577e-07
0.00036870000000000002,1.8783585497689733e-07,5.9848929687296941e-07,7.4949133913850835e-08,5.1147330407100765e-07
0.00036880000000000002,1.8899678108400479e-07,5.9775935641277098e-07,7.9538555393091244e-08,5.1040732715827681e-07
0.00036890000000000002,1.89977270469474e-07,5.9697172714058925e-07,8.4103774482601506e-08,5.0934536143539955e-07
0.00036900000000000002,1.9079755245153635e-07,5.9612242116139018e-07,8.8622436860109962e-08,5.0828455073737515e-07
0.00036910000000000003,1.9147880765476333e-07,5.9520814175391504e-07,9.307463811164306e-08,5.072226233143047e-07
0.00036920000000000003,1.920425246879966e-07,5.9422632462833598e-07,9.7443037397126086e-08,5.0615790051024659e-07
0.00036930000000000003,1.925098697818756e-07,5.931751648331469e-07,1.0171292400303093e-07,5.05089291973419e-07
0.00036940000000000003,1.929010886333981e-07,5.920536288757419e-07,1.0587223802634804e-07,5.040162779586932e-07
0.00036949999999999998,1.9323495834838611e-07,5.9086145198868021e-07,1.099115472132306e-07,5.0293887956372434e-07
0.00036959999999999998,1.9352830547053575e-07,5.8959912084032225e-07,1.1382398268950261e-07,5.0185761799996232e-07
0.00036969999999999999,1.9379560370984629e-07,5.882678423442728e-07,1.1760513695557777e-07,5.0077346423197207e-07
0.00036979999999999999,1.9404866221949878e-07,5.868694995571924e-07,1.2125292806436565e-07,4.9968778051707242e-07
0.00036989999999999999,1.9429641221527985e-07,5.8540659595998366e-07,1.2476743434822984e-07,4.9860225553651914e-07
0.00036999999999999999,1.9454479648933115e-07,5.8388218968502573e-07,1.2815070440339222e-07,4.9751883492506197e-07
0.0003701,1.9479676304797257e-07,5.8229981947500136e-07,1.3140654727289586e-07,4.9643964907386843e-07
0.0003702,1.9505236080934358e-07,5.8066342433135854e-07,1.3454030789050415e-07,4.9536694010111274e-07
0.0003703,1.9530893213495385e-07,5.7897725892840811e-07,1.3755863285873173e-07,4.9430298985304785e-07
0.0003704,1.9556139403755184e-07,5.7724580692998838e-07,1.4046923153765708e-07,4.9325005071824039e-07
0.00037050000000000001,1.9580259729391669e-07,5.7547369434867488e-07,1.4328063722356712e-07,4.9221028090991206e-07
0.00037060000000000001,1.9602375047086252e-07,5.7366560503348847e-07,1.460019729056617e-07,4.9118568570036137e-07
0.00037070000000000001,1.9621489410712542e-07,5.7182620026341606e-07,1.4864272571574474e-07,4.9017806588212534e-07
0.00037080000000000001,1.9636540902809749e-07,5.699600442647726e-07,1.5121253374215999e-07,4.8918897448934643e-07
0.00037090000000000002,1.9646454203279895e-07,5.6807153726585388e-07,1.5372098837877592e-07,4.8821968254699881e-07
0.00037100000000000002,1.9650193199382271e-07,5.6616485745904577e-07,1.561774548378755e-07,4.8727115433391643e-07
0.00037110000000000002,1.9646811974473685e-07,5.6424391296609569e-07,1.5859091288722359e-07,4.863440323563518e-07
0.00037120000000000002,1.9635502597248496e-07,5.6231230460496009e-07,1.6096981929274694e-07,4.8543863194174266e-07
0.00037130000000000003,1.9615638264617982e-07,5.6037329994528028e-07,1.6332199287430543e-07,4.84554945086367e-07
0.00037140000000000003,1.9586810524609349e-07,5.5842981882315073e-07,1.6565452252757198e-07,4.8369265293441514e-07
0.00037150000000000003,1.9548859514366954e-07,5.5648443017337954e-07,1.67973698044248e-07,4.8285114603791826e-07
0.00037160000000000003,1.9501896385170802e-07,5.5453935973754048e-07,1.7028496308708636e-07,4.8202955135412472e-07
0.00037169999999999998,1.9446317343340442e-07,5.5259650792686405e-07,1.7259288925620066e-07,4.812267647847928e-07
0.00037179999999999998,1.9382809004544873e-07,5.5065747686767936e-07,1.7490116982646711e-07,4.8044148795537918e-07
0.00037189999999999999,1.9312345030833089e-07,5.4872360543999392e-07,1.7721263144829666e-07,4.7967226787331672e-07
0.00037199999999999999,1.9236174286207578e-07,5.4679601094200263e-07,1.795292618885988e-07,4.7891753809495204e-07
0.00037209999999999999,1.9155800999743069e-07,5.448756358787234e-07,1.8185225174577137e-07,4.7817566006876154e-07
0.00037219999999999999,1.9072957657684401e-07,5.429632982840221e-07,1.8418204800014994e-07,4.7744496340585829e-07
0.0003723,1.8989571551049296e-07,5.4105974394314945e-07,1.8651841725514274e-07,4.7672378395270921e-07
0.0003724,1.8907726077426497e-07,5.3916569888724249e-07,1.8886051657765292e-07,4.7601049869967573e-07
0.0003725,1.8829618030455077e-07,5.372819205804292e-07,1.9120696995123009e-07,4.7530355674491313e-07
0.0003726,1.8757512204698238e-07,5.3540924631131962e-07,1.9355594850193265e-07,4.7460150573799411e-07
0.00037270000000000001,1.8693694695390994e-07,5.3354863742978154e-07,1.9590525283445503e-07,4.7390301344277382e-07
0.00037280000000000001,1.8640426281275263e-07,5.3170121823198051e-07,1.9825239601353651e-07,4.7320688427431015e-07
0.00037290000000000001,1.8599897245170602e-07,5.2986830848597247e-07,2.0059468593181761e-07,4.725120708720826e-07
0.00037300000000000001,1.8574184913040639e-07,5.2805144880030312e-07,2.0292930600940969e-07,4.7181768096145492e-07
0.00037310000000000002,1.8565215081233182e-07,5.2625241826236456e-07,2.0525339336268565e-07,4.7112297992047923e-07
0.00037320000000000002,1.857472835745308e-07,5.2447324400480336e-07,2.0756411375171395e-07,4.7042738960221889e-07
0.00037330000000000002,1.8604252268909236e-07,5.2271620259020896e-07,2.0985873276054004e-07,4.6973048405981902e-07
0.00037340000000000002,1.865507979670889e-07,5.2098381333006874e-07,2.1213468277736793e-07,4.6903198287780698e-07
0.00037350000000000003,1.872825478522895e-07,5.1927882386740906e-07,2.1438962541996128e-07,4.6833174282873077e-07
0.00037360000000000003,1.8824564455484309e-07,5.1760418854812728e-07,2.1662150909478861e-07,4.6762974854843832e-07
0.00037370000000000003,1.8944539029180904e-07,5.159630402789813e-07,2.1882862138851486e-07,4.6692610285960864e-07
0.00037380000000000003,1.9088458251872001e-07,5.1435865671664477e-07,2.2100963597121652e-07,4.6622101727541338e-07
0.00037389999999999998,1.9256364395866874e-07,5.1279442174919712e-07,2.2316365364812588e-07,4.6551480308987067e-07
0.00037399999999999998,1.944808113228359e-07,5.1127378331695259e-07,2.2529023713809034e-07,4.6480786331604596e-07
0.00037409999999999999,1.9663237492319406e-07,5.0980020867268909e-07,2.2738943909105464e-07,4.6410068557617857e-07
0.00037419999999999999,1.9901295995133647e-07,5.0837713820219359e-07,2.2946182279302264e-07,4.6339383588886003e-07
0.00037429999999999999,2.0161583907554144e-07,5.0700793891557863e-07,2.3150847495476512e-07,4.6268795314654618e-07
0.00037439999999999999,2.0443326522048318e-07,5.056958586799576e-07,2.3353100994944154e-07,4.6198374394187463e-07
0.0003745,2.0745681295956629e-07,5.0444398219744113e-07,2.3553156486282328e-07,4.6128197729158292e-07
0.0003746,2.1067771687741232e-07,5.0325518964235219e-07,2.3751278475525883e-07,4.6058347873037536e-07
0.0003747,2.1408719554774846e-07,5.021321187619133e-07,2.394777976125049e-07,4.5988912320932288e-07
0.0003748,2.1767675040767102e-07,5.0107713111964881e-07,2.4143017858638606e-07,4.5919982623884607e-07
0.00037490000000000001,2.2143842977091096e-07,5.0009228302484141e-07,2.4337390329728248e-07,4.585165327667577e-07
0.00037500000000000001,2.2536504947903856e-07,4.9917930154910997e-07,2.4531329018686059e-07,4.5784020337692328e-07
0.00037510000000000001,2.2945036320096076e-07,4.9833956588704436e-07,2.4725293216725591e-07,4.5717179753108682e-07
0.00037520000000000001,2.3368917711091862e-07,4.9757409417609757e-07,2.4919761810535864e-07,4.5651225375038529e-07
0.00037530000000000002,2.3807740555100129e-07,4.9688353575558817e-07,2.5115224499887129e-07,4.558624668362858e-07
0.00037540000000000002,2.4261206625915662e-07,4.9626816871924803e-07,2.5312172203270779e-07,4.552232624544715e-07
0.00037550000000000002,2.4729121575823081e-07,4.9572790250328333e-07,2.5511086803793372e-07,4.5459536963825213e-07
0.00037560000000000002,2.5211382749505339e-07,4.9526228515488191e-07,2.5712430419586468e-07,4.539793919987769e-07
0.00037570000000000002,2.5707961723093285e-07,4.9487051484631688e-07,2.5916634412294835e-07,4.5337577864483346e-07
0.00037580000000000003,2.6218882195832583e-07,4.9455145513847345e-07,2.6124088372287142e-07,4.5278479600307234e-07
0.00037590000000000003,2.6744194019897356e-07,4.9430365345531164e-07,2.6335129338683573e-07,4.5220650187774611e-07
0.00037600000000000003,2.7283944287795864e-07,4.9412536220739057e-07,2.6550031524888117e-07,4.5164072318673166e-07
0.00037610000000000003,2.7838146502424494e-07,4.9401456199748489e-07,2.6768996824955901e-07,4.5108703884880002e-07
0.00037619999999999998,2.8406748928768751e-07,4.93968986353295e-07,2.6992146372061337e-07,4.5054476926834819e-07
0.00037629999999999999,2.8989603266069938e-07,4.9398614745967323e-07,2.7219513407045063e-07,4.5001297376463181e-07
0.00037639999999999999,2.958643478350469e-07,4.9406336240357344e-07,2.7451037692369994e-07,4.4949045712097049e-07
0.00037649999999999999,3.0196815030634832e-07,4.941977794967834e-07,2.768656167504787e-07,4.4897578618809658e-07
0.00037659999999999999,3.0820138166715084e-07,4.9438640430182791e-07,2.7925828561803875e-07,4.484673171696328e-07
0.00037669999999999999,3.1455601852094685e-07,4.9462612505259492e-07,2.8168482421899327e-07,4.4796323385562665e-07
0.0003768,3.2102193513143207e-07,4.949137372305165e-07,2.8414070378981689e-07,4.4746159666327638e-07
0.0003769,3.2758682633059284e-07,4.9524596712691722e-07,2.8662046894699455e-07,4.4696040190728738e-07
0.000377,3.3423619539142708e-07,4.9561949428989253e-07,2.8911780085517997e-07,4.4645765027161233e-07
0.0003771,3.4095340957934615e-07,4.9603097281753027e-07,2.9162559952290477e-07,4.4595142300835828e-07
0.00037720000000000001,3.4771982398969684e-07,4.9647705151638824e-07,2.9413608341892237e-07,4.4543996396665864e-07
0.00037730000000000001,3.5451497212092237e-07,4.9695439299319643e-07,2.9664090403863607e-07,4.4492176517407489e-07
0.00037740000000000001,3.6131681948973678e-07,4.9745969178738033e-07,2.9913127254710918e-07,4.4439565337334543e-07
0.00037750000000000001,3.6810207453303214e-07,4.9798969168123876e-07,3.0159809520341303e-07,4.438608746755074e-07
0.00037760000000000002,3.7484654912639815e-07,4.9854120234284191e-07,3.0403211394863703e-07,4.43317174340602e-07
0.00037770000000000002,3.8152555934302265e-07,4.9911111546374588e-07,3.0642404833181587e-07,4.4276486865132694e-07
0.00037780000000000002,3.8811435563589455e-07,4.9969642054961204e-07,3.0876473486561869e-07,4.4220490591082589e-07
0.00037790000000000002,3.9458857049995822e-07,5.0029422050731079e-07,3.1104525995343641e-07,4.4163891377702795e-07
0.00037800000000000003,4.0092467089958908e-07,5.009017471479337e-07,3.1325708271396692e-07,4.4106923044220216e-07
0.00037810000000000003,4.0710040236052694e-07,5.0151637669249125e-07,3.1539214434490241e-07,4.4049891757181256e-07
0.00037820000000000003,4.1309521164280277e-07,5.0213564532733572e-07,3.1744296110640852e-07,4.3993175342199441e-07
0.00037830000000000003,4.1889063533845731e-07,5.0275726481114126e-07,3.1940269855405003e-07,4.393722051449834e-07
0.00037839999999999998,4.244706425684457e-07,5.033791380863504e-07,3.2126522529279177e-07,4.3882537994889134e-07
0.00037849999999999998,4.2982192116766827e-07,5.0399937479722881e-07,3.2302514523631851e-07,4.382969554797346e-07
0.00037859999999999999,4.3493409831366157e-07,5.046163065659876e-07,3.2467780811528834e-07,4.3779309051589848e-07
0.00037869999999999999,4.397998884294912e-07,5.0522850182973939e-07,3.2621929875612356e-07,4.3732031778099015e-07
0.00037879999999999999,4.4441516332053096e-07,5.058347799962351e-07,3.2764640642082665e-07,4.3688542136400992e-07
0.00037889999999999999,4.487789418247465e-07,5.0643422463713023e-07,3.2895657622870114e-07,4.364953018582875e-07
0.000379,4.5289329869620325e-07,5.0702619540560069e-07,3.3014784534495151e-07,4.3615683286753523e-07
0.0003791,4.5676319492605383e-07,5.0761033834187185e-07,3.3121876719306766e-07,4.3587671295513086e-07
0.0003792,4.6039623415571294e-07,5.0818659421687954e-07,3.3216832740407686e-07,4.3566131741160299e-07
0.0003793,4.6380235217447626e-07,5.0875520456177822e-07,3.3299585553783874e-07,4.3551655436965224e-07
0.00037940000000000001,4.6699344864193947e-07,5.0931671504002538e-07,3.3370093678454636e-07,4.3544772979515019e-07
0.00037950000000000001,4.6998297206248002e-07,5.0987197583965801e-07,3.3428332787010231e-07,4.354594257218313e-07
0.00037960000000000001,4.7278547060026352e-07,5.104221387961708e-07,3.3474288124402624e-07,4.3555539577724181e-07
0.00037970000000000001,4.7541612250373554e-07,5.1096865100081342e-07,3.3507948132607415e-07,4.357384815757896e-07
0.00037980000000000002,4.7789026066482265e-07,5.1151324470451645e-07,3.3529299613714797e-07,4.360105529437623e-07
0.00037990000000000002,4.8022290613969792e-07,5.1205792339305492e-07,3.3538324705675703e-07,4.3637247421054212e-07
0.00038000000000000002,4.8242832528893869e-07,5.1260494398322061e-07,3.3534999875322928e-07,4.3682409797306123e-07
0.00038010000000000002,4.8451962455434623e-07,5.1315679517108752e-07,3.3519297054963206e-07,4.3736428684558148e-07
0.00038020000000000003,4.8650839579216785e-07,5.1371617205010651e-07,3.3491186964675082e-07,4.3799096277520981e-07
0.00038030000000000003,4.8840442355778539e-07,5.1428594720665015e-07,3.3450644575564674e-07,4.3870118256886196e-07
0.00038040000000000003,4.9021546382934792e-07,5.1486913859150185e-07,3.3397656582969435e-07,4.3949123737419858e-07
0.00038050000000000003,4.9194710142489235e-07,5.154688745552096e-07,3.3332230676223375e-07,4.4035677301946344e-07
0.00038059999999999998,4.9360269087822561e-07,5.1608835652071565e-07,3.32544063163432e-07,4.4129292737702911e-07
0.00038069999999999998,4.9518338287165758e-07,5.1673081984570401e-07,3.3164266667780234e-07,4.4229448030270832e-07
0.00038079999999999999,4.9668823556391424e-07,5.1739949349718132e-07,3.3061951277838851e-07,4.4335601124157481e-07
0.00038089999999999999,4.9811440738862285e-07,5.1809755921955687e-07,3.2947669059574995e-07,4.4447205930140091e-07
0.00038099999999999999,4.9945742522326156e-07,5.1882811092271102e-07,3.2821711112575651e-07,4.4563728048979595e-07
0.00038109999999999999,5.007115193291049e-07,5.1959411504627617e-07,3.2684462911882077e-07,4.4684659689748895e-07
0.0003812,5.0187001422328072e-07,5.2039837266898371e-07,3.2536415408740441e-07,4.480953328869695e-07
0.0003813,5.0292576274059727e-07,5.2124348412617971e-07,3.2378174617477888e-07,4.4937933380499087e-07
0.0003814,5.038716090408005e-07,5.2213181687367272e-07,3.2210469309424595e-07,4.5069506336407161e-07
0.0003815,5.0470086526913654e-07,5.2306547729160162e-07,3.2034156495824465e-07,4.5203967661006289e-07
0.00038160000000000001,5.0540778602242704e-07,5.2404628705819864e-07,3.1850224454681984e-07,4.5341106628250787e-07
0.00038170000000000001,5.0598802473112895e-07,5.2507576464089131e-07,3.1659793138779956e-07,4.5480788134911588e-07
0.00038180000000000001,5.0643905654467113e-07,5.2615511235243966e-07,3.1464111890445082e-07,4.5622951751883087e-07
0.00038190000000000001,5.0676055329001711e-07,5.2728520930457689e-07,3.1264554479632878e-07,4.5767608057103343e-07
0.00038200000000000002,5.0695469753201373e-07,5.2846661046328669e-07,3.1062611572017696e-07,4.5914832434192755e-07
0.00038210000000000002,5.0702642465254964e-07,5.2969955187128429e-07,3.0859880819461531e-07,4.606475661440361e-07
0.00038220000000000002,5.0698358412296053e-07,5.309839619577549e-07,3.0658054843185828e-07,4.621755832249181e-07
0.00038230000000000002,5.0683701369682983e-07,5.3231947870662559e-07,3.045890744709494e-07,4.6373449456358622e-07
0.00038240000000000003,5.0660052301433533e-07,5.3370547230652483e-07,3.026427845243612e-07,4.6532663283005958e-07
0.00038250000000000003,5.0629078599310267e-07,5.3514107276224737e-07,3.0076057583197421e-07,4.6695441167377617e-07
0.00038260000000000003,5.059271442882938e-07,5.3662520181313291e-07,2.9896167852948879e-07,4.6862019364582422e-07
0.00038270000000000003,5.055313269394905e-07,5.3815660838242725e-07,2.9726548907446876e-07,4.7032616399182032e-07
0.00038280000000000003,5.0512709398920644e-07,5.397339066773055e-07,2.9569140763195534e-07,4.7207421527855828e-07
0.00038289999999999998,5.0473981426855743e-07,5.4135561597542795e-07,2.9425868351062617e-07,4.738658473482285e-07
0.00038299999999999999,5.0439598961946934e-07,5.430202010738124e-07,2.9298627227294176e-07,4.7570208644702842e-07
0.00038309999999999999,5.0412273949100401e-07,5.4472611234205574e-07,2.9189270754019979e-07,4.7758342657529451e-07
0.00038319999999999999,5.0394726105518396e-07,5.4647182431645696e-07,2.909959898014224e-07,4.7950979518551534e-07
0.00038329999999999999,5.0389628069618412e-07,5.4825587179556248e-07,2.9031349374472812e-07,4.8148054434911004e-07
0.0003834,5.0399551291434569e-07,5.50076882451449e-07,2.8986189479561664e-07,4.8349446746291563e-07
0.0003835,5.0426914234959619e-07,5.5193360505414054e-07,2.8965711470422227e-07,4.8554984051430443e-07
0.0003836,5.0473934378214504e-07,5.5382493251753873e-07,2.8971428520995289e-07,4.8764448591226381e-07
0.0003837,5.0542585364402989e-07,5.5574991911180968e-07,2.9004772806209768e-07,4.8977585596214942e-07
0.0003838,5.0634560482190176e-07,5.5770779134615745e-07,2.9067094902186319e-07,4.9194113225235623e-07
0.00038390000000000001,5.0751243441279241e-07,5.5969795220336986e-07,2.9159664294353227e-07,4.9413733656552417e-07
0.00038400000000000001,5.0893687168629832e-07,5.6171997859876622e-07,2.928367066530482e-07,4.9636144845290951e-07
0.00038410000000000001,5.1062601089409584e-07,5.6377361213595736e-07,2.9440225612860524e-07,4.986105243383681e-07
0.00038420000000000001,5.1258347084297507e-07,5.6585874343442764e-07,2.9630364444915072e-07,5.0088181296054259e-07
0.00038430000000000002,5.1480944040585189e-07,5.6797539050335959e-07,2.9855047711546056e-07,5.0317286212164984e-07
0.00038440000000000002,5.173008064814338e-07,5.7012367182624554e-07,3.0115162165856523e-07,5.0548161208348904e-07
0.00038450000000000002,5.2005135841867944e-07,5.7230377499557737e-07,3.0411520891870282e-07,5.0780647152177526e-07
0.00038460000000000002,5.2305206068117889e-07,5.745159218905551e-07,3.0744862398380293e-07,5.1014637269557125e-07
0.00038470000000000003,5.2629138361338814e-07,5.7676033151792626e-07,3.1115848549301245e-07,5.1250080338056991e-07
0.00038480000000000003,5.2975568064689584e-07,5.7903718173211966e-07,3.1525061280551744e-07,5.1486981411532938e-07
0.00038490000000000003,5.334295991973778e-07,5.8134657111188003e-07,3.1972998137203477e-07,5.1725400037872337e-07
0.00038500000000000003,5.3729651188191077e-07,5.8368848229373976e-07,3.2460066748678832e-07,5.1965446040927738e-07
0.00038509999999999998,5.4133895454477884e-07,5.8606274804607199e-07,3.2986578440247494e-07,5.2207273044698089e-07
0.00038519999999999998,5.4553905791287559e-07,5.8846902131050144e-07,3.3552741252095604e-07,5.2451070018106703e-07
0.00038529999999999999,5.4987896048695271e-07,5.9090675034073505e-07,3.4158652699218133e-07,5.2697051207859986e-07
0.00038539999999999999,5.5434119147343409e-07,5.9337515993426633e-07,3.4804292653157576e-07,5.2945444901117206e-07
0.00038549999999999999,5.5890901411965298e-07,5.95873239583024e-07,3.5489516757521544e-07,5.3196481515602188e-07
0.00038559999999999999,5.6356672166678431e-07,5.9839973916919405e-07,3.621405080139154e-07,5.3450381549893014e-07
0.0003857,5.6829988020303699e-07,6.009531726075094e-07,3.6977486466971366e-07,5.3707343939063805e-07
0.0003858,5.7309551490136693e-07,6.0353182959162612e-07,3.7779278839855092e-07,5.396753534992453e-07
0.0003859,5.7794223837384521e-07,6.0613379534689101e-07,3.8618746022701821e-07,5.4231080915851122e-07
0.000386,5.828303220812557e-07,6.0875697803253602e-07,3.9495071127287194e-07,5.4498056854826664e-07
0.00038610000000000001,5.8775171381689581e-07,6.1139914318113254e-07,4.0407306838201896e-07,5.4768485337825958e-07
0.00038620000000000001,5.9270000615959242e-07,6.1405795432012067e-07,4.1354382646840958e-07,5.5042331881050364e-07
0.00038630000000000001,5.9767036239355932e-07,6.167310186973594e-07,4.2335114750486713e-07,5.5319505428402074e-07
0.00038640000000000001,6.0265940766475473e-07,6.1941593683746121e-07,4.3348218502333367e-07,5.5599861174307923e-07
0.00038650000000000002,6.0766509404171768e-07,6.2211035449504673e-07,4.4392323188776347e-07,5.5883206056309881e-07
0.00038660000000000002,6.1268654864597738e-07,6.248120154509578e-07,4.5465988804774062e-07,5.6169306726701073e-07
0.00038670000000000002,6.1772391410211338e-07,6.2751881352272339e-07,4.6567724401221573e-07,5.6457899698010257e-07
0.00038680000000000002,6.2277819023636197e-07,6.3022884213472761e-07,4.769600749438512e-07,5.6748703253177103e-07
0.00038690000000000003,6.2785108524782052e-07,6.3294043981867508e-07,4.8849303960525927e-07,5.7041430622391431e-07
0.00038700000000000003,6.3294488352572686e-07,6.3565223009158675e-07,5.0026087792168986e-07,5.7335803858755883e-07
0.00038710000000000003,6.3806233594184932e-07,6.3836315428563503e-07,5.1224860068753733e-07,5.763156779747148e-07
0.00038720000000000003,6.4320657687216671e-07,6.4107249607892035e-07,5.2444166495293457e-07,5.7928503460530407e-07
0.00038729999999999998,6.4838107046924096e-07,6.4377989669453918e-07,5.3682612889016726e-07,5.8226440272355286e-07
0.00038739999999999998,6.5358958689447325e-07,6.464853599912652e-07,5.4938878045516601e-07,5.8525266481853839e-07
0.00038749999999999999,6.5883620740902617e-07,6.4918924695577781e-07,5.6211723491438883e-07,5.8824937242239076e-07
0.00038759999999999999,6.6412535549421566e-07,6.5189225941545509e-07,5.7499999727992447e-07,5.9125479879990837e-07
0.00038769999999999999,6.6946184960334898e-07,6.5459541311321308e-07,5.8802648685328857e-07,5.9426995985641177e-07
0.00038779999999999999,6.7485097180692574e-07,6.5730000061198823e-07,6.0118702238220974e-07,5.9729660078127009e-07
0.0003879,6.8029854554148475e-07,6.6000754481622549e-07,6.1447276773704773e-07,6.0033714726644445e-07
0.000388,6.8581101495639485e-07,6.6271974420105287e-07,6.278756394637896e-07,6.033946215437944e-07
0.0003881,6.9139551800537951e-07,6.6543841111694604e-07,6.4138817901317762e-07,6.0647252491567639e-07
0.0003882,6.9705994546756625e-07,6.6816540477948142e-07,6.5500339382563806e-07,6.095746898551339e-07
0.00038830000000000001,7.028129785069069e-07,6.7090256075198153e-07,6.6871457271414171e-07,6.127051060675824e-07
0.00038840000000000001,7.0866409817285368e-07,6.7365161887645818e-07,6.8251508208158823e-07,6.1586772608227838e-07
0.00038850000000000001,7.1462356137721228e-07,6.7641415169964972e-07,6.9639815038963301e-07,6.1906625692946346e-07
0.00038860000000000001,7.2070233930540467e-07,6.7919149547215994e-07,7.1035664892437042e-07,6.2230394521603181e-07
0.00038870000000000002,7.2691201587548589e-07,6.8198468576759801e-07,7.2438287725131651e-07,6.2558336340495247e-07
0.00038880000000000002,7.3326464567526621e-07,6.8479439967491173e-07,7.3846836179905679e-07,6.2890620530737363e-07
0.00038890000000000002,7.3977257270936788e-07,6.8762090636248703e-07,7.5260367574955226e-07,6.3227309869926413e-07
0.00038900000000000002,7.4644821319222877e-07,6.9046402760064679e-07,7.6677828784772468e-07,6.3568344257406597e-07
0.00038910000000000003,7.5330380744716108e-07,6.9332310956536079e-07,7.8098044688848507e-07,6.3913527585128326e-07
0.00038920000000000003,7.6035114763529978e-07,6.9619700693740929e-07,7.9519710752286996e-07,6.4262518339859854e-07
0.00038930000000000003,7.6760128946709482e-07,6.9908407996656185e-07,8.0941390168337597e-07,6.4614824402611777e-07
0.00038940000000000003,7.7506425717739299e-07,7.0198220479943027e-07,8.236151584078168e-07,6.496980237170905e-07
0.00038950000000000003,7.8274875181928093e-07,7.0488879698338951e-07,8.377839731945741e-07,6.5326661582047283e-07
0.00038959999999999998,7.9066187331202193e-07,7.0780084766883492e-07,8.519023263091338e-07,6.5684472830365787e-07
0.00038969999999999999,7.9880886664074777e-07,7.1071497164983512e-07,8.6595124774371612e-07,6.6042181650825122e-07
0.00038979999999999999,8.07192902143213e-07,7.1362746602067558e-07,8.7991102487214335e-07,6.639862582302345e-07
0.00038989999999999999,8.1581489894250968e-07,7.165343778941551e-07,8.9376144730233066e-07,6.6752556641919995e-07
0.00038999999999999999,8.2467339932199987e-07,7.1943157933726866e-07,9.0748208206564919e-07,6.7102663341725156e-07
0.0003901,8.337645002339678e-07,7.2231484744047515e-07,9.2105257114848515e-07,6.7447599948934505e-07
0.0003902,8.4308184624534344e-07,7.2517994725602212e-07,9.3445294250903566e-07,6.7786013747821461e-07
0.0003903,8.526166861234494e-07,7.2802271522504096e-07,9.4766392516564211e-07,6.8116574478383717e-07
0.0003904,8.6235799303283997e-07,7.3083914066668243e-07,9.6066725871399689e-07,6.8438003354541654e-07
0.00039050000000000001,8.7229264603815058e-07,7.3362544292770523e-07,9.7344598773961617e-07,6.8749100990554458e-07
0.00039060000000000001,8.8240566837766566e-07,7.3637814188782951e-07,9.8598473203655228e-07,6.9048773356308651e-07
0.00039070000000000001,8.9268051587756794e-07,7.390941196827742e-07,9.9826992430919751e-07,6.9336054946199638e-07
0.00039080000000000001,9.0309940700281294e-07,7.417706717390669e-07,1.0102900080934007e-06,6.9610128439456191e-07
0.00039090000000000001,9.1364368446470778e-07,7.4440554550627585e-07,1.0220355899491969e-06,6.9870340248522635e-07
0.00039100000000000002,9.2429419709398191e-07,7.4699696561522672e-07,1.0334995415019399e-06,7.011621149213665e-07
0.00039110000000000002,9.3503168989400083e-07,7.4954364457541935e-07,1.0446770485866346e-06,7.0347444085835772e-07
0.00039120000000000002,9.4583718984822856e-07,7.5204477854025177e-07,1.0555656065205679e-06,7.0563921808989384e-07
0.00039130000000000002,9.566923751877824e-07,7.5450002810283439e-07,1.0661649623272321e-06,7.0765706377929404e-07
0.00039140000000000003,9.6757991642886914e-07,7.5690948452547531e-07,1.0764770064949307e-06,7.0953028723050425e-07
0.00039150000000000003,9.7848377854705438e-07,7.5927362223946988e-07,1.086505618511682e-06,7.112627582765989e-07
0.00039160000000000003,9.8938947512827493e-07,7.6159323886579618e-07,1.0962564719142469e-06,7.1285973632031667e-07
0.00039170000000000003,1.0002842671707713e-06,7.6386938438947106e-07,1.1057368058695615e-06,7.1432766632288353e-07
0.00039179999999999998,1.0111573013381109e-06,7.6610328145920473e-07,1.1149551713253744e-06,7.1567394905881122e-07
0.00039189999999999998,1.0219996847990549e-06,7.6829623906944445e-07,1.1239211604880045e-06,7.1690669370002127e-07
0.00039199999999999999,1.0328044962438943e-06,7.7044956210525217e-07,1.1326451287843857e-06,7.1803446123766835e-07
0.00039209999999999999,1.0435667351418179e-06,7.7256445938484969e-07,1.1411379185306827e-06,7.1906600738073206e-07
0.00039219999999999999,1.0542832137008717e-06,7.7464195291523074e-07,1.1494105932609464e-06,7.2001003338669327e-07
0.00039229999999999999,1.0649523982141107e-06,7.7668279108025537e-07,1.157474191079824e-06,7.2087495279084696e-07
0.0003924,1.0755742084315416e-06,7.7868736840762283e-07,1.1653395045177513e-06,7.2166868123111951e-07
0.0003925,1.0861497852060809e-06,7.8065565441281153e-07,1.1730168932215067e-06,7.2239845554618195e-07
0.0003926,1.0966812378546876e-06,7.8258713379841458e-07,1.1805161344532408e-06,7.2307068709955176e-07
0.0003927,1.1071713834006991e-06,7.8448076000228206e-07,1.1878463148494332e-06,7.2369085290016066e-07
0.00039280000000000001,1.1176234900861481e-06,7.863349237453884e-07,1.1950157652680363e-06,7.2426342660623343e-07
0.00039290000000000001,1.128041037249167e-06,7.8814743783990013e-07,1.2020320388880152e-06,7.247918499720169e-07
0.00039300000000000001,1.1384275028579254e-06,7.8991553909039704e-07,1.2089019310853173e-06,7.2527854378586441e-07
0.00039310000000000001,1.148786188705891e-06,7.9163590766850454e-07,1.2156315380534555e-06,7.257249559106106e-07
0.00039320000000000002,1.1591200915505286e-06,7.9330470387591402e-07,1.2222263497242025e-06,7.2613164272761097e-07
0.00039330000000000002,1.1694318263838622e-06,7.9491762174577511e-07,1.2286913713257415e-06,7.2649837915213273e-07
0.00039340000000000002,1.1797236056396643e-06,7.9646995848054073e-07,1.2350312669355252e-06,7.2682429147126424e-07
0.00039350000000000002,1.1899972755621226e-06,7.9795669829790654e-07,1.2412505176780883e-06,7.2710800658668977e-07
0.00039360000000000003,1.2002544082877767e-06,7.9937260886703275e-07,1.2473535868062073e-06,7.2734781084571031e-07
0.00039370000000000003,1.2104964455345763e-06,8.0071234817521789e-07,1.253345083799852e-06,7.2754181152398228e-07
0.00039380000000000003,1.2207248872584926e-06,8.0197057937958692e-07,1.2592299198199285e-06,7.2768809418217047e-07
0.00039390000000000003,1.2309415163352588e-06,8.0314209097650076e-07,1.2650134473513843e-06,7.2778486954302796e-07
0.00039399999999999998,1.2411486483510265e-06,8.0422191946876853e-07,1.2707015776386326e-06,7.2783060420346483e-07
0.00039409999999999998,1.2513493940279239e-06,8.0520547163083073e-07,1.2763008705219194e-06,7.2782413037468303e-07
0.00039419999999999999,1.2615479207404354e-06,8.0608864346631439e-07,1.2818185924839621e-06,7.2776473089359393e-07
0.00039429999999999999,1.2717496990496834e-06,8.0686793302009648e-07,1.2872627400612505e-06,7.2765219692277882e-07
0.00039439999999999999,1.2819617202279277e-06,8.0754054434559114e-07,1.2926420272108864e-06,7.2748685700473342e-07
0.00039449999999999999,1.29219267137557e-06,8.0810448013285626e-07,1.2979658366924218e-06,7.272695774054414e-07
0.0003946,1.3024530559352718e-06,8.0855862076797789e-07,1.3032441369687254e-06,7.2700173492004097e-07
0.0003947,1.3127552491473176e-06,8.0890278791125673e-07,1.3084873674930103e-06,7.2668516446893463e-07
0.0003948,1.3231134802100285e-06,8.0913779104187348e-07,1.3137062964795149e-06,7.2632208483957715e-07
0.0003949,1.3335437355320012e-06,8.0926545580993679e-07,1.3189118563064771e-06,7.2591500678742091e-07
0.00039500000000000001,1.3440635803950488e-06,8.092886334523683e-07,1.3241149625337879e-06,7.2546662836617895e-07
0.00039510000000000001,1.3546918994800721e-06,8.0921119095591729e-07,1.3293263231043559e-06,7.2497972278942758e-07
0.00039520000000000001,1.3654485599249263e-06,8.0903798207763569e-07,1.3345562446199841e-06,7.2445702431823734e-07
0.00039530000000000001,1.3763540037605657e-06,8.0877479974960589e-07,1.3398144426293965e-06,7.2390111761976034e-07
0.00039540000000000002,1.3874287795854769e-06,8.0842831079042897e-07,1.3451098626429709e-06,7.2331433575558921e-07
0.00039550000000000002,1.3986930260688752e-06,8.0800597421163563e-07,1.3504505181073293e-06,7.2269867145325286e-07
0.00039560000000000002,1.4101659222092893e-06,8.0751594473457463e-07,1.3558433508580892e-06,7.2205570561396239e-07
0.00039570000000000002,1.4218651211190489e-06,8.0696696341557689e-07,1.3612941186529983e-06,7.2138655614893659e-07
0.00039580000000000003,1.4338061853760124e-06,8.0636823750884773e-07,1.3668073133099329e-06,7.2069184925391159e-07
0.00039590000000000003,1.4460020426211636e-06,8.0572931187371606e-07,1.3723861117816394e-06,7.1997171417195614e-07
0.00039600000000000003,1.4584624800470899e-06,8.0505993435330979e-07,1.3780323612402782e-06,7.1922580140454826e-07
0.00039610000000000003,1.4711936957051518e-06,8.0436991761475726e-07,1.3837465979720443e-06,7.1845332325848985e-07
0.00039620000000000004,1.4841979231713551e-06,8.0366899994753554e-07,1.3895280986462674e-06,7.1765311460722849e-07
0.00039629999999999998,1.4974731440908761e-06,8.0296670746897177e-07,1.3953749613730866e-06,7.1682371084319673e-07
0.00039639999999999999,1.5110129005316292e-06,8.0227222008782784e-07,1.4012842129435167e-06,7.1596343924050859e-07
0.00039649999999999999,1.5248062160031832e-06,8.0159424343323793e-07,1.4072519377939734e-06,7.1507051936656244e-07
0.00039659999999999999,1.5388376305430785e-06,8.009408887728081e-07,1.4132734235847254e-06,7.1414316779999579e-07
0.00039669999999999999,1.5530873515582031e-06,8.0031956272701781e-07,1.4193433178499457e-06,7.1317970224614329e-07
0.0003968,1.5675315182657644e-06,7.9973686834419899e-07,1.4254557899796016e-06,7.1217864019516577e-07
0.0003969,1.5821425737444272e-06,7.9919851883867626e-07,1.4316046928320018e-06,7.1113878753789053e-07
0.000397,1.5968897349208914e-06,7.987092650214615e-07,1.4377837185438644e-06,7.1005931302758891e-07
0.0003971,1.6117395474161868e-06,7.9827283717540706e-07,1.4439865435860319e-06,7.0893980512987871e-07
0.00039720000000000001,1.6266565091862197e-06,7.9789190185167391e-07,1.450206958781844e-06,7.0778030860897239e-07
0.00039730000000000001,1.6416037444258159e-06,7.9756803379798971e-07,1.4564389808297525e-06,7.0658133911994707e-07
0.00039740000000000001,1.6565437073600138e-06,7.9730170297691095e-07,1.462676942813637e-06,7.0534387507417792e-07
0.00039750000000000001,1.671438894394137e-06,7.9709227639875982e-07,1.4689155622009748e-06,7.040693270741918e-07
0.00039760000000000002,1.6862525426842458e-06,7.9693803428279471e-07,1.4751499858750196e-06,7.0275948623067721e-07
0.00039770000000000002,1.7009492935441205e-06,7.9683619987415924e-07,1.4813758127782527e-06,7.0141645363445631e-07
0.00039780000000000002,1.7154958002185526e-06,7.9678298208496708e-07,1.4875890957152157e-06,7.0004255411846398e-07
0.00039790000000000002,1.7298612613921635e-06,7.9677362999624351e-07,1.493786324733457e-06,6.98640238172113e-07
0.00039800000000000002,1.7440178643082846e-06,7.9680249815321661e-07,1.4999643952358918e-06,6.9721197643203879e-07
0.00039810000000000003,1.7579411244589282e-06,7.9686312150862295e-07,1.5061205645466843e-06,6.9576015154476325e-07
0.00039820000000000003,1.7716101123679962e-06,7.969482988155875e-07,1.5122524010339031e-06,6.9428695236277252e-07
0.00039830000000000003,1.7850075619011766e-06,7.9705018324098234e-07,1.518357730072636e-06,6.9279427538830642e-07
0.00039840000000000003,1.7981198586592924e-06,7.9716037895925721e-07,1.5244345811063238e-06,6.9128363812095725e-07
0.00039849999999999998,1.8109369112005698e-06,7.9727004249259374e-07,1.5304811398374755e-06,6.8975610850636749e-07
0.00039859999999999999,1.8234519119414955e-06,7.9736998758274602e-07,1.536495709163063e-06,6.8821225404314057e-07
0.00039869999999999999,1.835660998457948e-06,7.9745079240999825e-07,1.5424766818867919e-06,6.8665211330988506e-07
0.00039879999999999999,1.8475628294081645e-06,7.9750290801236843e-07,1.5484225275178382e-06,6.8507519175725552e-07
0.00039889999999999999,1.8591580922996785e-06,7.9751676680084364e-07,1.554331794637095e-06,6.8348048260874853e-07
0.00039899999999999999,1.8704489627140397e-06,7.9748289011176575e-07,1.5602031294159698e-06,6.8186651267038502e-07
0.0003991,1.8814385362979289e-06,7.973919937836707e-07,1.5660353099498339e-06,6.802314118059946e-07
0.0003992,1.8921302557641525e-06,7.9723509079160447e-07,1.5718272951602092e-06,6.7857300383496681e-07
0.0003993,1.9025273552851956e-06,7.9700359001639258e-07,1.5775782861673279e-06,6.7688891569371877e-07
0.0003994,1.912632343998464e-06,7.966893902693086e-07,1.5832877972758899e-06,6.7517670090840322e-07
0.00039950000000000001,1.9224465488980323e-06,7.9628496873430631e-07,1.5889557330861572e-06,6.7343397278702794e-07
0.00039960000000000001,1.931969735212847e-06,7.9578346303117972e-07,1.5945824677674328e-06,6.7165854228017798e-07
0.00039970000000000001,1.9411998195426923e-06,7.9517874614482411e-07,1.6001689222339415e-06,6.6984855519945464e-07
0.00039980000000000001,1.9501326876412063e-06,7.9446549350957232e-07,1.6057166348571219e-06,6.6800262343229341e-07
0.00039990000000000002,1.9587621249205135e-06,7.9363924158501014e-07,1.6112278214400651e-06,6.661199449530514e-07
0.00040000000000000002,1.9670798636407521e-06,7.9269643731243789e-07,1.6167054204652694e-06,6.6420040779639057e-07
0.00040010000000000002,1.9750757464870523e-06,7.9163447790089703e-07,1.6221531200962673e-06,6.6224467371567014e-07
0.00040020000000000002,1.9827380019787434e-06,7.9045174045999029e-07,1.6275753640474125e-06,6.6025423797390553e-07
0.00040030000000000003,1.9900536230529207e-06,7.8914760107486911e-07,1.6329773342086039e-06,6.5823146257895326e-07
0.00040040000000000003,1.9970088363635978e-06,7.877224430076957e-07,1.6383649087919225e-06,6.5617958124377799e-07
0.00040050000000000003,2.0035896464739303e-06,7.8617765381014299e-07,1.6437445957183548e-06,6.5410267538886984e-07
0.00040060000000000003,2.0097824363119318e-06,7.8451561124309713e-07,1.6491234419460967e-06,6.5200562156609787e-07
0.00040069999999999998,2.0155746031089764e-06,7.827396580221819e-07,1.6545089204174966e-06,6.4989401173074146e-07
0.00040079999999999998,2.0209552076205139e-06,7.8085406553996406e-07,1.6599087972285708e-06,6.4777404878018516e-07
0.00040089999999999999,2.0259156137886751e-06,7.7886398685611037e-07,1.6653309824654786e-06,6.4565242067610244e-07
0.00040099999999999999,2.0304500961673971e-06,7.7677539939320353e-07,1.6707833688723141e-06,6.435361572380613e-07
0.00040109999999999999,2.0345563933840834e-06,7.7459503792574334e-07,1.6762736630830999e-06,6.4143247431141915e-07
0.00040119999999999999,2.0382361876208577e-06,7.7233031860003165e-07,1.6818092145456769e-06,6.3934861044942669e-07
0.0004013,2.0414954924994272e-06,7.6998925486977602e-07,1.6873968474691265e-06,6.372916614930592e-07
0.0004014,2.0443449347581438e-06,7.6758036637275718e-07,1.6930427011304807e-06,6.3526841847536874e-07
0.0004015,2.0467999186085381e-06,7.6511258190409882e-07,1.6987520836806402e-06,6.3328521412059746e-07
0.0004016,2.0488806655247882e-06,7.6259513775785314e-07,1.704529344199896e-06,6.3134778285996428e-07
0.00040170000000000001,2.0506121263143742e-06,7.6003747280724538e-07,1.7103777671860018e-06,6.2946113876213973e-07
0.00040180000000000001,2.0520237664954169e-06,7.5744912177173197e-07,1.7162994929332679e-06,6.2762947509879752e-07
0.00040190000000000001,2.0531492301179222e-06,7.5483960817313328e-07,1.7222954664086899e-06,6.2585608846243083e-07
0.00040200000000000001,2.0540258910681236e-06,7.5221833851112033e-07,1.7283654162821479e-06,6.2414332945702937e-07
0.00040210000000000002,2.0546943044518422e-06,7.4959449918849346e-07,1.7345078647600465e-06,6.2249258102773848e-07
0.00040220000000000002,2.0551975737426732e-06,7.4697695768783391e-07,1.7407201678428877e-06,6.2090426452030107e-07
0.00040230000000000002,2.0555806519003423e-06,7.4437416944289502e-07,1.7469985846166297e-06,6.1937787260185369e-07
0.00040240000000000002,2.0558895965320396e-06,7.4179409176085517e-07,1.753338373233045e-06,6.1791202726775363e-07
0.00040250000000000003,2.0561708003277648e-06,7.3924410603647066e-07,1.7597339103717139e-06,6.1650456033717064e-07
0.00040260000000000003,2.0564702184190432e-06,7.3673094935812088e-07,1.7661788302361227e-06,6.1515261313263668e-07
0.00040270000000000003,2.0568326139853907e-06,7.3426065644137257e-07,1.7726661785465928e-06,6.138527514696681e-07
0.00040280000000000003,2.0573008423883545e-06,7.3183851264132451e-07,1.7791885765720591e-06,6.1260109166969951e-07
0.00040290000000000004,2.0579151923986669e-06,7.2946901859445388e-07,1.785738390006108e-06,6.1139343306527255e-07
0.00040299999999999998,2.0587128007714532e-06,7.2715586682838911e-07,1.7923078974450577e-06,6.102253923949362e-07
0.00040309999999999999,2.0597271536120051e-06,7.2490193045865399e-07,1.7988894533669963e-06,6.0909253558484792e-07
0.00040319999999999999,2.0609876847717957e-06,7.2270926386996448e-07,1.8054756408312043e-06,6.0799050267638937e-07
0.00040329999999999999,2.0625194780451675e-06,7.2057911506114305e-07,1.8120594096028876e-06,6.0691512206871626e-07
0.00040339999999999999,2.0643430763335551e-06,7.1851194912220432e-07,1.8186341960361776e-06,6.058625107829413e-07
0.0004035,2.066474397340826e-06,7.1650748211449035e-07,1.8251940217931643e-06,6.0482915809515506e-07
0.0004036,2.0689247518928882e-06,7.1456472444444396e-07,1.8317335693071616e-06,6.0381199060159533e-07
0.0004037,2.0717009577621352e-06,7.1268203266282278e-07,1.8382482327813005e-06,6.0280841754051291e-07
0.0004038,2.0748055390359094e-06,7.108571684874267e-07,1.8447341444141117e-06,6.0181635597079731e-07
0.00040390000000000001,2.0782369986949893e-06,7.0908736374167001e-07,1.8511881764272541e-06,6.0083423616694673e-07
0.00040400000000000001,2.0819901502407469e-06,7.0736938982578112e-07,1.8576079203038861e-06,5.9986098830435758e-07
0.00040410000000000001,2.0860564929833972e-06,7.0569963029347617e-07,1.8639916453984317e-06,5.9889601215167706e-07
0.00040420000000000001,2.0904246150098573e-06,7.0407415509525565e-07,1.8703382397233416e-06,5.9793913203634226e-07
0.00040430000000000002,2.0950806078944466e-06,7.0248879506981876e-07,1.8766471362339054e-06,5.9699053978647777e-07
0.00040440000000000002,2.1000084778803984e-06,7.0093921531643985e-07,1.8829182283020628e-06,5.9605072866462672e-07
0.00040450000000000002,2.1051905395025229e-06,6.9942098616174849e-07,1.8891517782842969e-06,5.9512042148875653e-07
0.00040460000000000002,2.1106077793771572e-06,6.9792965054168096e-07,1.8953483231441099e-06,5.9420049618167466e-07
0.00040470000000000002,2.1162401800714631e-06,6.9646078675026967e-07,1.9015085809878174e-06,5.932919119047685e-07
0.00040480000000000003,2.1220669964813643e-06,6.9501006565772362e-07,1.9076333621240936e-06,5.923956387251774e-07
0.00040490000000000003,2.1280669798856434e-06,6.9357330166677094e-07,1.9137234878763032e-06,5.9151259344985921e-07
0.00040500000000000003,2.1342185476856027e-06,6.921464968540213e-07,1.9197797198815665e-06,5.9064358385343019e-07
0.00040510000000000003,2.1404998996655962e-06,6.9072587792747203e-07,1.92580270202686e-06,5.8978926304927896e-07
0.00040519999999999998,2.1468890843024665e-06,6.8930792581749613e-07,1.9317929165248953e-06,5.8895009522797269e-07
0.00040529999999999999,2.1533640211013062e-06,6.8788939790198726e-07,1.9377506549504415e-06,5.8812633343723454e-07
0.00040539999999999999,2.1599024870421828e-06,6.8646734304229937e-07,1.9436760043704612e-06,5.8731800952743616e-07
0.00040549999999999999,2.1664820769038758e-06,6.8503910977095223e-07,1.9495688480360315e-06,5.8652493585875604e-07
0.00040559999999999999,2.1730801484208873e-06,6.8360234812096133e-07,1.9554288794881656e-06,5.8574671788194364e-07
0.0004057,2.1796737638844137e-06,6.8215500571674631e-07,1.9612556283876321e-06,5.849827762825074e-07
0.0004058,2.1862396398944052e-06,6.8069531885510619e-07,1.967048495928433e-06,5.8423237703339033e-07
0.0004059,2.1927541165090473e-06,6.7922179938958304e-07,1.9728067973553121e-06,5.8349466744485729e-07
0.000406,2.1991931560436694e-06,6.7773321829121543e-07,1.9785298088841274e-06,5.827687161397494e-07
0.0004061,2.2055323802885943e-06,6.7622858679242486e-07,1.9842168162293126e-06,5.820535548201338e-07
0.00040620000000000001,2.2117471530099389e-06,6.7470713602854016e-07,1.9898671619720207e-06,5.8134821972592836e-07
0.00040630000000000001,2.2178127123510779e-06,6.7316829607384692e-07,1.9954802891532767e-06,5.8065179081187212e-07
0.00040640000000000001,2.2237043552611786e-06,6.7161167522734804e-07,2.0010557787371542e-06,5.7996342687676862e-07
0.00040650000000000001,2.2293976734465606e-06,6.7003704033949731e-07,2.0065933789453162e-06,5.7928239515552254e-07
0.00040660000000000002,2.2348688376816145e-06,6.6844429888745293e-07,2.012093024899501e-06,5.7860809421531534e-07
0.00040670000000000002,2.2400949247407402e-06,6.6683348340575412e-07,2.0175548475007157e-06,5.7794006936512847e-07
0.00040680000000000002,2.2450542788298147e-06,6.6520473876502061e-07,2.0229791710009219e-06,5.7727802017514837e-07
0.00040690000000000002,2.2497268973058415e-06,6.6355831266680356e-07,2.0283664992623274e-06,5.766218000911651e-07
0.00040700000000000003,2.2540948287657148e-06,6.6189454959181355e-07,2.0337174912262244e-06,5.7597140850157439e-07
0.00040710000000000003,2.2581425703330877e-06,6.6021388830514365e-07,2.0390329266074273e-06,5.7532697595492e-07
0.00040720000000000003,2.2618574502317244e-06,6.5851686288956903e-07,2.0443136632699517e-06,5.7468874352018222e-07
0.00040730000000000003,2.2652299815395165e-06,6.5680410715010385e-07,2.0495605881090788e-06,5.7405703751852312e-07
0.00040739999999999998,2.2682541733829801e-06,6.5507636211314475e-07,2.0547745635490548e-06,5.7343224102580808e-07
0.00040749999999999998,2.2709277867487343e-06,6.5333448623476885e-07,2.0599563719556924e-06,5.7281476364434275e-07
0.00040759999999999999,2.2732525235254706e-06,6.5157946783779922e-07,2.0651066603528095e-06,5.7220501106841016e-07
0.00040769999999999999,2.2752341392961139e-06,6.4981243921830752e-07,2.0702258878196294e-06,5.7160335592266034e-07
0.00040779999999999999,2.2768824727052664e-06,6.4803469180107922e-07,2.0753142778357347e-06,5.7101011123980663e-07
0.00040789999999999999,2.2782113868461555e-06,6.4624769168140481e-07,2.0803717776388327e-06,5.7042550777236293e-07
0.000408,2.2792386209459965e-06,6.4445309486808725e-07,2.0853980263769248e-06,5.6984967611151086e-07
0.0004081,2.2799855535722908e-06,6.4265276153986625e-07,2.0903923334873133e-06,5.6928263432735695e-07
0.0004082,2.2804768815241265e-06,6.4084876864417486e-07,2.0953536683322711e-06,5.6872428156110061e-07
0.0004083,2.2807402214007712e-06,6.3904342020231075e-07,2.1002806616866249e-06,5.681743977055543e-07
0.00040840000000000001,2.2808056434478895e-06,6.3723925473734748e-07,2.1051716192214278e-06,5.6763264901930985e-07
0.00040850000000000001,2.280705149571012e-06,6.3543904930861346e-07,2.1100245466801111e-06,5.6709859924511285e-07
0.00040860000000000001,2.2804721092900778e-06,6.3364581971713985e-07,2.1148371860166388e-06,5.6657172555702912e-07
0.00040870000000000001,2.2801406688170477e-06,6.3186281653768735e-07,2.1196070613748668e-06,5.6605143845352007e-07
0.00040880000000000002,2.2797451493181051e-06,6.3009351673210847e-07,2.1243315334491825e-06,5.6553710455358362e-07
0.00040890000000000002,2.2793194507403144e-06,6.2834161070308302e-07,2.1290078604891988e-06,5.6502807114612384e-07
0.00040900000000000002,2.2788964773286443e-06,6.2661098475384121e-07,2.1336332640050663e-06,5.6452369129212369e-07
0.00040910000000000002,2.278507600143655e-06,6.2490569902551111e-07,2.1382049970995128e-06,5.640233482856875e-07
0.00040920000000000003,2.2781821705447561e-06,6.2322996108649452e-07,2.1427204132993542e-06,5.6352647834147074e-07
0.00040930000000000003,2.2779470967806472e-06,6.215880954452466e-07,2.1471770337824899e-06,5.6303259048816722e-07
0.00040940000000000003,2.2778264935970607e-06,6.1998450934673709e-07,2.1515726109907099e-06,5.6254128280390875e-07
0.00040950000000000003,2.2778414122171935e-06,6.1842365529170854e-07,2.1559051867773479e-06,5.6205225432095053e-07
0.00040959999999999998,2.2780096552688991e-06,6.1690999078501775e-07,2.1601731434518851e-06,5.6156531214477678e-07
0.00040969999999999998,2.2783456783295862e-06,6.1544793587359823e-07,2.1643752463399848e-06,5.6108037356515528e-07
0.00040979999999999999,2.2788605768436072e-06,6.1404182907511793e-07,2.1685106767647905e-06,5.6059746317350791e-07
0.00040989999999999999,2.279562154346164e-06,6.1269588232479094e-07,2.172579054659791e-06,5.6011670523069522e-07
0.00040999999999999999,2.2804550653067127e-06,6.1141413558011265e-07,2.17658045033382e-06,5.5963831174192014e-07
0.00041009999999999999,2.2815410235790863e-06,6.1020041172189421e-07,2.1805153852103995e-06,5.5916256688173983e-07
0.0004102,2.2828190654990998e-06,6.0905827237573181e-07,2.1843848216481938e-06,5.5868980856421291e-07
0.0004103,2.2842858551716871e-06,6.0799097525206125e-07,2.1881901422049389e-06,5.5822040806500091e-07
0.0004104,2.2859360184897341e-06,6.0700143356668842e-07,2.1919331189290361e-06,5.5775474867007775e-07
0.0004105,2.2877624919570337e-06,6.0609217805878717e-07,2.1956158734436531e-06,5.5729320434726631e-07
0.00041060000000000001,2.2897568724589321e-06,6.0526532207167671e-07,2.1992408287273526e-06,5.5683611941275244e-07
0.00041070000000000001,2.2919097547261474e-06,6.0452253010515213e-07,2.2028106535905847e-06,5.563837900969921e-07
0.00041080000000000001,2.2942110443392878e-06,6.0386499018872392e-07,2.2063282009030703e-06,5.5593644880779205e-07
0.00041090000000000001,2.2966502356741658e-06,6.032933903647423e-07,2.2097964406448333e-06,5.5549425174786066e-07
0.00041100000000000002,2.2992166461244465e-06,6.0280789951086202e-07,2.2132183888415374e-06,5.5505727037811423e-07
0.00041110000000000002,2.3018996001773981e-06,6.0240815267431306e-07,2.2165970334080164e-06,5.5462548703348742e-07
0.00041120000000000002,2.3046885593685113e-06,6.0209324103735973e-07,2.2199352578711336e-06,5.5419879480493244e-07
0.00041130000000000002,2.3075731967019031e-06,6.0186170658535674e-07,2.2232357638823373e-06,5.5377700160747519e-07
0.00041140000000000003,2.3105434166926033e-06,6.017115415067267e-07,2.2265009933692029e-06,5.5335983816941429e-07
0.00041150000000000003,2.3135893246614726e-06,6.0164019231851476e-07,2.2297330511209929e-06,5.5294696950910158e-07
0.00041160000000000003,2.316701151195426e-06,6.0164456868203663e-07,2.2329336285621904e-06,5.5253800932111784e-07
0.00041170000000000003,2.3198691396849697e-06,6.01721056850329e-07,2.2361039294438595e-06,5.5213253657823969e-07
0.00041180000000000003,2.3230834064896791e-06,6.0186553767204636e-07,2.2392445981792896e-06,5.5173011357413282e-07
0.00041189999999999998,2.3263337844965852e-06,6.0207340906428718e-07,2.2423556515670268e-06,5.5133030458657671e-07
0.00041199999999999999,2.3296096615802505e-06,6.0233961285839214e-07,2.2454364146816183e-06,5.5093269433344532e-07
0.00041209999999999999,2.3328998257188276e-06,6.0265866591668431e-07,2.248485461764503e-06,5.5053690542248479e-07
0.00041219999999999999,2.336192328259978e-06,6.0302469541286842e-07,2.2515005630120622e-06,5.5014261405938064e-07
0.00041229999999999999,2.3394743760761851e-06,6.0343147816274559e-07,2.2544786382254907e-06,5.4974956337198141e-07
0.0004124,2.3427322621324132e-06,6.0387248388337604e-07,2.2574157183522825e-06,5.4935757382779442e-07
0.0004125,2.3459513423598174e-06,6.043409222462459e-07,2.2603069160013623e-06,5.4896655035993305e-07
0.0004126,2.3491160647531558e-06,6.0482979357191473e-07,2.2631464060449927e-06,5.4857648596758486e-07
0.0004127,2.3522100543658085e-06,6.0533194298878538e-07,2.2659274174225598e-06,5.4818746171340317e-07
0.00041280000000000001,2.3552162554544795e-06,6.0584011784610198e-07,2.2686422372239686e-06,5.4779964319480429e-07
0.00041290000000000001,2.3581171295220968e-06,6.0634702813043941e-07,2.271282228050155e-06,5.4741327371266368e-07
0.00041300000000000001,2.360894905521537e-06,6.0684540958557477e-07,2.2738378595176701e-06,5.4702866449266784e-07
0.00041310000000000001,2.3635318761132597e-06,6.07328089177977e-07,2.2762987545913409e-06,5.4664618242665601e-07
0.00041320000000000001,2.3660107317106945e-06,6.0778805248489724e-07,2.2786537511944736e-06,5.4626623588936054e-07
0.00041330000000000002,2.3683149221841343e-06,6.0821851251035956e-07,2.2808909792599744e-06,5.4588925924707118e-07
0.00041340000000000002,2.3704290346012395e-06,6.0861297935785464e-07,2.2829979530557158e-06,5.4551569670705121e-07
0.00041350000000000002,2.3723391743199935e-06,6.089653301093018e-07,2.2849616782479751e-06,5.4514598616017661e-07
0.00041360000000000002,2.3740333361615583e-06,6.0926987818029312e-07,2.286768772771188e-06,5.4478054364467211e-07
0.00041370000000000003,2.3755017523010795e-06,6.0952144134454527e-07,2.2884056001597703e-06,5.444197490085996e-07
0.00041380000000000003,2.3767372039303475e-06,6.0971540754887274e-07,2.2898584135842377e-06,5.4406393327615025e-07
0.00041390000000000003,2.3777352846540841e-06,6.0984779757703445e-07,2.2911135084338616e-06,5.4371336813173308e-07
0.00041400000000000003,2.3784946049498357e-06,6.0991532356970237e-07,2.2921573809162464e-06,5.4336825783154146e-07
0.00041409999999999998,2.3790169288006871e-06,6.0991544237173638e-07,2.2929768898191887e-06,5.4302873373947826e-07
0.00041419999999999998,2.3793072357356582e-06,6.0984640265990214e-07,2.2935594183127791e-06,5.4269485156879837e-07
0.00041429999999999999,2.3793737039070787e-06,6.0970728480684994e-07,2.2938930324782156e-06,5.4236659129774121e-07
0.00041439999999999999,2.3792276124097927e-06,6.0949803246286635e-07,2.2939666331422418e-06,5.4204385962120859e-07
0.00041449999999999999,2.3788831637096313e-06,6.0921947488744589e-07,2.2937700975842302e-06,5.4172649470661003e-07
0.00041459999999999999,2.3783572297008415e-06,6.0887333913924307e-07,2.2932944077715092e-06,5.4141427294263122e-07
0.0004147,2.3776690274576101e-06,6.0846225133603104e-07,2.2925317619714752e-06,5.4110691730864726e-07
0.0004148,2.3768397330910335e-06,6.0798972632561613e-07,2.2914756668841097e-06,5.4080410695113503e-07
0.0004149,2.3758920441853748e-06,6.0746014526326584e-07,2.2901210078334207e-06,5.4050548753235973e-07
0.000415,2.374849702992287e-06,6.068787207692289e-07,2.2884640950398377e-06,5.4021068191595086e-07
0.00041510000000000001,2.3737369938487356e-06,6.06251449538779e-07,2.2865026845588203e-06,5.3991930077226083e-07
0.00041520000000000001,2.372578229108937e-06,6.055850524934588e-07,2.2842359730967367e-06,5.3963095272171795e-07
0.00041530000000000001,2.3713972382154138e-06,6.0488690279176283e-07,2.2816645665864717e-06,5.3934525368399817e-07
0.00041540000000000001,2.3702168743699575e-06,6.041649422556309e-07,2.2787904231024192e-06,5.3906183516157608e-07
0.00041550000000000002,2.3690585526109715e-06,6.0342758701055417e-07,2.2756167713955172e-06,5.3878035125436316e-07
0.00041560000000000002,2.3679418319861437e-06,6.0268362337619217e-07,2.2721480070115315e-06,5.3850048427405176e-07
0.00041570000000000002,2.3668840529721955e-06,6.0194209527521914e-07,2.2683895685980603e-06,5.3822194889869379e-07
0.00041580000000000002,2.3659000393949786e-06,6.0121218464468017e-07,2.2643477975859483e-06,5.3794449487641716e-07
0.00041590000000000003,2.3650018719143322e-06,6.0050308653048306e-07,2.2600297849284387e-06,5.3766790834925445e-07
0.00041600000000000003,2.3641987377396662e-06,5.9982388071610016e-07,2.2554432089804289e-06,5.3739201192048072e-07
0.00041610000000000003,2.3634968587216366e-06,5.9918340187582746e-07,2.2505961688842479e-06,5.3711666363089259e-07
0.00041620000000000003,2.3628994974133106e-06,5.98590110346338e-07,2.2454970179873999e-06,5.368417550383969e-07
0.00041629999999999998,2.3624070382017649e-06,5.9805196567381902e-07,2.240154201844643e-06,5.3656720861211337e-07
0.00041639999999999998,2.3620171382654251e-06,5.9757630511460665e-07,2.2345761052479712e-06,5.3629297465570174e-07
0.00041649999999999999,2.3617249409945704e-06,5.9716972924282154e-07,2.2287709124862275e-06,5.3601902796685181e-07
0.00041659999999999999,2.3615233426935382e-06,5.9683799674805029e-07,2.2227464846654761e-06,5.3574536442145006e-07
0.00041669999999999999,2.3614033019226501e-06,5.9658593038973238e-07,2.2165102574344488e-06,5.3547199764420779e-07
0.00041679999999999999,2.3613541797810028e-06,5.9641733591389869e-07,2.2100691618673529e-06,5.3519895589469718e-07
0.0004169,2.3613640988078305e-06,5.9633493553473995e-07,2.2034295705799565e-06,5.3492627926114575e-07
0.000417,2.3614203080035609e-06,5.9634031734177519e-07,2.1965972704111302e-06,5.3465401721681227e-07
0.0004171,2.3615095417387279e-06,5.9643390171780332e-07,2.1895774622166926e-06,5.3438222655735776e-07
0.0004172,2.361618361010205e-06,5.9661492554902385e-07,2.1823747875161071e-06,5.3411096970504744e-07
0.00041730000000000001,2.3617334665851154e-06,5.9688144468314613e-07,2.1749933809336447e-06,5.3384031333825116e-07
0.00041740000000000001,2.3618419749949351e-06,5.9723035475115673e-07,2.1674369466043921e-06,5.3357032728444319e-07
0.00041750000000000001,2.3619316500458681e-06,5.9765743012129508e-07,2.1597088559991968e-06,5.3330108360227786e-07
0.00041760000000000001,2.3619910844274063e-06,5.9815738040764999e-07,2.1518122639799239e-06,5.3303265577405883e-07
0.00041770000000000002,2.3620098280535758e-06,5.9872392361865968e-07,2.1437502393486431e-06,5.3276511793352221e-07
0.00041780000000000002,2.3619784618818605e-06,5.993498747105536e-07,2.1355259057159902e-06,5.3249854406495292e-07
0.00041790000000000002,2.3618886180436817e-06,6.0002724801497557e-07,2.1271425881994651e-06,5.3223300712679209e-07
0.00041800000000000002,2.3617329491109407e-06,6.007473717456606e-07,2.1186039612782815e-06,5.3196857807474684e-07
0.00041810000000000003,2.3615050511440265e-06,6.0150101256234427e-07,2.109914193084755e-06,5.3170532478390514e-07
0.00041820000000000003,2.3611993467545758e-06,6.0227850798639613e-07,2.1010780815008964e-06,5.3144331089487696e-07
0.00041830000000000003,2.360810935717956e-06,6.0306990432623472e-07,2.0921011776516082e-06,5.311825946328999e-07
0.00041840000000000003,2.3603354216449065e-06,6.0386509768445966e-07,2.082989892732791e-06,5.309232276699525e-07
0.00041850000000000004,2.3597687238412223e-06,6.0465397558462047e-07,2.0737515845737925e-06,5.3066525411568883e-07
0.00041859999999999998,2.3591068837352522e-06,6.0542655677408609e-07,2.0643946208944037e-06,5.3040870973272752e-07
0.00041869999999999999,2.3583458751358878e-06,6.0617312682969984e-07,2.0549284168586421e-06,5.3015362147397446e-07
0.00041879999999999999,2.3574814271134753e-06,6.0688436731262525e-07,2.0453634452335988e-06,5.299000074339296e-07
0.00041889999999999999,2.3565088675003363e-06,6.0755147638455441e-07,2.0357112182088242e-06,5.2964787729229763e-07
0.00041899999999999999,2.355422993925955e-06,6.0816627900470498e-07,2.0259842407006705e-06,5.2939723330697955e-07
0.0004191,2.354217977983801e-06,6.0872132507015683e-07,2.0161959357338304e-06,5.2914807188593351e-07
0.0004192,2.352887306629591e-06,6.0920997413466066e-07,2.006360543238652e-06,5.2890038573461468e-07
0.0004193,2.3514237632971929e-06,6.0962646563597439e-07,1.9964929943084924e-06,5.2865416653976241e-07
0.0004194,2.3498194495539575e-06,6.0996597387150151e-07,1.9866087636066711e-06,5.2840940811299475e-07
0.00041950000000000001,2.3480658464679506e-06,6.102246472787174e-07,1.9767237031844831e-06,5.2816610988163622e-07
0.00041960000000000001,2.3461539132887278e-06,6.1039963189279035e-07,1.9668538614533375e-06,5.2792428058111145e-07
0.00041970000000000001,2.3440742196099136e-06,6.1048907916129053e-07,1.9570152914386328e-06,5.2768394197603482e-07
0.00041980000000000001,2.3418171059376073e-06,6.1049213858779437e-07,1.9472238527199182e-06,5.2744513241677605e-07
0.00041990000000000001,2.3393728665767871e-06,6.1040893594591094e-07,1.9374950116279914e-06,5.2720791002747723e-07
0.00042000000000000002,2.3367319480010667e-06,6.1024053804703731e-07,1.9278436443241908e-06,5.2697235532034308e-07
0.00042010000000000002,2.3338851554110162e-06,6.0998890525411398e-07,1.9182838473288392e-06,5.2673857304112962e-07
0.00042020000000000002,2.3308238600222773e-06,6.0965683310602403e-07,1.9088287599024006e-06,5.265066930713371e-07
0.00042030000000000002,2.3275401997546191e-06,6.0924788455040135e-07,1.8994904024164606e-06,5.2627687024398604e-07
0.00042040000000000003,2.3240272664028808e-06,6.0876631437502668e-07,1.8902795344950416e-06,5.2604928297026032e-07
0.00042050000000000003,2.3202792730357729e-06,6.0821698747941044e-07,1.8812055362657346e-06,5.2582413062257851e-07
0.00042060000000000003,2.3162916962545975e-06,6.0760529263951543e-07,1.8722763155501259e-06,5.2560162967359604e-07
0.00042070000000000003,2.3120613890089797e-06,6.0693705339183523e-07,1.863498243253574e-06,5.2538200864763328e-07
0.00042079999999999998,2.3075866608626654e-06,6.0621843760125986e-07,1.854876118600201e-06,5.2516550199881339e-07
0.00042089999999999999,2.3028673238773594e-06,6.0545586718419384e-07,1.8464131652127876e-06,5.2495234308531335e-07
0.00042099999999999999,2.2979047035826929e-06,6.046559293388906e-07,1.8381110583727564e-06,5.2474275645951793e-07
0.00042109999999999999,2.2927016157726034e-06,6.0382529049408807e-07,1.8299699831251016e-06,5.2453694973621945e-07
0.00042119999999999999,2.2872623110621319e-06,6.0297061403034136e-07,1.8219887222302998e-06,5.2433510533349262e-07
0.00042129999999999999,2.2815923902079737e-06,6.0209848266164509e-07,1.814164772321398e-06,5.2413737240128051e-07
0.0004214,2.2756986941016628e-06,6.012153261937668e-07,1.8064944860106971e-06,5.2394385925987441e-07
0.0004215,2.2695891730544505e-06,6.0032735520562828e-07,1.7989732371171934e-06,5.2375462666327912e-07
0.0004216,2.2632727404851468e-06,5.9944050103622928e-07,1.7915956056629015e-06,5.2356968218150061e-07
0.0004217,2.2567591163836891e-06,5.9856036230655686e-07,1.7843555788212095e-06,5.2338897596064735e-07
0.00042180000000000001,2.2500586659511072e-06,5.9769215806758004e-07,1.7772467636017182e-06,5.2321239807263128e-07
0.00042190000000000001,2.2431822386180733e-06,5.9684068754489613e-07,1.7702626067298986e-06,5.2303977760851799e-07
0.00042200000000000001,2.2361410122358112e-06,5.9601029635012866e-07,1.7633966169327585e-06,5.2287088360364126e-07
0.00042210000000000001,2.2289463466399352e-06,5.9520484895011627e-07,1.7566425846778148e-06,5.2270542781159402e-07
0.00042220000000000002,2.2216096500420413e-06,5.9442770712770176e-07,1.7499947943369069e-06,5.2254306927093803e-07
0.00042230000000000002,2.2141422608436419e-06,5.9368171413205644e-07,1.7434482237615477e-06,5.2238342053660052e-07
0.00042240000000000002,2.2065553465345059e-06,5.9296918420063278e-07,1.7369987263650603e-06,5.2222605538030998e-07
0.00042250000000000002,2.1988598203768032e-06,5.9229189713695047e-07,1.7306431910101797e-06,5.220705177047935e-07
0.00042260000000000003,2.1910662756322294e-06,5.9165109764576769e-07,1.7243796752987839e-06,5.2191633136693391e-07
0.00042270000000000003,2.1831849362042951e-06,5.91047499156509e-07,1.7182075082525757e-06,5.2176301056867748e-07
0.00042280000000000003,2.1752256217815819e-06,5.9048129190349828e-07,1.7121273588568253e-06,5.2161007045267157e-07
0.00042290000000000003,2.1671977249142662e-06,5.8995215507377058e-07,1.706141267509951e-06,5.2145703753329248e-07
0.00042299999999999998,2.159110196963303e-06,5.8945927287610195e-07,1.7002526380742833e-06,5.2130345960390828e-07
0.00042309999999999998,2.1509715395495694e-06,5.8900135442468425e-07,1.6944661889502397e-06,5.2114891478690807e-07
0.00042319999999999999,2.1427897980107151e-06,5.8857665736405994e-07,1.688787862387694e-06,5.2099301943331966e-07
0.00042329999999999999,2.1345725534495121e-06,5.8818301518548788e-07,1.6832246920943959e-06,5.2083543463211237e-07
0.00042339999999999999,2.1263269102233197e-06,5.8781786819628498e-07,1.6777846300872622e-06,5.2067587115257676e-07
0.00042349999999999999,2.118059476165664e-06,5.874782981010103e-07,1.6724763346446829e-06,5.2051409271412672e-07
0.0004236,2.1097763334257468e-06,5.8716106613548226e-07,1.6673089221386596e-06,5.2034991755252408e-07
0.0004237,2.1014829985312947e-06,5.8686265466112954e-07,1.6622916864374659e-06,5.2018321832684261e-07
0.0004238,2.093184371090117e-06,5.8657931207851174e-07,1.6574337904521517e-06,5.200139204833928e-07
0.0004239,2.0848846714078982e-06,5.8630710085614377e-07,1.6527439352339574e-06,5.198419992584184e-07
0.00042400000000000001,2.0765873681735605e-06,5.8604194839596058e-07,1.6482300127930528e-06,5.1966747555660805e-07
0.00042410000000000001,2.0682950982078449e-06,5.8577970037241309e-07,1.6438987494821071e-06,5.1949041098593069e-07
0.00042420000000000001,2.0600095810456649e-06,5.8551617609143071e-07,1.6397553473495219e-06,5.1931090235718617e-07
0.00042430000000000001,2.0517315317912769e-06,5.8524722532190611e-07,1.6358031312990851e-06,5.1912907596940935e-07
0.00042440000000000002,2.0434605762147615e-06,5.8496878595982646e-07,1.6320432101770947e-06,5.1894508199765147e-07
0.00042450000000000002,2.0351951724219887e-06,5.8467694179774737e-07,1.6284741600299852e-06,5.187590892791242e-07
0.00042460000000000002,2.0269325436083382e-06,5.8436797959403444e-07,1.6250917377235327e-06,5.1857128075719113e-07
0.00042470000000000002,2.018668626386874e-06,5.8403844457106353e-07,1.6218886328801807e-06,5.183818497932815e-07
0.00042480000000000003,2.0103980389607261e-06,5.8368519342300305e-07,1.6188542656688899e-06,5.1819099749562685e-07
0.00042490000000000003,2.0021140729917414e-06,5.8330544388500833e-07,1.6159746373730853e-06,5.1799893114511294e-07
0.00042500000000000003,1.9938087124159835e-06,5.8289681990926167e-07,1.6132322398702459e-06,5.1780586372532186e-07
0.00042510000000000003,1.9854726816920126e-06,5.8245739151115585e-07,1.6106060291908353e-06,5.1761201448996958e-07
0.00042520000000000004,1.9770955250676655e-06,5.8198570839221599e-07,1.6080714671993764e-06,5.174176104306713e-07
0.00042529999999999998,1.9686657174485564e-06,5.8148082651538341e-07,1.6056006341740724e-06,5.1722288844460962e-07
0.00042539999999999999,1.960170806384553e-06,5.8094232690255218e-07,1.6031624136776027e-06,5.1702809794903906e-07
0.00042549999999999999,1.9515975835996725e-06,5.8037032604236416e-07,1.6007227496372854e-06,5.1683350365074667e-07
0.00042559999999999999,1.9429322834182437e-06,5.7976547743609159e-07,1.5982449740185061e-06,5.1663938815548211e-07
0.00042569999999999999,1.9341608044272681e-06,5.7912896396801066e-07,1.5956902019146122e-06,5.1644605409736509e-07
0.0004258,1.9252689498013151e-06,5.784624809604279e-07,1.5930177893250085e-06,5.1625382548124297e-07
0.0004259,1.9162426809378707e-06,5.7776820995830341e-07,1.5901858473874723e-06,5.16063047962533e-07
0.000426,1.9070683784387264e-06,5.770487834796273e-07,1.587151805408174e-06,5.1587408783734662e-07
0.0004261,1.8977331040514323e-06,5.763072411605012e-07,1.5838730137290413e-06,5.1568732957945554e-07
0.00042620000000000001,1.8882248569715158e-06,5.755469779132077e-07,1.5803073763221624e-06,5.1550317183618176e-07
0.00042630000000000001,1.8785328179106568e-06,5.7477168489643474e-07,1.5764140020361103e-06,5.1532202187981927e-07
0.00042640000000000001,1.8686475745598218e-06,5.7398528426442962e-07,1.5721538626679171e-06,5.151442886000918e-07
0.00042650000000000001,1.8585613225125601e-06,5.7319185881165204e-07,1.5674904455204092e-06,5.1497037421222595e-07
0.00042660000000000002,1.8482680363476211e-06,5.7239557775742868e-07,1.5623903878460854e-06,5.1480066493958824e-07
0.00042670000000000002,1.8377636063795653e-06,5.7160062001768677e-07,1.5568240805885159e-06,5.1463552100550361e-07
0.00042680000000000002,1.8270459375427193e-06,5.7081109638522266e-07,1.5507662291165461e-06,5.1447526633081768e-07
0.00042690000000000002,1.8161150079437361e-06,5.7003097208410493e-07,1.5441963592049691e-06,5.1432017837891206e-07
0.00042700000000000002,1.8049728857634622e-06,5.6926399117642439e-07,1.5370992573406388e-06,5.1417047861502209e-07
0.00042710000000000003,1.7936237043694456e-06,5.6851360428027499e-07,1.5294653355123303e-06,5.1402632404942242e-07
0.00042720000000000003,1.7820735966750588e-06,5.6778290100697416e-07,1.5212909119543839e-06,5.1388780031364007e-07
0.00042730000000000003,1.7703305909092386e-06,5.6707454844431329e-07,1.5125784008338035e-06,5.1375491667495947e-07
0.00042740000000000003,1.7584044710039033e-06,5.663907369030492e-07,1.5033364055654166e-06,5.1362760332842296e-07
0.00042749999999999998,1.746306605729381e-06,5.6573313400854821e-07,1.4935797122741969e-06,5.1350571121920567e-07
0.00042759999999999999,1.7340497514817915e-06,5.6510284806173658e-07,1.4833291818581252e-06,5.1338901454549927e-07
0.00042769999999999999,1.7216478342263425e-06,5.6450040141703395e-07,1.4726115410963129e-06,5.1327721597617419e-07
0.00042779999999999999,1.7091157165097799e-06,5.6392571443385463e-07,1.4614590752508566e-06,5.1316995449464117e-07
0.00042789999999999999,1.6964689556639941e-06,5.6337810035694122e-07,1.4499092265827634e-06,5.1306681565475415e-07
0.000428,1.6837235593287999e-06,5.628562712736949e-07,1.4380041050972733e-06,5.1296734391324744e-07
0.0004281,1.6708957442305609e-06,5.6235835508829771e-07,1.4257899196099697e-06,5.1287105659119462e-07
0.0004282,1.6580017037771459e-06,5.6188192324711936e-07,1.4133163388413907e-06,5.1277745892051926e-07
0.0004283,1.6450573894878648e-06,5.614240287517976e-07,1.4006357936692766e-06,5.1268605955548274e-07
0.0004284,1.6320783105944211e-06,5.6098125380926743e-07,1.3878027328612981e-06,5.1259638587818299e-07
0.00042850000000000001,1.619079355355053e-06,5.6054976629529366e-07,1.3748728455522069e-06,5.1250799840465407e-07
0.00042860000000000001,1.6060746367519023e-06,5.6012538405263252e-07,1.3619022643960504e-06,5.1242050360641725e-07
0.00042870000000000001,1.5930773643262079e-06,5.59703645909249e-07,1.3489467637039278e-06,5.1233356450290934e-07
0.00042880000000000001,1.580099742982852e-06,5.592798881878884e-07,1.3360609669627691e-06,5.1224690845171288e-07
0.00042890000000000002,1.5671528986999322e-06,5.5884932538712322e-07,1.3232975779205629e-06,5.1216033166534114e-07
0.00042900000000000002,1.554246830243124e-06,5.5840713364652835e-07,1.3107066489250419e-06,5.1207370011097575e-07
0.00042910000000000002,1.5413903852379776e-06,5.5794853556524051e-07,1.2983348994285402e-06,5.1198694659984089e-07
0.00042920000000000002,1.5285912583208357e-06,5.5746888492365391e-07,1.2862250965407364e-06,5.1190006403867938e-07
0.00042930000000000003,1.5158560085902264e-06,5.5696374986187574e-07,1.2744155082473251e-06,5.1181309499177052e-07
0.00042940000000000003,1.5031900932288512e-06,5.5642899309489841e-07,1.2629394384462014e-06,5.1172611787971157e-07
0.00042950000000000003,1.4905979139686539e-06,5.5586084779211801e-07,1.2518248513161947e-06,5.1163923031368765e-07
0.00042960000000000003,1.4780828730283509e-06,5.5525598781641621e-07,1.2410940907633008e-06,5.1155253022291797e-07
0.00042969999999999998,1.4656474352582246e-06,5.5461159110403774e-07,1.2307636988251087e-06,5.1146609557124731e-07
0.00042979999999999998,1.4532931934688314e-06,5.5392539506928519e-07,1.2208443349945462e-06,5.1137996356906748e-07
0.00042989999999999999,1.4410209342811082e-06,5.5319574303596573e-07,1.2113407964913074e-06,5.112941103631531e-07
0.00042999999999999999,1.4288307022930516e-06,5.5242162082885315e-07,1.2022521376011812e-06,5.1120843222469599e-07
0.00043009999999999999,1.4167218608871376e-06,5.5160268280153651e-07,1.1935718843605552e-06,5.1112272925132668e-07
0.00043019999999999999,1.404693148574869e-06,5.5073926673024606e-07,1.1852883391202643e-06,5.1103669255046773e-07
0.0004303,1.3927427303611077e-06,5.498323971649961e-07,1.177384967913377e-06,5.1094989577952188e-07
0.0004304,1.3808682441821047e-06,5.4888377699807138e-07,1.1698408621057961e-06,5.1086179178401067e-07
0.0004305,1.3690668429995486e-06,5.4789576718393339e-07,1.1626312645507546e-06,5.1077171490274859e-07
0.0004306,1.3573352335933344e-06,5.4687135472243796e-07,1.1557281494211932e-06,5.1067888930415779e-07
0.00043070000000000001,1.3456697134663567e-06,5.4581410919718468e-07,1.1491008440717041e-06,5.1058244348684889e-07
0.00043080000000000001,1.3340662075382505e-06,5.4472812834111967e-07,1.1427166806976712e-06,5.104814308297052e-07
0.00043090000000000001,1.3225203064495145e-06,5.4361797328033206e-07,1.1365416652176086e-06,5.1037485582025291e-07
0.00043100000000000001,1.3110273083163799e-06,5.4248859428229958e-07,1.130541150708037e-06,5.1026170533593762e-07
0.00043110000000000002,1.2995822656695221e-06,5.4134524800447883e-07,1.1246805028644048e-06,5.1014098411103491e-07
0.00043120000000000002,1.2881800390814411e-06,5.4019340740073038e-07,1.1189257453387248e-06,5.1001175330250506e-07
0.00043130000000000002,1.2768153586488613e-06,5.3903866559406943e-07,1.1132441734025103e-06,5.0987317088097563e-07
0.00043140000000000002,1.2654828940637295e-06,5.3788663516192388e-07,1.1076049251858633e-06,5.0972453242696233e-07
0.00043150000000000003,1.2541773334995464e-06,5.3674284440161259e-07,1.1019795007317608e-06,5.0956531081474311e-07
0.00043160000000000003,1.2428934709827338e-06,5.356126322461846e-07,1.0963422202552782e-06,5.0939519322292761e-07
0.00043170000000000003,1.2316263013377082e-06,5.3450104358113385e-07,1.0906706142875064e-06,5.0921411392541217e-07
0.00043180000000000003,1.2203711212170644e-06,5.3341272676788476e-07,1.0849457397858604e-06,5.0902228139116411e-07
0.00043190000000000004,1.2091236341825409e-06,5.3235183520761938e-07,1.079152417779801e-06,5.0882019835486266e-07
0.00043199999999999998,1.1978800573152036e-06,5.3132193477642094e-07,1.0732793896644281e-06,5.0860867371115849e-07
0.00043209999999999999,1.186637226429211e-06,5.3032591892773647e-07,1.0673193908265889e-06,5.0838882532670472e-07
0.00043219999999999999,1.1753926966642614e-06,5.2936593318910439e-07,1.0612691418593804e-06,5.0816207314996075e-07
0.00043229999999999999,1.1641448350548067e-06,5.2844331067585942e-07,1.0551292591649415e-06,5.0793012231950701e-07
0.00043239999999999999,1.1528929016319397e-06,5.2755852010472347e-07,1.0489040882346474e-06,5.076949363161547e-07
0.0004325,1.1416371157137784e-06,5.2671112761515693e-07,1.0426014643052658e-06,5.0745870056111974e-07
0.0004326,1.1303787042835539e-06,5.2589977349732453e-07,1.0362324063962773e-06,5.0722377721819108e-07
0.0004327,1.1191199297370385e-06,5.251221646846437e-07,1.0298107519155478e-06,5.0699265229998551e-07
0.0004328,1.107864094792225e-06,5.2437508359921487e-07,1.023352740058886e-06,5.067678764927304e-07
0.00043290000000000001,1.0966155229786665e-06,5.2365441364398028e-07,1.0168765531073283e-06,5.0655200138928597e-07
0.00043300000000000001,1.0853795138411697e-06,5.2295518132116848e-07,1.0104018254303392e-06,5.0634751304391909e-07
0.00043310000000000001,1.0741622727780484e-06,5.2227161462821946e-07,1.0039491305221879e-06,5.061567649255819e-07
0.00043320000000000001,1.0629708162601967e-06,5.2159721704650134e-07,9.9753945672527531e-07,5.0598191244074082e-07
0.00043330000000000002,1.0518128540139848e-06,5.2092485610188792e-07,9.9119368242237434e-07,5.0582485121709722e-07
0.00043340000000000002,1.0406966505675758e-06,5.202468651473295e-07,9.8493206140849565e-07,5.0568716128222248e-07
0.00043350000000000002,1.0296308693260824e-06,5.1955515670385614e-07,9.7877372888361508e-07,5.055700591365055e-07
0.00043360000000000002,1.0186244030266349e-06,5.1884134540606089e-07,9.7273623804422229e-07,5.0547435950995589e-07
0.00043370000000000003,1.0076861950031051e-06,5.1809687833892866e-07,9.6683513660280559e-07,5.0540044831273557e-07
0.00043380000000000003,9.9682505613848329e-07,5.1731317033247899e-07,9.6108359174043415e-07,5.0534826794749912e-07
0.00043390000000000003,9.8604948268173457e-07,5.1648174160606117e-07,9.5549207101241235e-07,5.0531731575858712e-07
0.00043400000000000003,9.753674802414353e-07,5.1559435503142296e-07,9.500680855980191e-07,5.0530665596005113e-07
0.00043410000000000003,9.6478639923235444e-07,5.1464315021802157e-07,9.4481600103047864e-07,5.0531494492676972e-07
0.00043419999999999998,9.5431278684112904e-07,5.1362077161934372e-07,9.3973691918617886e-07,5.0534046926465217e-07
0.00043429999999999999,9.4395226019709178e-07,5.1252048791774914e-07,9.3482863387499131e-07,5.0538119561373978e-07
0.00043439999999999999,9.3370940489400068e-07,5.1133630006851792e-07,9.3008566088347407e-07,5.0543483069772231e-07
0.00043449999999999999,9.2358770232334901e-07,5.1006303557068162e-07,9.2549934180557896e-07,5.0549888973072184e-07
0.00043459999999999999,9.1358948847076917e-07,5.0869642678050142e-07,9.2105801948101575e-07,5.0557077094171792e-07
0.0004347,9.0371594591881735e-07,5.0723317138905085e-07,9.1674728137666553e-07,5.0564783369233959e-07
0.0004348,8.9396712982076467e-07,5.0567097354258711e-07,9.1255026582164288e-07,5.0572747745542211e-07
0.0004349,8.8434202759211143e-07,5.0400856448597383e-07,9.0844802466921118e-07,5.0580721879960103e-07
0.000435,8.7483865104202829e-07,5.0224570204670213e-07,9.0441993473643646e-07,5.0588476349421153e-07
0.0004351,8.6545415866885719e-07,5.0038314874017325e-07,9.0044414929114571e-07,5.0595807091321634e-07
0.00043520000000000001,8.561850049044319e-07,4.9842262875498925e-07,8.9649807993857331e-07,5.0602540807592724e-07
0.00043530000000000001,8.4702711224166675e-07,4.963667645584924e-07,8.9255889852889681e-07,5.0608539091332435e-07
0.00043540000000000001,8.3797606144616767e-07,4.9421899433573309e-07,8.8860404817872366e-07,5.0613701068527952e-07
0.00043550000000000001,8.2902729445919311e-07,4.9198347192737083e-07,8.8461175218948088e-07,5.0617964388705427e-07
0.00043560000000000002,8.2017632416531763e-07,4.8966495135192913e-07,8.8056150956346719e-07,5.0621304446110664e-07
0.00043570000000000002,8.1141894493754729e-07,4.87268658374112e-07,8.7643456597002161e-07,5.0623731765841943e-07
0.00043580000000000002,8.0275143779377955e-07,4.848001519032372e-07,8.7221434940140791e-07,5.0625287545652945e-07
0.00043590000000000002,7.941707641038962e-07,4.8226517826519757e-07,8.678868603766014e-07,5.0626037402147458e-07
0.00043600000000000003,7.8567474207308361e-07,4.7966952158011065e-07,8.6344100739330975e-07,5.0626063428080397e-07
0.00043610000000000003,7.7726220068516119e-07,4.7701885359016919e-07,8.5886887938067749e-07,5.0625454723508288e-07
0.00043620000000000003,7.6893310640539239e-07,4.7431858631425148e-07,8.5416594814930676e-07,5.062429661594436e-07
0.00043630000000000003,7.6068865869626714e-07,4.715737308557998e-07,8.493311952492127e-07,5.0622658831690288e-07
0.00043639999999999998,7.5253135126879098e-07,4.6878876555871423e-07,8.4436715920319156e-07,5.0620582920639333e-07
0.00043649999999999998,7.4446499694925373e-07,4.659675164950956e-07,8.3927990075289698e-07,5.0618069268709785e-07
0.00043659999999999999,7.3649471505822997e-07,4.6311305298335001e-07,8.3407888550446799e-07,5.0615064054652123e-07
0.00043669999999999999,7.2862688124417344e-07,4.6022760048222e-07,8.2877678515324613e-07,5.0611446520356464e-07
0.00043679999999999999,7.2086904075738815e-07,4.5731247279440036e-07,8.2338920026681128e-07,5.0607016925587564e-07
0.00043689999999999999,7.1322978716090879e-07,4.5436802505288143e-07,8.1793430937230421e-07,5.0601485549029411e-07
0.000437,7.0571860942381583e-07,4.5139362846575414e-07,8.124324507902915e-07,5.0594463077822963e-07
0.0004371,6.9834571120301258e-07,4.4838766727372104e-07,8.0690564524483942e-07,5.058545269791e-07
0.0004372,6.911218068678087e-07,4.4534755784250543e-07,8.013770687219013e-07,5.0573844158222714e-07
0.0004373,6.8405789943786913e-07,4.4226978928359566e-07,7.9587048631151379e-07,5.055891003417882e-07
0.00043740000000000001,6.771650460735142e-07,4.3914998448512674e-07,7.9040965882360028e-07,5.0539804361405787e-07
0.00043750000000000001,6.7045411706694713e-07,4.3598297995355758e-07,7.8501773478470293e-07,5.0515563750607472e-07
0.00043760000000000001,6.6393555442752571e-07,4.3276292242870458e-07,7.7971664098297383e-07,5.048511103081378e-07
0.00043770000000000001,6.5761913613236417e-07,4.2948337985101838e-07,7.7452648501350985e-07,5.0447261402636324e-07
0.00043780000000000002,6.5151375192883181e-07,4.2613746394059609e-07,7.6946498327509156e-07,5.0400731017564499e-07
0.00043790000000000002,6.4562719623592365e-07,4.2271796140039441e-07,7.6454692757757305e-07,5.0344147835587425e-07
0.00043800000000000002,6.3996598320923743e-07,4.1921747058749014e-07,7.5978370293788652e-07,5.0276064553415332e-07
0.00043810000000000002,6.3453518842528156e-07,4.1562854040988715e-07,7.5518286827952796e-07,5.0194973340928177e-07
0.00043820000000000003,6.2933832092408917e-07,4.1194380820385999e-07,7.5074781061964268e-07,5.0099322075862486e-07
0.00043830000000000003,6.2437722854608245e-07,4.0815613342734853e-07,7.4647748194959214e-07,4.9987531727400849e-07
0.00043840000000000003,6.1965203863306951e-07,4.0425872416542074e-07,7.4236622641485341e-07,4.9858014509432861e-07
0.00043850000000000003,6.1516113525843716e-07,4.0024525367896137e-07,7.3840370360965798e-07,4.9709192404612423e-07
0.00043860000000000004,6.1090117323263852e-07,3.9610996453021641e-07,7.3457491185667236e-07,4.9539515651457109e-07
0.00043869999999999998,6.0686712822122451e-07,3.9184775817943548e-07,7.3086031328181156e-07,4.9347480788861729e-07
0.00043879999999999999,6.0305238143711723e-07,3.8745426835492482e-07,7.2723606036209837e-07,4.9131647865428119e-07
0.00043889999999999999,5.9944883654822698e-07,3.8292591694242358e-07,7.2367432146502995e-07,4.8890656444508212e-07
0.00043899999999999999,5.96047065695308e-07,3.782599516060843e-07,7.2014370075747755e-07,4.8623240069154618e-07
0.00043909999999999999,5.9283648086008048e-07,3.7345446482922698e-07,7.1660974578735094e-07,4.8328238893232541e-07
0.0004392,5.8980552627412218e-07,3.6850839453512853e-07,7.1303553407735987e-07,4.800461023462855e-07
0.0004393,5.86941887125735e-07,3.6342150690340513e-07,7.0938232826123332e-07,4.7651436862251526e-07
0.0004394,5.8423270951252716e-07,3.5819436242374321e-07,7.0561028767935389e-07,4.7267932888873669e-07
0.0004395,5.8166482640607751e-07,3.5282826661459247e-07,7.0167922297054984e-07,4.6853447205034938e-07
0.00043960000000000001,5.7922498434276448e-07,3.4732520717008697e-07,6.9754937908161561e-07,4.6407464453441247e-07
0.00043970000000000001,5.7690006562945396e-07,3.4168777957570482e-07,6.931822312938944e-07,4.5929603606793353e-07
0.00043980000000000001,5.7467730104912136e-07,3.3591910344567695e-07,6.8854127835731892e-07,4.5419614272957072e-07
0.00043990000000000001,5.7254446836176721e-07,3.3002273197863243e-07,6.8359281664196732e-07,4.4877370908202611e-07
0.00044000000000000002,5.7049007230993303e-07,3.2400255700026872e-07,6.7830667937209566e-07,4.4302865170319251e-07
0.00044010000000000002,5.6850350234342468e-07,3.1786271206298681e-07,6.7265692549912979e-07,4.3696196687411836e-07
0.00044020000000000002,5.665751648605281e-07,3.1160747600458184e-07,6.6662246359052327e-07,4.3057562553885228e-07
0.00044030000000000002,5.6469658740776164e-07,3.0524117923542062e-07,6.6018759724712118e-07,4.2387245891668401e-07
0.00044040000000000003,5.6286049297087688e-07,2.9876811483210448e-07,6.5334247999145629e-07,4.1685603831381635e-07
0.00044050000000000003,5.6106084320968137e-07,2.9219245627310088e-07,6.4608346926597238e-07,4.0953055274580164e-07
0.00044060000000000003,5.5929285022146353e-07,2.8551818336728477e-07,6.3841337110949246e-07,4.0190068794276389e-07
0.00044070000000000003,5.5755295714570342e-07,2.7874901760986702e-07,6.3034156920395647e-07,3.9397151016881102e-07
0.00044080000000000004,5.5583878863024125e-07,2.7188836786264963e-07,6.2188403425779546e-07,3.8574835804934014e-07
0.00044089999999999998,5.5414907285089366e-07,2.6493928690811582e-07,6.1306321207053346e-07,3.7723674527307967e-07
0.00044099999999999999,5.5248353739847638e-07,2.5790443908074602e-07,6.0390779105535841e-07,3.6844227662905832e-07
0.00044109999999999999,5.5084278190652998e-07,2.5078607884497646e-07,5.9445235243196302e-07,3.5937057936462106e-07
0.00044119999999999999,5.4922813077849363e-07,2.4358603987751851e-07,5.8473690868833745e-07,3.5002725132262998e-07
0.00044129999999999999,5.4764146977514402e-07,2.3630573393146787e-07,5.7480633819771401e-07,3.4041782674960905e-07
0.0004414,5.4608507053417836e-07,2.2894615851857613e-07,5.6470972601506701e-07,3.3054776007827016e-07
0.0004415,5.4456140730826602e-07,2.2150791225055912e-07,5.5449962282134588e-07,3.2042242739393842e-07
0.0004416,5.4307297032217378e-07,2.139912165350058e-07,5.4423123568980746e-07,3.1004714471262488e-07
0.0004417,5.4162208016227995e-07,2.0639594222914077e-07,5.3396156578026855e-07,2.99427201645161e-07
0.00044180000000000001,5.4021070752366321e-07,1.9872163981634908e-07,5.2374850919211285e-07,2.8856790851291448e-07
0.00044190000000000001,5.3884030245387489e-07,1.9096757168508358e-07,5.1364993799974667e-07,2.7747465453088108e-07
0.00044200000000000001,5.3751163695341891e-07,1.8313274515486362e-07,5.0372277893706903e-07,2.6615297429675389e-07
0.00044210000000000001,5.3622466442786667e-07,1.7521594500519097e-07,4.9402210727911185e-07,2.5460861953046576e-07
0.00044220000000000001,5.3497839904426822e-07,1.6721576441452503e-07,4.8460027318676009e-07,2.4284763280724037e-07
0.00044230000000000002,5.3377081753569529e-07,1.5913063340090841e-07,4.7550607713883999e-07,2.3087641992428121e-07
0.00044240000000000002,5.3259878543450909e-07,1.5095884406535014e-07,4.6678401008773693e-07,2.1870181754046556e-07
0.00044250000000000002,5.3145800911074866e-07,1.4269857216491695e-07,4.5847357266040966e-07,2.0633115283103447e-07
0.00044260000000000002,5.303430143614045e-07,1.3434789477553711e-07,4.5060868611341409e-07,1.937722921026867e-07
0.00044270000000000003,5.2924715165455243e-07,1.259048040356217e-07,4.4321720587292504e-07,1.8103367561408501e-07
0.00044280000000000003,5.2816262749508423e-07,1.1736721718186795e-07,4.3632054638811399e-07,1.6812433623504921e-07
0.00044290000000000003,5.2708056076185108e-07,1.0873298328971967e-07,4.2993342374440645e-07,1.5505390004398831e-07
0.00044300000000000003,5.2599106228492823e-07,9.9999887305480139e-08,4.2406372007042554e-07,1.4183256749554182e-07
0.00044309999999999998,5.2488333540118715e-07,9.1165652098676445e-08,4.1871247128186915e-07,1.2847107437401774e-07
0.00044319999999999999,5.2374579476016575e-07,8.2227939366960471e-08,4.138739771901371e-07,1.1498063236700147e-07
0.00044329999999999999,5.2256620026258326e-07,7.3184350288089062e-08,4.0953603051894029e-07,1.0137284973061633e-07
0.00044339999999999999,5.213318027112227e-07,6.4032426832434477e-08,4.0568025897107833e-07,8.7659633154315597e-08
0.00044349999999999999,5.2002949754654818e-07,5.4769654624764199e-08,4.0228257222384411e-07,7.3853072551778308e-08
0.00044359999999999999,5.1864598293320048e-07,4.5393468177069086e-08,3.9931370365272103e-07,5.9965311086013401e-08
0.0004437,5.1716791846152357e-07,3.5901259207955447e-08,3.9673983473554046e-07,4.6008403264933189e-08
0.0004438,5.1558208083085493e-07,2.6290388622962104e-08,3.9452328851219064e-07,3.1994164401397341e-08
0.0004439,5.1387551308573146e-07,1.6558202559820463e-08,3.9262327720237937e-07,1.7934015105406592e-08
0.000444,5.12035664276807e-07,6.7020527099307306e-09,3.9099668814296852e-07,3.83882475256526e-09
0.00044410000000000001,5.1005051680656474e-07,-3.2806790801975824e-09,3.8959889161591095e-07,-1.0281241956783139e-08
0.00044420000000000001,5.079086991845284e-07,-1.339255213791599e-08,3.883845539096094e-07,-2.4416871177147893e-08
0.00044430000000000001,5.0559958244382054e-07,-2.3636034646467392e-08,3.87308439093692e-07,-3.8559734726625007e-08
0.00044440000000000001,5.0311335904461965e-07,-3.4013468304739444e-08,3.8632618348405325e-07,-5.2702609594765562e-08
0.00044450000000000002,5.0044110369262713e-07,-4.4527030773080918e-08,3.8539502761851051e-07,-6.6839478514491327e-08
0.00044460000000000002,4.9757481611309798e-07,-5.5178696871410181e-08,3.8447449173186763e-07,-8.0965608368067466e-08
0.00044470000000000002,4.9450744642370875e-07,-6.5970199621380864e-08,3.8352698218344341e-07,-9.5077603702067879e-08
0.00044480000000000002,4.9123290432275257e-07,-7.6902992312113292e-08,3.8251831801488242e-07,-1.091734332202516e-07
0.00044490000000000003,4.8774605383367829e-07,-8.7978212814829254e-08,3.8141816875919649e-07,-1.2325242779006364e-07
0.00044500000000000003,4.8404269580476168e-07,-9.9196651372987017e-08,3.8020039673724497e-07,-1.3731524922146366e-07
0.00044510000000000003,4.8011954073744193e-07,-1.1055872305012088e-07,3.7884329931465418e-07,-1.5136382983659106e-07
0.00044520000000000003,4.7597417479464162e-07,-1.220644459280737e-07,3.7732974889732091e-07,-1.6540128362438463e-07
0.00044530000000000004,4.7160502201019994e-07,-1.3371342601580567e-07,3.7564723076307289e-07,-1.7943179054439178e-07
0.00044539999999999998,4.67011305774671e-07,-1.455048496571512e-07,3.7378778110606039e-07,-1.9346045628651755e-07
0.00044549999999999999,4.6219301260717826e-07,-1.5743748401987549e-07,3.7174782985603393e-07,-2.0749315048723556e-07
0.00044559999999999999,4.5715086103770222e-07,-1.6950968601452816e-07,3.6952795487640407e-07,-2.2153632702635866e-07
0.00044569999999999999,4.518862781231109e-07,-1.8171941973731486e-07,3.6713255599611142e-07,-2.3559683056442338e-07
0.00044579999999999999,4.464013857114744e-07,-1.9406428226475145e-07,3.6456945894917144e-07,-2.4968169391036576e-07
0.0004459,4.4069899806469938e-07,-2.0654153735798978e-07,3.6184946064670238e-07,-2.6379793112012143e-07
0.000446,4.3478263186487029e-07,-2.1914815637044187e-07,3.5898582826030632e-07,-2.7795233140693677e-07
0.0004461,4.2865652898370778e-07,-2.3188086540264179e-07,3.5599376533168947e-07,-2.9215125898690338e-07
0.0004462,4.2232569170874278e-07,-2.4473619752179895e-07,3.5288985852805129e-07,-3.0640046388443377e-07
0.00044630000000000001,4.1579592941770917e-07,-2.5771054866819827e-07,3.4969151873120908e-07,-3.2070490848329278e-07
0.00044640000000000001,4.0907391499912487e-07,-2.7080023571356165e-07,3.4641642988418372e-07,-3.3506861423310691e-07
0.00044650000000000001,4.0216724865743381e-07,-2.8400155502364639e-07,3.4308201843391088e-07,-3.4949453241861217e-07
0.00044660000000000001,3.9508452614046529e-07,-2.9731083981328242e-07,3.3970495532265987e-07,-3.6398444228081617e-07
0.00044670000000000002,3.8783540790918777e-07,-3.107245145698361e-07,3.3630070132085414e-07,-3.7853887906281396e-07
0.00044680000000000002,3.8043068535663853e-07,-3.2423914486215488e-07,3.3288310509408708e-07,-3.9315709375641021e-07
0.00044690000000000002,3.7288233989350774e-07,-3.3785148094618858e-07,3.2946406179692708e-07,-4.0783704547183627e-07
0.00044700000000000002,3.6520359056761384e-07,-3.5155849372375396e-07,3.2605323822962987e-07,-4.2257542646488286e-07
0.00044710000000000003,3.5740892588471923e-07,-3.6535740180375801e-07,3.2265786872903311e-07,-4.3736771895958058e-07
0.00044720000000000003,3.4951411565539202e-07,-3.7924568865051822e-07,3.1928262404156849e-07,-4.5220828202564409e-07
0.00044730000000000003,3.4153619900848283e-07,-3.9322110907511056e-07,3.1592955349494567e-07,-4.6709046593431363e-07
0.00044740000000000003,3.3349344518253857e-07,-4.0728168462525537e-07,3.1259809889643648e-07,-4.8200675064902759e-07
0.00044750000000000004,3.2540528432312422e-07,-4.2142568774846045e-07,3.0928517678768787e-07,-4.9694890443124259e-07
0.00044759999999999998,3.172922062624159e-07,-4.3565161493261551e-07,3.059853240242662e-07,-5.1190815797823122e-07
0.00044769999999999999,3.0917562611857485e-07,-4.4995814935820944e-07,3.0269090016361744e-07,-5.2687538907584128e-07
0.00044779999999999999,3.0107771650296231e-07,-4.6434411391692834e-07,2.993923388734619e-07,-5.4184131245979011e-07
0.00044789999999999999,2.9302120713616224e-07,-4.7880841575289593e-07,2.9607843954311169e-07,-5.5679666944339835e-07
0.00044799999999999999,2.8502915371903801e-07,-4.9334998375601423e-07,2.9273668951546483e-07,-5.7173241189361289e-07
0.0004481,2.7712467895063075e-07,-5.0796770067332765e-07,2.8935360687205079e-07,-5.8663987532115269e-07
0.0004482,2.6933068959751864e-07,-5.2266033169663704e-07,2.8591509350445184e-07,-6.0151093619059009e-07
0.0004483,2.6166957446619447e-07,-5.3742645152659038e-07,2.8240678829204425e-07,-6.1633814904296927e-07
0.0004484,2.5416288897901284e-07,-5.522643720004678e-07,2.7881441056897395e-07,-6.3111485964417278e-07
0.00044850000000000001,2.4683103277536933e-07,-5.6717207239974784e-07,2.7512408468666884e-07,-6.4583529110794475e-07
0.00044860000000000001,2.3969292732615049e-07,-5.8214713452286729e-07,2.7132263733844907e-07,-6.6049460077298159e-07
0.00044870000000000001,2.3276570093835073e-07,-5.9718668451870694e-07,2.6739786038054495e-07,-6.7508890651306066e-07
0.00044880000000000001,2.2606438872014867e-07,-6.1228734332926699e-07,2.6333873312436189e-07,-6.8961528210156284e-07
0.00044890000000000002,2.1960165506229814e-07,-6.2744518738950094e-07,2.5913559944884392e-07,-7.040717222080139e-07
0.00044900000000000002,2.1338754596307781e-07,-6.4265572098360155e-07,2.5478029654763308e-07,-7.1845707854494948e-07
0.00044910000000000002,2.0742927808132125e-07,-6.5791386136689886e-07,2.5026623363915123e-07,-7.3277096957993756e-07
0.00044920000000000002,2.0173107075179686e-07,-6.7321393743881931e-07,2.4558842048456542e-07,-7.4701366705112408e-07
0.00044930000000000002,1.962940263524455e-07,-6.8854970240394995e-07,2.407434470350978e-07,-7.6118596324982074e-07
0.00044940000000000003,1.9111606339291645e-07,-7.0391436049475665e-07,2.3572941692481072e-07,-7.7528902363683061e-07
0.00044950000000000003,1.8619190552334405e-07,-7.1930060746092263e-07,2.3054583879930862e-07,-7.893242298209506e-07
0.00044960000000000003,1.8151312837130561e-07,-7.3470068416681147e-07,2.2519348059082199e-07,-8.0329301823268173e-07
0.00044970000000000003,1.7706826473748881e-07,-7.5010644229019422e-07,2.1967419278681266e-07,-8.1719671996357848e-07
0.00044979999999999998,1.7284296725411083e-07,-7.6550942079173026e-07,2.1399070746982321e-07,-8.310364072057209e-07
0.00044989999999999999,1.6882022617401564e-07,-7.8090093153458303e-07,2.0814642041439073e-07,-8.4481275151711915e-07
0.00044999999999999999,1.6498063855305224e-07,-7.962721521849166e-07,2.0214516380314962e-07,-8.5852589876188702e-07
0.00045009999999999999,1.6130272375396205e-07,-8.1161422432352849e-07,1.9599097716643456e-07,-8.7217536504120083e-07
0.00045019999999999999,1.5776327897526493e-07,-8.2691835455190121e-07,1.896878839627075e-07,-8.8575995725551126e-07
0.00045029999999999999,1.5433776742956904e-07,-8.4217591628630311e-07,1.8323968081253154e-07,-8.9927772114360531e-07
0.0004504,1.5100073089459262e-07,-8.5737854990346561e-07,1.7664974579445699e-07,-9.1272591875160331e-07
0.0004505,1.4772621766446294e-07,-8.7251825893135229e-07,1.6992087143084464e-07,-9.2610103632442089e-07
0.0004506,1.4448821646037649e-07,-8.8758750006752711e-07,1.6305512706364495e-07,-9.3939882261230765e-07
0.0004507,1.4126108663394829e-07,-9.0257926495289418e-07,1.5605375427682184e-07,-9.5261435657826143e-07
0.00045080000000000001,1.3801997502216495e-07,-9.174871518258966e-07,1.4891709789867577e-07,-9.6574214250989722e-07
0.00045090000000000001,1.3474121009123299e-07,-9.3230542542600955e-07,1.4164457395031115e-07,-9.7877622961335446e-07
0.00045100000000000001,1.3140266453197955e-07,-9.4702906379872461e-07,1.3423467473354477e-07,-9.9171035232681732e-07
0.00045110000000000001,1.2798407822888435e-07,-9.6165379096938974e-07,1.2668501010884131e-07,-1.0045380868656064e-06
0.00045120000000000002,1.2446733449860062e-07,-9.7617609479165474e-07,1.1899238293633025e-07,-1.0172530189215318e-06
0.00045130000000000002,1.2083668365604385e-07,-9.9059322962879681e-07,1.1115289567247545e-07,-1.0298489170090099e-06
0.00045140000000000002,1.170789092854039e-07,-1.0049032038835227e-06,1.0316208425916893e-07,-1.0423199056916552e-06
0.00045150000000000002,1.1318343403383508e-07,-1.0191047527446548e-06,9.501507473466394e-08,-1.0546606328468984e-06
0.00045160000000000003,1.0914236326765782e-07,-1.03319729685835e-06,8.6706757454349018e-08,-1.0668664252362229e-06
0.00045170000000000003,1.0495046649288753e-07,-1.0471808879487124e-06,7.8231973446351916e-08,-1.0789334269423228e-06
0.00045180000000000003,1.0060509800089425e-07,-1.061056142700023e-06,6.9585707248198462e-08,-1.0908587157049094e-06
0.00045190000000000003,9.6106059713249324e-08,-1.0748241664635939e-06,6.0763280576358337e-08,-1.1026403928195027e-06
0.00045200000000000004,9.1455410625985723e-08,-1.0884864685607562e-06,5.1760541364034166e-08,-1.114277643040576e-06
0.00045209999999999998,8.6657228553862482e-08,-1.1020448711153426e-06,4.2574043052643632e-08,-1.1257707618273782e-06
0.00045219999999999999,8.1717331014786151e-08,-1.1155014134611373e-06,3.3201209521369112e-08,-1.1371211482613661e-06
0.00045229999999999999,7.6642963043066972e-08,-1.1288582542305764e-06,2.3640481666194751e-08,-1.1483312630164336e-06
0.00045239999999999999,7.1442460453050011e-08,-1.1421175732402051e-06,1.3891442368819699e-08,-1.1594045518458784e-06
0.00045249999999999999,6.6124897573539431e-08,-1.155281475247265e-06,3.9549173995765719e-09,-1.170345336128091e-06
0.0004526,6.0699728726815335e-08,-1.1683518975627852e-06,-6.1669493537914778e-09,-1.1811586730531625e-06
0.0004527,5.5176432729500961e-08,-1.1813305233733589e-06,-1.6470647077577798e-08,-1.1918501890021168e-06
0.0004528,4.9564169448823632e-08,-1.194218702451224e-06,-2.6951275544586012e-08,-1.2024258905377861e-06
0.0004529,4.3871456966700395e-08,-1.2070173807259784e-06,-3.7602548048131586e-08,-1.2128919581650714e-06
0.00045300000000000001,3.8105877202026623e-08,-1.2197270399576541e-06,-4.8416818129789612e-08,-1.2232545286029835e-06
0.00045310000000000001,3.2273816941139733e-08,-1.2323476484968074e-06,-5.9385127839854339e-08,-1.2335194717244746e-06
0.00045320000000000001,2.6380250155663267e-08,-1.2448786238499925e-06,-7.0497274750786698e-08,-1.243692168547224e-06
0.00045330000000000001,2.0428566278322239e-08,-1.25731880749565e-06,-8.1741894554553573e-08,-1.2537772966926483e-06
0.00045340000000000002,1.4420447796882313e-08,-1.2696664521232293e-06,-9.3106555824266834e-08,-1.2637786295693596e-06
0.00045350000000000002,8.3557991525316228e-09,-1.2819192212040053e-06,-1.0457786341367421e-07,-1.2736988551853352e-06
0.00045360000000000002,2.2327275314611707e-09,-1.2940742005517946e-06,-1.1614156700357494e-07,-1.2835394199612488e-06
0.00045370000000000002,-3.9524252431793155e-09,-1.3061279213011889e-06,-1.277826714761719e-07,-1.2933004022210628e-06
0.00045380000000000003,-1.0205001838787305e-08,-1.3180763935246799e-06,-1.3948554609553894e-07,-1.3029804191975419e-06
0.00045390000000000003,-1.6531902916242111e-08,-1.3299151495320406e-06,-1.5123402987913043e-07,-1.312576570434521e-06
0.00045400000000000003,-2.2941419476471678e-08,-1.3416392957482419e-06,-1.6301153104214147e-07,-1.3220844194250207e-06
0.00045410000000000003,-2.9443029478432528e-08,-1.3532435719518761e-06,-1.7480111896090251e-07,-1.3314980142265655e-06
0.00045420000000000004,-3.6047164939473853e-08,-1.3647224165752102e-06,-1.8658560770875361e-07,-1.3408099466761854e-06
0.00045429999999999998,-4.2764956317795445e-08,-1.3760700367193285e-06,-1.9834763084145733e-07,-1.3500114487225426e-06
0.00045439999999999999,-4.9607961359045594e-08,-1.3872804815221211e-06,-2.1006970772321163e-07,-1.3590925233354927e-06
0.00045449999999999999,-5.6587885759454158e-08,-1.3983477175310575e-06,-2.2173430226226401e-07,-1.3680421064763259e-06
0.00045459999999999999,-6.3716302957096273e-08,-1.409265704773921e-06,-2.3332387544367758e-07,-1.3768482557457724e-06
0.00045469999999999999,-7.1004380118049454e-08,-1.4200284722855713e-06,-2.4482093348302217e-07,-1.3854983605968356e-06
0.0004548,-7.8462616948406184e-08,-1.4306301919334522e-06,-2.5620807376131489e-07,-1.3939793684288664e-06
0.0004549,-8.6100603354833219e-08,-1.4410652494848324e-06,-2.6746803092319524e-07,-1.4022780204837807e-06
0.000455,-9.3926801218889788e-08,-1.4513283119703564e-06,-2.7858372561729327e-07,-1.4103810912568106e-06
0.0004551,-1.0194835467084559e-07,-1.4614143905171248e-06,-2.8953831832477554e-07,-1.4182756251182287e-06
0.00045520000000000001,-1.1017093227752789e-07,-1.4713188979461865e-06,-3.0031527055914283e-07,-1.4259491640171603e-06
0.00045530000000000001,-1.1859860352806463e-07,-1.4810377005501912e-06,-3.1089841543219198e-07,-1.4333899604982526e-06
0.00045540000000000001,-1.2723375094455419e-07,-1.4905671635838183e-06,-3.212720391776181e-07,-1.4405871707930277e-06
0.00045550000000000001,-1.360770180948941e-07,-1.4999041901096135e-06,-3.3142097471932544e-07,-1.4475310234323664e-06
0.00045560000000000002,-1.4512729277433576e-07,-1.509046252942982e-06,-3.4133070778451765e-07,-1.4542129596417802e-06
0.00045570000000000002,-1.5438172368079899e-07,-1.5179914195307816e-06,-3.5098749541383485e-07,-1.460625742699922e-06
0.00045580000000000002,-1.6383576806356695e-07,-1.526738369677492e-06,-3.6037849603653883e-07,-1.4667635344333399e-06
0.00045590000000000002,-1.7348326709887742e-07,-1.5352864061011912e-06,-3.6949190958436782e-07,-1.4726219380539133e-06
0.00045600000000000003,-1.8331654515784797e-07,-1.5436354578590738e-06,-3.7831712543975459e-07,-1.4781980075872498e-06
0.00045610000000000003,-1.9332652869586891e-07,-1.5517860767301447e-06,-3.8684487537996251e-07,-1.4834902251565457e-06
0.00045620000000000003,-2.0350288021649869e-07,-1.5597394266825685e-06,-3.9506738811350152e-07,-1.4884984483448044e-06
0.00045630000000000003,-2.1383414264995249e-07,-1.567497266586977e-06,-4.0297854153305602e-07,-1.4932238307292949e-06
0.00045640000000000003,-2.2430788953398018e-07,-1.575061926367032e-06,-4.1057400845057694e-07,-1.4976687194376583e-06
0.00045649999999999998,-2.349108765854974e-07,-1.5824362768071139e-06,-4.1785139135249865e-07,-1.5018365341926379e-06
0.00045659999999999999,-2.4562919059208639e-07,-1.5896236932664866e-06,-4.2481034162880081e-07,-1.5057316327737267e-06
0.00045669999999999999,-2.5644839201633841e-07,-1.5966280135819129e-06,-4.3145265879713913e-07,-1.5093591681143679e-06
0.00045679999999999999,-2.6735364827216722e-07,-1.6034534904783964e-06,-4.3778236546543491e-07,-1.5127249423676701e-06
0.00045689999999999999,-2.7832985527690389e-07,-1.6101047388520424e-06,-4.4380575415044131e-07,-1.5158352632070048e-06
0.000457,-2.8936174558031484e-07,-1.6165866783410361e-06,-4.4953140258891213e-07,-1.5186968073871929e-06
0.0004571,-3.0043398209458599e-07,-1.6229044716608936e-06,-4.5497015482880668e-07,-1.5213164961851195e-06
0.0004572,-3.1153123717047107e-07,-1.6290634592482898e-06,-4.6013506615373572e-07,-1.5237013867817808e-06
0.0004573,-3.2263825745757261e-07,-1.6350690908330973e-06,-4.6504131075279812e-07,-1.525858582960453e-06
0.0004574,-3.3373991562607041e-07,-1.640926854639274e-06,-4.6970605197525363e-07,-1.5277951677016143e-06
0.00045750000000000001,-3.4482125059053016e-07,-1.6466422049997945e-06,-4.7414827597781593e-07,-1.5295181593829665e-06
0.00045760000000000001,-3.5586749834428279e-07,-1.6522204892562174e-06,-4.7838859055201757e-07,-1.5310344923707184e-06
0.00045770000000000001,-3.6686411586965417e-07,-1.6576668748964687e-06,-4.8244899188039903e-07,-1.5323510218485331e-06
0.00045780000000000001,-3.7779680082372921e-07,-1.6629862779614443e-06,-4.8635260288278962e-07,-1.5334745518043337e-06
0.00045790000000000002,-3.8865150980470094e-07,-1.6681832938181627e-06,-4.9012338764919019e-07,-1.5344118842133737e-06
0.00045800000000000002,-3.9941447797833628e-07,-1.6732621314504541e-06,-4.9378584718686939e-07,-1.5351698866482387e-06
0.00045810000000000002,-4.1007224269069671e-07,-1.6782265524536527e-06,-4.9736470231205854e-07,-1.5357555748390132e-06
0.00045820000000000002,-4.2061167341965039e-07,-1.6830798159336259e-06,-5.0088456997181665e-07,-1.5361762061231591e-06
0.00045830000000000003,-4.3102001003594928e-07,-1.6878246304994845e-06,-5.0436963957255729e-07,-1.5364393792839346e-06
0.00045840000000000003,-4.4128491087063734e-07,-1.6924631145005074e-06,-5.078433560083946e-07,-1.5365531359921004e-06
0.00045850000000000003,-4.5139451153853484e-07,-1.696996765589165e-06,-5.1132811601898138e-07,-1.5365260589479229e-06
0.00045860000000000003,-4.613374948692991e-07,-1.7014264405921846e-06,-5.1484498426290902e-07,-1.5363673618718386e-06
0.00045870000000000004,-4.7110317167167044e-07,-1.7057523465400489e-06,-5.184134350745495e-07,-1.5360869667115644e-06
0.00045879999999999998,-4.8068157142748257e-07,-1.7099740435426901e-06,-5.2205112529009184e-07,-1.5356955638120959e-06
0.00045889999999999999,-4.9006354140438249e-07,-1.7140904600071055e-06,-5.2577370279827668e-07,-1.5352046513216476e-06
0.00045899999999999999,-4.9924085211365952e-07,-1.7180999204738705e-06,-5.2959465461329321e-07,-1.5346265507624311e-06
0.00045909999999999999,-5.0820630654413922e-07,-1.7220001861078231e-06,-5.335251973053255e-07,-1.5339743964597461e-06
0.00045919999999999999,-5.169538501942674e-07,-1.7257885076182686e-06,-5.3757421158593948e-07,-1.5332620973700751e-06
0.0004593,-5.2547867861864781e-07,-1.7294616901115367e-06,-5.4174822176007363e-07,-1.5325042707522662e-06
0.0004594,-5.3377733901499972e-07,-1.7330161690999883e-06,-5.4605141965498009e-07,-1.5317161480548405e-06
0.0004595,-5.4184782231116442e-07,-1.7364480966136116e-06,-5.5048573155016704e-07,-1.5309134543182509e-06
0.0004596,-5.4968964227330706e-07,-1.7397534360905626e-06,-5.5505092559199033e-07,-1.5301122632826164e-06
0.00045970000000000001,-5.5730389834513596e-07,-1.7429280644689759e-06,-5.5974475621155373e-07,-1.5293288312210087e-06
0.00045980000000000001,-5.6469331923844409e-07,-1.7459678796717074e-06,-5.6456314120149292e-07,-1.5285794132591169e-06
0.00045990000000000001,-5.7186228471790676e-07,-1.7488689114756582e-06,-5.6950036637009714e-07,-1.5278800665706358e-06
0.00046000000000000001,-5.7881682354405785e-07,-1.7516274335948318e-06,-5.7454931209975932e-07,-1.5272464453331603e-06
0.00046010000000000002,-5.8556458614047821e-07,-1.7542400746874021e-06,-5.7970169570672082e-07,-1.5266935926779446e-06
0.00046020000000000002,-5.9211479121424363e-07,-1.7567039259270123e-06,-5.8494832324024688e-07,-1.5262357350549761e-06
0.00046030000000000002,-5.9847814626024928e-07,-1.7590166427613365e-06,-5.902793442784297e-07,-1.5258860844596062e-06
0.00046040000000000002,-6.0466674259642625e-07,-1.7611765385194199e-06,-5.9568450337357359e-07,-1.5256566538247008e-06
0.00046050000000000003,-6.1069392628383113e-07,-1.7631826676248058e-06,-6.0115338206866774e-07,-1.5255580905801706e-06
0.00046060000000000003,-6.1657414695927357e-07,-1.7650348963238099e-06,-6.0667562583710693e-07,-1.5255995329270725e-06
0.00046070000000000003,-6.2232278722587343e-07,-1.7667339590458025e-06,-6.1224115087617376e-07,-1.5257884927820359e-06
0.00046080000000000003,-6.2795597578810754e-07,-1.7682814987717377e-06,-6.1784032639200515e-07,-1.5261307686367491e-06
0.00046090000000000004,-6.3349038796468023e-07,-1.7696800900935886e-06,-6.234641288275831e-07,-1.52663039076902e-06
0.00046099999999999998,-6.3894303755048447e-07,-1.7709332439946192e-06,-6.2910426538042383e-07,-1.5272896003613258e-06
0.00046109999999999999,-6.4433106421751281e-07,-1.7720453937609953e-06,-6.3475326510611134e-07,-1.5281088631561669e-06
0.00046119999999999999,-6.4967152073758139e-07,-1.7730218618404367e-06,-6.4040453687919339e-07,-1.5290869173329868e-06
0.00046129999999999999,-6.5498116427536442e-07,-1.7738688078839525e-06,-6.4605239445578519e-07,-1.5302208543577929e-06
0.00046139999999999999,-6.6027625584127323e-07,-1.7745931586318951e-06,-6.516920498240774e-07,-1.5315062306605277e-06
0.0004615,-6.6557237171723401e-07,-1.7752025207250727e-06,-6.5731957691351541e-07,-1.5329372071642417e-06
0.0004616,-6.7088423028563685e-07,-1.7757050779247712e-06,-6.6293184853583384e-07,-1.5345067129471837e-06
0.0004617,-6.7622553721745366e-07,-1.7761094746017465e-06,-6.6852645012988388e-07,-1.5362066286866302e-06
0.0004618,-6.8160885142761091e-07,-1.7764246876935926e-06,-6.7410157445881543e-07,-1.5380279850275048e-06
0.00046190000000000001,-6.870454736043463e-07,-1.776659889623149e-06,-6.7965590184851668e-07,-1.5399611706553316e-06
0.00046200000000000001,-6.9254535848624428e-07,-1.7768243049096445e-06,-6.8518847085006767e-07,-1.5419961446395315e-06
0.00046210000000000001,-6.9811705141838393e-07,-1.7769270633822458e-06,-6.906985443505103e-07,-1.5441226475549278e-06
0.00046220000000000001,-7.037676490898756e-07,-1.7769770530172557e-06,-6.9618547614530611e-07,-1.5463304059865717e-06
0.00046230000000000002,-7.0950278376032619e-07,-1.7769827754617545e-06,-7.0164858282457919e-07,-1.5486093252712919e-06
0.00046240000000000002,-7.1532662974194706e-07,-1.7769522072761258e-06,-7.0708702552284021e-07,-1.5509496657187201e-06
0.00046250000000000002,-7.2124193043407032e-07,-1.7768926698257742e-06,-7.1249970564921735e-07,-1.5533421980739127e-06
0.00046260000000000002,-7.2725004382152736e-07,-1.7768107105802436e-06,-7.1788517816815823e-07,-1.5557783346141162e-06
0.00046270000000000003,-7.3335100405776508e-07,-1.7767119983398093e-06,-7.2324158535726324e-07,-1.5582502329962836e-06
0.00046280000000000003,-7.3954359656378061e-07,-1.7766012346109122e-06,-7.2856661325057946e-07,-1.5607508707662072e-06
0.00046290000000000003,-7.458254439867812e-07,-1.7764820829997829e-06,-7.3385747220453175e-07,-1.5632740892812876e-06
0.00046300000000000003,-7.5219310037553252e-07,-1.7763571180968992e-06,-7.3911090222373941e-07,-1.5658146066629307e-06
0.00046310000000000004,-7.5864215103616253e-07,-1.7762277948933545e-06,-7.4432320287921237e-07,-1.5683680002554868e-06
0.00046319999999999998,-7.6516731572253437e-07,-1.7760944393146199e-06,-7.4949028686534294e-07,-1.570930659903377e-06
0.00046329999999999999,-7.7176255307570809e-07,-1.7759562599889502e-06,-7.5460775549769815e-07,-1.573499714142194e-06
0.00046339999999999999,-7.7842116454135257e-07,-1.7758113808985891e-06,-7.5967099377131617e-07,-1.5760729321136008e-06
0.00046349999999999999,-7.85135896344222e-07,-1.7756568941037644e-06,-7.64675281998286e-07,-1.5786486046375565e-06
0.00046359999999999999,-7.9189903846584027e-07,-1.775488931293611e-06,-7.6961592053926411e-07,-1.581225408393672e-06
0.0004637,-7.9870251993596591e-07,-1.7753027525154769e-06,-7.7448836374929677e-07,-1.5838022575647264e-06
0.0004638,-8.0553800009151942e-07,-1.7750928500743977e-06,-7.7928835898325322e-07,-1.5863781475690355e-06
0.0004639,-8.1239695576118871e-07,-1.7748530652865132e-06,-7.8401208635599126e-07,-1.5889519956513865e-06
0.000464,-8.1927076458490639e-07,-1.7745767155210765e-06,-7.8865629492901846e-07,-1.5915224831121568e-06
0.00046410000000000001,-8.261507848628154e-07,-1.7742567287810542e-06,-7.9321843109752465e-07,-1.5940879038343628e-06
0.00046420000000000001,-8.3302843243972044e-07,-1.7738857829559139e-06,-7.9769675517377938e-07,-1.5966460235245678e-06
0.00046430000000000001,-8.3989525516385486e-07,-1.7734564468340251e-06,-8.0209044249689628e-07,-1.5991939537254893e-06
0.00046440000000000001,-8.4674300541270983e-07,-1.7729613199861221e-06,-8.0639966583307879e-07,-1.6017280441982222e-06
0.00046450000000000001,-8.5356371105762761e-07,-1.7723931687237191e-06,-8.1062565635123906e-07,-1.6042437967247342e-06
0.00046460000000000002,-8.6034974505085954e-07,-1.7717450554934975e-06,-8.1477074104990376e-07,-1.606735802764489e-06
0.00046470000000000002,-8.6709389357566339e-07,-1.7710104592851867e-06,-8.1883835515492858e-07,-1.6091977067294562e-06
0.00046480000000000002,-8.7378942241689009e-07,-1.7701833848994826e-06,-8.2283302868563923e-07,-1.6116221959404972e-06
0.00046490000000000002,-8.8043014090411718e-07,-1.7692584592359157e-06,-8.2676034707964737e-07,-1.6140010176127738e-06
0.00046500000000000003,-8.8701046247131294e-07,-1.7682310131091466e-06,-8.3062688645532145e-07,-1.6163250225089597e-06
0.00046510000000000003,-8.9352546058676823e-07,-1.7670971474759426e-06,-8.3444012475685091e-07,-1.6185842342143714e-06
0.00046520000000000003,-8.9997091855507226e-07,-1.7658537833437095e-06,-8.3820833065287755e-07,-1.6207679423450939e-06
0.00046530000000000003,-9.0634337149867752e-07,-1.7644986950243228e-06,-8.4194043262945704e-07,-1.6228648174142179e-06
0.00046540000000000004,-9.1264013870752278e-07,-1.7630305267837567e-06,-8.4564587121827294e-07,-1.6248630445658306e-06
0.00046549999999999998,-9.1885934451574281e-07,-1.7614487933086402e-06,-8.4933443771919635e-07,-1.626750472952375e-06
0.00046559999999999999,-9.2499992593544601e-07,-1.7597538647562215e-06,-8.5301610310369525e-07,-1.628514777187512e-06
0.00046569999999999999,-9.3106162545519698e-07,-1.7579469374659823e-06,-8.5670084101540739e-07,-1.6301436270586048e-06
0.00046579999999999999,-9.3704496769659857e-07,-1.7560299916823179e-06,-8.6039844891238496e-07,-1.6316248615349873e-06
0.00046589999999999999,-9.4295121901237048e-07,-1.7540057378625961e-06,-8.6411837142159726e-07,-1.6329466630591987e-06
0.000466,-9.4878232959444262e-07,-1.7518775533193557e-06,-8.6786952990094902e-07,-1.6340977281580885e-06
0.0004661,-9.5454085822646878e-07,-1.7496494110668251e-06,-8.7166016203220659e-07,-1.6350674305532373e-06
0.0004662,-9.602298804427779e-07,-1.7473258028093946e-06,-8.7549767500597842e-07,-1.6358459731800204e-06
0.0004663,-9.658528815218354e-07,-1.7449116580237179e-06,-8.7938851551573353e-07,-1.63642452583304e-06
0.00046640000000000001,-9.7141363642018895e-07,-1.7424122610490313e-06,-8.8333805936244145e-07,-1.6367953455325598e-06
0.00046650000000000001,-9.7691607941373865e-07,-1.7398331680154858e-06,-8.8735052299622801e-07,-1.6369518771413166e-06
0.00046660000000000001,-9.823641668267871e-07,-1.7371801253127647e-06,-8.9142889879969721e-07,-1.6368888322408939e-06
0.00046670000000000001,-9.8776173676569173e-07,-1.7344589911367862e-06,-8.955749153624904e-07,-1.6366022447899872e-06
0.00046680000000000002,-9.9311237020428132e-07,-1.7316756614576934e-06,-8.9978902342275006e-07,-1.636089502619919e-06
0.00046690000000000002,-9.984192580664451e-07,-1.7288360015349078e-06,-9.0407040757160469e-07,-1.6353493543636987e-06
0.00046700000000000002,-1.003685079095305e-06,-1.7259457838725164e-06,-9.0841702324609534e-07,-1.6343818919507871e-06
0.00046710000000000002,-1.0089118932709655e-06,-1.7230106332684317e-06,-9.1282565798603939e-07,-1.6331885093201393e-06
0.00046720000000000003,-1.0141010553289358e-06,-1.7200359793713014e-06,-9.1729201541382274e-07,-1.6317718384971373e-06
0.00046730000000000003,-1.019253152534585e-06,-1.7170270169272662e-06,-9.2181081992342312e-07,-1.6301356646373828e-06
0.00046740000000000003,-1.0243679702884695e-06,-1.7139886736810267e-06,-9.2637593964540681e-07,-1.6282848220528067e-06
0.00046750000000000003,-1.0294444883836113e-06,-1.7109255856981035e-06,-9.3098052489588847e-07,-1.6262250735967519e-06
0.00046760000000000004,-1.0344809098269751e-06,-1.7078420797025501e-06,-9.3561715902589102e-07,-1.6239629760885975e-06
0.00046769999999999998,-1.0394747230987516e-06,-1.7047421618804487e-06,-9.4027801836710652e-07,-1.6215057347013722e-06
0.00046779999999999999,-1.0444227975864245e-06,-1.7016295124869487e-06,-9.4495503782375776e-07,-1.6188610494142388e-06
0.00046789999999999999,-1.0493215107333583e-06,-1.6985074855147543e-06,-9.4964007858887011e-07,-1.6160369567447292e-06
0.00046799999999999999,-1.0541669042254933e-06,-1.6953791126350881e-06,-9.5432509446625891e-07,-1.6130416700229601e-06
0.00046809999999999999,-1.0589548653493329e-06,-1.692247110607253e-06,-9.590022933544835e-07,-1.6098834214520872e-06
0.0004682,-1.0636813285356034e-06,-1.6891138913680048e-06,-9.636642905929339e-07,-1.6065703091190651e-06
0.0004683,-1.0683424911013122e-06,-1.6859815740540182e-06,-9.6830425107758141e-07,-1.6031101519796987e-06
0.0004684,-1.0729350363615875e-06,-1.6828519982760033e-06,-9.7291601731974224e-07,-1.5995103556458578e-06
0.0004685,-1.0774563566409155e-06,-1.6797267380470902e-06,-9.7749422093805168e-07,-1.5957777915562404e-06
0.00046860000000000001,-1.081904768304723e-06,-1.6766071158660468e-06,-9.8203437543501786e-07,-1.5919186918192442e-06
0.00046870000000000001,-1.0862797107830211e-06,-1.6734942165626342e-06,-9.8653294850647624e-07,-1.5879385616843796e-06
0.00046880000000000001,-1.090581921685747e-06,-1.6703889006227169e-06,-9.9098741255723057e-07,-1.5838421112330492e-06
0.00046890000000000001,-1.0948135805228023e-06,-1.6672918168196571e-06,-9.9539627254086215e-07,-1.5796332074872667e-06
0.00046900000000000002,-1.098978414238486e-06,-1.6642034140812616e-06,-9.9975907069649753e-07,-1.5753148477232322e-06
0.00046910000000000002,-1.1030817587374288e-06,-1.6611239526139898e-06,-1.0040763682139517e-06,-1.5708891543523777e-06
0.00046920000000000002,-1.1071305717941046e-06,-1.6580535143846254e-06,-1.0083497043107385e-06,-1.5663573913035333e-06
0.00046930000000000002,-1.111133394167256e-06,-1.6549920131214315e-06,-1.012581533643786e-06,-1.561720001413163e-06
0.00046940000000000003,-1.1151002573417813e-06,-1.6519392040399036e-06,-1.0167751433970085e-06,-1.5569766639133099e-06
0.00046950000000000003,-1.1190425380433841e-06,-1.6488946935215706e-06,-1.0209345517768968e-06,-1.5521263707074121e-06
0.00046960000000000003,-1.12297276145897e-06,-1.6458579489776415e-06,-1.0250643900048272e-06,-1.5471675197475216e-06
0.00046970000000000003,-1.1269043568872574e-06,-1.6428283091133902e-06,-1.0291697702118286e-06,-1.5420980234817122e-06
0.00046980000000000004,-1.1308513712759548e-06,-1.6398049947754776e-06,-1.0332561419138062e-06,-1.5369154300321321e-06
0.00046989999999999998,-1.1348281477106611e-06,-1.6367871205152345e-06,-1.0373291399676021e-06,-1.5316170544991604e-06
0.00046999999999999999,-1.1388489773452963e-06,-1.6337737069391277e-06,-1.0413944270781956e-06,-1.5262001175704115e-06
